所管局,所管課,ID番号（id),公共施設の名称(name),よみがな（kana）,緯度(lat),経度(lng),カテゴリ(cate_id),行政区コード(dist_id),施設のご案内（利用目的・実施内容等）(note),郵便番号(zip),所在地(address),施設写真（外観等）１(pic),運営主体(subject),電話番号(tel),ＦＡＸ番号(fax),ＨＰリンク(url),主な設備(aim),開館時間（利用時間）(optime),休館日(holiday),利用料(fee),アクセス(access),利用方法（申込方法）(howto),利用上の注意(warning),愛称(nickname）,,,,,,,,,,,,,,,,,,,,,,,,,,,,
行財政局,庁舎管理課,1000000001,京都市役所,きょうとしやくしょ,35.011642,135.768024,101,4,,604-8571,京都市中京区寺町通御池上る上本能寺前町488,,,075-222-3111（代表）,,http://www.city.kyoto.lg.jp/,,,,,,,,,,,,,,,,,,,,,,,,,,,,,,,,,,,,
北区役所,地域力推進室,1000000002,北区役所,きたくやくしょ,35.04097,135.75398,101,1,,603-8511,京都市北区紫野東御所田町33-1 北区総合庁舎内,,,050-1726-1065（代表）,,http://www.city.kyoto.lg.jp/kita/index.html,,,,,,,,,,,,,,,,,,,,,,,,,,,,,,,,,,,,
北区役所,地域力推進室,1000000003,北保健福祉センター（健康長寿推進課、生活福祉課、医療衛生コーナー）,きたほけんふくしせんたー（けんこうちょうじゅすいしんか、せいかつふくしか、いりょうえいせいこーなー）,35.04105,135.75444,101,1,,603-8511,京都市北区紫野東御所田町33-1 北区総合庁舎内,,,050-1726-1065（代表）,,http://www.city.kyoto.lg.jp/kita/index.html,,,,,,,,,,,,,,,,,,,,,,,,,,,,,,,,,,,,
北区役所,地域力推進室,1000000004,北保健福祉センター（子どもはぐくみ室、障害保健福祉課）,きたほけんせんたー（こどもはぐくみしつ、しょうがいほけんふくしか）,35.04096,135.75356,101,1,,603-8165,京都市北区紫野西御所田町56 北区総合庁舎西庁舎内　　　　　　　　　　　　　　,,,050-1726-1065（代表）,,http://www.city.kyoto.lg.jp/kita/index.html,,,,,,,,,,,,,,,,,,,,,,,,,,,,,,,,,,,,
北区役所,地域力推進室,1000000005,小野郷出張所,おのごうしゅっちょうしょ,35.113513,135.674098,101,1,,601-0131,京都市北区小野下ノ町100,,,075-406-2004,,http://www.city.kyoto.lg.jp/kita/index.html,,,,,,,,,,,,,,,,,,,,,,,,,,,,,,,,,,,,
北区役所,地域力推進室,1000000006,中川出張所,なかがわしゅっちょうしょ,35.08933,135.68786,101,1,,601-0122,京都市北区中川北山町46-2,,,075-406-2340,,http://www.city.kyoto.lg.jp/kita/index.html,,,,,,,,,,,,,,,,,,,,,,,,,,,,,,,,,,,,
北区役所,地域力推進室,1000000007,雲ケ畑出張所,くもがはたしゅっちょうしょ,35.113006,135.721927,101,1,,603-8863,京都市北区雲ケ畑中畑町176,,,075-406-2001,,http://www.city.kyoto.lg.jp/kita/index.html,,,,,,,,,,,,,,,,,,,,,,,,,,,,,,,,,,,,
上京区役所,地域力推進室,1000000008,上京区役所,かみぎょうくやくしょ,35.02946046,135.7566297,101,2,,602-8511,京都市上京区今出川通室町西入堀出シ町285番地　上京区総合庁舎内,,,050-1725-6605（代表）,,http://www.city.kyoto.lg.jp/kamigyo/index.html,,,,,,,,,,,,,,,,,,,,,,,,,,,,,,,,,,,,
上京区役所,地域力推進室,1000000009,上京保健福祉センター,かみぎょうほけんふくしせんたー,35.02946046,135.7566297,101,2,,602-8511,京都市上京区今出川通室町西入堀出シ町285番地　上京区総合庁舎内,,,050-1725-6605（代表）,,,,,,,,,,,,,,,,,,,,,,,,,,,,,,,,,,,,,,
左京区役所,地域力推進室,1000000011,左京区役所,さきょうくやくしょ,35.0485688,135.7785475,101,3,-,606-8511,京都市左京区松ケ崎堂ノ上町7番地の2　左京区総合庁舎内,,,050-1722-5561（代表）,,http://www.city.kyoto.lg.jp/sakyo/index.html,,,,,,,,,,,,,,,,,,,,,,,,,,,,,,,,,,,,
左京区役所,地域力推進室,1000000012,左京保健福祉センター,さきょうほけんふくしせんたー,35.0485688,135.7785475,101,3,-,606-8511,京都市左京区松ケ崎堂ノ上町7番地の2　左京区総合庁舎内,,,050-1722-5561（代表）,,http://www.city.kyoto.lg.jp/sakyo/index.html,,,,,,,,,,,,,,,,,,,,,,,,,,,,,,,,,,,,
左京区役所,地域力推進室,1000000015,八瀬出張所,やせしゅっちょうしょ,35.081704,135.8184459,101,3,-,601-1252,京都市左京区八瀬秋元町577,,,075-781-5091,,http://www.city.kyoto.lg.jp/sakyo/index.html,,,,,,,,,,,,,,,,,,,,,,,,,,,,,,,,,,,,
左京区役所,地域力推進室,1000000016,大原出張所,おおはらしゅっちょうしょ,35.1211194,135.8291692,101,3,-,601-1242,京都市左京区大原来迎院町10-2,,,075-744-2020,,http://www.city.kyoto.lg.jp/sakyo/index.html,,,,,,,,,,,,,,,,,,,,,,,,,,,,,,,,,,,,
左京区役所,地域力推進室,1000000017,静市出張所,しずいちしゅっちょうしょ,35.0891083,135.762979,101,3,-,601-1123,京都市左京区静市市原町36-3,,,075-741-2002,,http://www.city.kyoto.lg.jp/sakyo/index.html,,,,,,,,,,,,,,,,,,,,,,,,,,,,,,,,,,,,
左京区役所,地域力推進室,1000000018,花脊出張所,はなせしゅっちょうしょ,35.2093487,135.7758685,101,3,-,601-1104,京都市左京区花脊大布施町196,,,075-746-0215,,http://www.city.kyoto.lg.jp/sakyo/index.html,,,,,,,,,,,,,,,,,,,,,,,,,,,,,,,,,,,,
左京区役所,地域力推進室,1000000019,久多出張所,くたしゅっちょうしょ,35.2652059,135.8191276,101,3,-,520-0463,京都市左京区久多宮の町3,,,075-748-2020,,http://www.city.kyoto.lg.jp/sakyo/index.html,,,,,,,,,,,,,,,,,,,,,,,,,,,,,,,,,,,,
中京区役所,地域力推進室,1000000020,中京区役所,なかぎょうくやくしょ,35.01012,135.75146,101,4,,604-8588,京都市中京区西堀川通御池下る西三坊堀川町521　中京区総合庁舎内,,,050-1725-4402（代表）,,http://www.city.kyoto.lg.jp/nakagyo/index.html,,,,,,,,,,,,,,,,,,,,,,,,,,,,,,,,,,,,
中京区役所,地域力推進室,1000000021,中京保健福祉センター,なかぎょうほけんふくしせんたー,35.0104,135.75134,101,4,,604-8588,京都市中京区西堀川通御池下る西三坊堀川町521　中京区総合庁舎内,,,050-1725-4402（代表）,,,,,,,,,,,,,,,,,,,,,,,,,,,,,,,,,,,,,,
下京区役所,地域力推進室,1000000023,下京区役所,しもぎょうくやくしょ,34.98749,135.75547,101,7,,600-8588,京都市下京区西洞院通塩小路上る東塩小路町608-8　下京区総合庁舎内,,,050-1725-4528（代表）,,http://www.city.kyoto.lg.jp/shimogyo/index.html,,,,,,,,,,,,,,,,,,,,,,,,,,,,,,,,,,,,
下京区役所,地域力推進室,1000000024,下京保健福祉センター,しもぎょうほけんふくしせんたー,34.98766,135.75539,101,7,,600-8588,京都市下京区西洞院通塩小路上る東塩小路町608-8　下京区総合庁舎内,,,050-1725-4528（代表）,,http://www.city.kyoto.lg.jp/shimogyo/index.html,,,,,,,,,,,,,,,,,,,,,,,,,,,,,,,,,,,,
東山区役所,地域力推進室,1000000026,東山区役所（北館）,ひがしやまくやくしょ（きたかん）,34.99704,135.77648,101,5,,605-8511,京都市東山区清水五丁目130-6　東山区総合庁舎内,,,050-1725-5019（代表）,,http://www.city.kyoto.lg.jp/higasiyama/index.html,,,,,,,,,,,,,,,,,,,,,,,,,,,,,,,,,,,,
東山区役所,地域力推進室,1000000027,東山区役所（南館）,ひがしやまくやくしょ（みなみかん）,34.9967,135.77624,101,5,,605-0862,京都市東山区清水五丁目130-8　東山区総合庁舎 南館内,,,050-1725-5019（代表）,,,,,,,,,,,,,,,,,,,,,,,,,,,,,,,,,,,,,,
山科区役所,地域力推進室,1000000029,山科区役所,やましなくやくしょ,34.97222,135.81369,101,6,,607-8511,京都市山科区椥辻池尻町14-2　山科区総合庁舎内,,,050-1725-6556（代表）,,http://www.city.kyoto.lg.jp/yamasina/index.html,,,,,,,,,,,,,,,,,,,,,,,,,,,,,,,,,,,,
山科区役所,地域力推進室,1000000031,山科保健福祉センター,やましなほけんふくしせんたー,34.97223,135.81386,101,6,,607-8511,京都市山科区椥辻池尻町14-2　山科区総合庁舎内,,,050-1725-6556（代表）,,,,,,,,,,,,,,,,,,,,,,,,,,,,,,,,,,,,,,
南区役所,地域力推進室,1000000032,南区役所,みなみくやくしょ,34.9766559,135.7464954,101,8,,601-8511,京都市南区西九条南田町1-3　南区総合庁舎内,,,050-1726-0378（代表）,075-681-5513,http://www.city.kyoto.lg.jp/minami/index.html,,,,,,,,,,,,,,,,,,,,,,,,,,,,,,,,,,,,
南区役所,地域力推進室,1000000034,南保健福祉センター,みなみほけんふくしせんたー,34.9767846,135.7464954,101,8,,601-8511,京都市南区西九条南田町1-3　南区総合庁舎内,,,050-1726-0378（代表）,075-681-5513,,,,,,,,,,,,,,,,,,,,,,,,,,,,,,,,,,,,,
南区役所,地域力推進室,1000000035,久世出張所,くぜしゅっちょうしょ,34.95972752,135.7191941,101,8,,601-8206,京都市南区久世大藪町62,,,075-921-0014,075-921-2819,http://www.city.kyoto.lg.jp/minami/index.html,,,,,,,,,,,,,,,,,,,,,,,,,,,,,,,,,,,,
右京区役所,地域力推進室,1000000036,右京区役所,うきょうくやくしょ,35.01039,135.71615,101,9,,616-8511,京都市右京区太秦下刑部町12　サンサ右京内,,,050-1722-7559（代表）,,http://www.city.kyoto.lg.jp/ukyo/index.html,,,,,,,,,,,,,,,,,,,,,,,,,,,,,,,,,,,,286
右京区役所,地域力推進室,1000000037,右京保健福祉センター,うきょうほけんふくしせんたー,35.01039,135.71649,101,9,,616-8511,京都市右京区太秦下刑部町12　サンサ右京内,,,050-1722-7559（代表）,,http://www.city.kyoto.lg.jp/ukyo/index.html,,,,,,,,,,,,,,,,,,,,,,,,,,,,,,,,,,,,
右京区役所,地域力推進室,1000000040,高雄出張所,たかおしゅっちょうしょ,35.0458273,135.6816945,101,9,,616-8283,京都市右京区梅ヶ畑奥殿町26-1,,,075-861-0153,,http://www.city.kyoto.lg.jp/ukyo/index.html,,,,,,,,,,,,,,,,,,,,,,,,,,,,,,,,,,,,
右京区役所,地域力推進室,1000000041,宕陰出張所,とういんしゅっちょうしょ,35.074818,135.610841,101,9,,616-8475,京都市右京区嵯峨樒原宮ノ上町2-5,,,0771-44-0314,,http://www.city.kyoto.lg.jp/ukyo/index.html,,,,,,,,,,,,,,,,,,,,,,,,,,,,,,,,,,,,
右京区役所,地域力推進室,1000000042,京北出張所,けいほくしゅっちょうしょ,35.15508,135.63345,101,9,,601-0292,京都市右京区京北周山町上寺田1-1,,,0771-52-0300（代表）,,http://www.city.kyoto.lg.jp/ukyo/index.html,,,,,,,,,,,,,,,,,,,,,,,,,,,,,,,,,,,,
伏見区役所,地域力推進室,1000000043,伏見区役所,ふしみくやくしょ,34.93593496,135.7612646,101,11,,612-8511,京都市伏見区鷹匠町39-2,,,050-1722-5740（代表）,,http://www.city.kyoto.lg.jp/fushimi/index.html,,,,,,,,,,,,,,,,,,,,,,,,,,,,,,,,,,,,
伏見区役所,地域力推進室,1000000047,神川出張所,かみかわしゅっちょうしょ,34.9354768,135.7287454,101,11,,612-8494,京都市伏見区久我東町216,,,075-921-0028,,http://www.city.kyoto.lg.jp/fushimi/index.html,,,,,,,,,,,,,,,,,,,,,,,,,,,,,,,,,,,,
伏見区役所,地域力推進室,1000000048,淀出張所,よどしゅっちょうしょ,34.904373,135.720146,101,11,,613-0904,京都市伏見区淀池上町131-1,,,075-631-2040,,http://www.city.kyoto.lg.jp/fushimi/index.html,,,,,,,,,,,,,,,,,,,,,,,,,,,,,,,,,,,,
深草支所,地域力推進室,1000000049,深草支所,ふかくさししょ,34.95348,135.7728,101,11,,612-0861,京都市伏見区深草向畑町93-1 深草総合庁舎内,,,050-1722-1832（代表）,,http://www.city.kyoto.lg.jp/fushimi/index.html,,,,,,,,,,,,,,,,,,,,,,,,,,,,,,,,,,,,
深草支所,地域力推進室,1000000050,深草保健福祉センター,ふかくさほけんふくしせんたー,34.95349,135.77257,101,11,,612-0861,京都市伏見区深草向畑町93-1 深草総合庁舎内,,,050-1722-1832（代表）,,,,,,,,,,,,,,,,,,,,,,,,,,,,,,,,,,,,,,
醍醐支所,地域力推進室,1000000051,醍醐支所,だいごししょ,34.94754,135.80943,101,11,,601-1366,京都市伏見区醍醐大構町28　醍醐総合庁舎内,,,050-1722-4895（代表）,,http://www.city.kyoto.lg.jp/fushimi/index.html,,,,,,,,,,,,,,,,,,,,,,,,,,,,,,,,,,,,
醍醐支所,地域力推進室,1000000052,醍醐保健福祉センター,だいごほけんふくしせんたー,34.94753,135.80919,101,11,,601-1366,京都市伏見区醍醐大構町28　醍醐総合庁舎内,,,050-1722-4895（代表）,,,,,,,,,,,,,,,,,,,,,,,,,,,,,,,,,,,,,,
西京区役所,地域力推進室,1000000053,西京区総合庁舎西庁舎,にしきょうくそうごうちょうしゃにしちょうしゃ,34.98507,135.69337,101,10,,615-8522,京都市西京区上桂森下町２５−１,,,050-1726-0257（代表）,,http://www.city.kyoto.lg.jp/nisikyo/index.html,,,,,,,,,,,,,,,,,,,,,,,,,,,,,,,,,,,,
西京区役所,地域力推進室,1000000054,西京区保健福祉センター,にしきょうほけんふくしせんたー,34.98506,135.69315,101,10,,615-8522,京都市西京区上桂森下町25-1　西京区総合庁舎内,,,050-1726-0257（代表）,,http://www.city.kyoto.lg.jp/nisikyo/index.html,,,,,,,,,,,,,,,,,,,,,,,,,,,,,,,,,,,,
洛西支所,地域力推進室,1000000056,洛西支所,らくさいししょ,34.96433,135.67465,101,10,,610-1143,京都市西京区大原野東境谷町二丁目1-2　洛西総合庁舎内,,,050-1725-8973（代表）,,http://www.city.kyoto.lg.jp/nisikyo/index.html,,,,,,,,,,,,,,,,,,,,,,,,,,,,,,,,,,,,
洛西支所,地域力推進室,1000000057,洛西保健福祉センター,らくさいほけんふくしせんたー,34.96434,135.67485,101,10,,610-1143,京都市西京区大原野東境谷町二丁目1-2　洛西総合庁舎内,,,050-1725-8973（代表）,,http://www.city.kyoto.lg.jp/nisikyo/index.html,,,,,,,,,,,,,,,,,,,,,,,,,,,,,,,,,,,,
消防局,総務課,1000000058,京都市消防局,きょうとししょうぼうきょく,35.01242,135.76835,106,4,,604-0931,京都市中京区押小路通河原町西入榎木町450-2,,,075-231-5311,075-251-0062,http://www.city.kyoto.lg.jp/shobo/index.html,,,,,,,,,,,,,,,,,,,,,,,,,,,,,,,,,,,,
消防局,総務課,1000000059,北消防署,きたしょうぼうしょ,35.05395,135.74395,106,1,,603-8432,京都市北区大宮西脇台町17-2,,,075-491-4148,075-492-1999,http://www.city.kyoto.lg.jp/shobo/soshiki/25-7-0-0-0_1.html,,,,,,,,,,,,,,,,,,,,,,,,,,,,,,,,,,,,
消防局,総務課,1000000060,大徳寺消防出張所,だいとくじしょうぼうしゅっちょうしょ,35.04135,135.74731,106,1,,603-8231,京都市北区紫野大徳寺町88,,,075-491-8748,,,,,,,,,,,,,,,,,,,,,,,,,,,,,,,,,,,,,,
消防局,総務課,1000000061,紫明消防出張所,しめいしょうぼうしゅっちょうしょ,35.04031,135.75825,106,1,,603-8149,京都市北区小山南上総町1-1,,,075-432-0119,,,,,,,,,,,,,,,,,,,,,,,,,,,,,,,,,,,,,,
消防局,総務課,1000000062,中川消防出張所,なかがわしょうぼうしゅっちょうしょ,35.08901,135.68798,106,1,,601-0122,京都市北区中川北山町48-2,,,075-406-2311,,,,,,,,,,,,,,,,,,,,,,,,,,,,,,,,,,,,,,
消防局,総務課,1000000063,上京消防署,かみぎょうしょうぼうしょ,35.01964,135.75525,106,2,,602-8031,京都市上京区釜座通下立売下る東裏辻町398,,,075-431-1371,075-414-1999,http://www.city.kyoto.lg.jp/shobo/soshiki/25-8-0-0-0_2.html,,,,,,,,,,,,,,,,,,,,,,,,,,,,,,,,,,,,
消防局,総務課,1000000065,北野消防出張所,きたのしょうぼうしゅっちょうしょ,35.02822,135.73439,106,2,,602-8384,京都市上京区今小路通御前西入紙屋川町870,,,075-465-0119,,,,,,,,,,,,,,,,,,,,,,,,,,,,,,,,,,,,,,
消防局,総務課,1000000066,左京消防署,さきょうしょうぼうしょ,35.0363,135.78105,106,3,,606-8211,京都市左京区田中西大久保町36,,,075-723-0119,075-723-1999,http://www.city.kyoto.lg.jp/shobo/soshiki/25-9-0-0-0_9.html,,,,,,,,,,,,,,,,,,,,,,,,,,,,,,,,,,,,
消防局,総務課,1000000067,岡崎消防出張所,おかざきしょうぼうしゅっちょうしょ,35.0116,135.78046,106,3,,606-8344,京都市左京区岡崎円勝寺町23-1,,,075-771-3195,,,,,,,,,,,,,,,,,,,,,,,,,,,,,,,,,,,,,,
消防局,総務課,1000000068,鹿ケ谷消防出張所,ししがたにしょうぼうしゅっちょうしょ,35.01992,135.79305,106,3,,606-8447,京都市左京区鹿ケ谷上宮ノ前町37,,,075-771-0105,,,,,,,,,,,,,,,,,,,,,,,,,,,,,,,,,,,,,,
消防局,総務課,1000000069,岩倉消防出張所,いわくらしょうぼうしゅっちょうしょ,35.06753,135.77628,106,3,,606-0015,京都市左京区岩倉幡枝町1204,,,075-701-3000,,,,,,,,,,,,,,,,,,,,,,,,,,,,,,,,,,,,,,
消防局,総務課,1000000070,修学院消防出張所,しゅうがくいんしょうぼうしゅっちょうしょ,35.04817,135.79176,106,3,,606-8081,京都市左京区修学院大林町13-8,,,075-781-0119,,,,,,,,,,,,,,,,,,,,,,,,,,,,,,,,,,,,,,
消防局,総務課,1000000071,大原消防出張所,おおはらしょうぼうしゅっちょうしょ,35.11314226,135.8256188,106,3,,601-1244,京都市左京区大原上野町564番地の3,,,075-744-2249,,,,,,,,,,,,,,,,,,,,,,,,,,,,,,,,,,,,,,
消防局,総務課,1000000072,鞍馬消防出張所,くらましょうぼうしゅっちょうしょ,35.10572,135.76386,106,3,,601-1112,京都市左京区鞍馬貴船町5-2,,,075-741-2990,,,,,,,,,,,,,,,,,,,,,,,,,,,,,,,,,,,,,,
消防局,総務課,1000000073,花脊消防出張所,はなせしょうぼうしゅっちょうしょ,35.2104,135.77446,106,3,,601-1103,京都市左京区花脊八桝町1-1,,,075-746-0062,,,,,,,,,,,,,,,,,,,,,,,,,,,,,,,,,,,,,,
消防局,総務課,1000000074,中京消防署,なかぎょうしょうぼうしょ,35.0106,135.75135,106,4,,604-8265,京都市中京区西堀川通御池下る西三坊堀川町521,,,075-841-6333,075-802-1999,http://www.city.kyoto.lg.jp/shobo/soshiki/25-10-0-0-0_5.html,,,,,,,,,,,,,,,,,,,,,,,,,,,,,,,,,,,,
消防局,総務課,1000000075,寺町消防出張所,てらまちしょうぼうしゅっちょうしょ,35.0124,135.76825,106,4,,604-0931,京都市中京区押小路通河原町西入榎木町450-2京都市消防局本部庁舎内,,,075-222-1546,,,,,,,,,,,,,,,,,,,,,,,,,,,,,,,,,,,,,,
消防局,総務課,1000000076,京都市立病院消防出張所,きょうとしりつびょういんしょうぼうしゅっちょうじょ,34.99794122,135.7357514,106,4,,604-8845,京都市中京区壬生東高田町１−２,,,075-311-0119,,,,,,,,,,,,,,,,,,,,,,,,,,,,,,,,,,,,,,
消防局,総務課,1000000077,西大路消防出張所,にしおおじしょうぼうしゅっちょうしょ,35.01145,135.73159,106,4,,604-8437,京都市中京区西ノ京東中合町45,,,075-841-0243,,,,,,,,,,,,,,,,,,,,,,,,,,,,,,,,,,,,,,
消防局,総務課,1000000078,東山消防署,ひがしやましょうぼうしゅっちょうしょ,34.99669,135.77651,106,5,,605-0862,京都市東山区清水五丁目130-8,,,075-541-0191,075-531-1999,http://www.city.kyoto.lg.jp/shobo/soshiki/25-11-0-0-0_3.html,,,,,,,,,,,,,,,,,,,,,,,,,,,,,,,,,,,,
消防局,総務課,1000000079,泉涌寺消防出張所,せんにゅうじしょうぼうしゅっちょうしょ,34.98195,135.77277,106,5,,605-0974,京都市東山区泉涌寺五葉ノ辻町13-2,,,075-561-1330,,,,,,,,,,,,,,,,,,,,,,,,,,,,,,,,,,,,,,
消防局,総務課,1000000080,山科消防署,やましなしょうぼうしゅっちょうしょ,34.98595,135.81144,106,6,,607-8341,京都市山科区西野今屋敷町2-10,,,075-592-9755,075-591-1999,http://www.city.kyoto.lg.jp/shobo/soshiki/25-12-0-0-0_3.html,,,,,,,,,,,,,,,,,,,,,,,,,,,,,,,,,,,,
消防局,総務課,1000000082,大塚消防出張所,おおつかしょうぼうしゅっちょうしょ,34.9817,135.82579,106,6,,607-8134,京都市山科区大塚北溝町23-1,,,075-595-0240,,,,,,,,,,,,,,,,,,,,,,,,,,,,,,,,,,,,,,
消防局,総務課,1000000083,下京消防署,しもぎょうしょうぼうしょ,34.99583628,135.76208,106,7,,600-8191,京都市下京区五条通高倉西入堺町27,,,075-361-4411,075-341-1999,http://www.city.kyoto.lg.jp/shobo/soshiki/25-13-0-0-0_4.html,,,,,,,,,,,,,,,,,,,,,,,,,,,,,,,,,,,,
消防局,総務課,1000000085,中堂寺消防出張所,ちゅうどうじしょうぼうしゅっちょうしょ,34.99648,135.74248,106,7,,600-8812,京都市下京区中堂寺北町71,,,075-802-6529,,,,,,,,,,,,,,,,,,,,,,,,,,,,,,,,,,,,,,
消防局,総務課,1000000086,南消防署,みなみしょうぼうしょ,34.97358,135.74696,106,8,,601-8445,京都市南区西九条菅田町4-1,,,075-681-0711,075-671-1999,http://www.city.kyoto.lg.jp/shobo/soshiki/25-14-0-0-0_1.html,,,,,,,,,,,,,,,,,,,,,,,,,,,,,,,,,,,,
消防局,総務課,1000000087,京都駅西消防出張所,きょうとえきにししょうぼうしゅっちょうじょ,34.98452407,135.75175,106,8,,601-8405,京都市南区西九条戒光寺町2番地,,,075-691-0327,,,,,,,,,,,,,,,,,,,,,,,,,,,,,,,,,,,,,,
消防局,総務課,1000000089,西八条消防出張所,にしはちじょうしょうぼうしゅっちょうしょ,34.98235,135.72867,106,8,,601-8302,京都市南区吉祥院西ノ庄淵ノ西町42,,,075-313-0402,,,,,,,,,,,,,,,,,,,,,,,,,,,,,,,,,,,,,,
消防局,総務課,1000000090,久世消防出張所,くぜしょうぼうしゅっちょうしょ,34.95951,135.71476,106,8,,601-8213,京都市南区久世中久世町二丁目129-2,,,075-932-1873,,,,,,,,,,,,,,,,,,,,,,,,,,,,,,,,,,,,,,
消防局,総務課,1000000091,右京消防署,うきょうしょうぼうしょ,35.01386,135.70813,106,9,,616-8162,京都市右京区太秦蜂岡町36,,,075-871-0119,075-872-1999,http://www.city.kyoto.lg.jp/shobo/soshiki/25-15-0-0-0_3.html,,,,,,,,,,,,,,,,,,,,,,,,,,,,,,,,,,,,
消防局,総務課,1000000092,嵯峨消防出張所,さがしょうぼうしゅっちょうしょ,35.01749,135.68286,106,9,,616-8366,京都市右京区嵯峨天龍寺今堀町1,,,075-861-0722,,,,,,,,,,,,,,,,,,,,,,,,,,,,,,,,,,,,,,
消防局,総務課,1000000093,梅津消防出張所,うめづしょうぼうしゅっちょうしょ,35.00349,135.71131,106,9,,615-0906,京都市右京区梅津高畝町46,,,075-861-0900,,,,,,,,,,,,,,,,,,,,,,,,,,,,,,,,,,,,,,
消防局,総務課,1000000094,御室消防出張所,おむろしょうぼうしゅっちょうしょ,35.02852,135.71655,106,9,,616-8092,京都市右京区御室大内35,,,075-462-3131,,,,,,,,,,,,,,,,,,,,,,,,,,,,,,,,,,,,,,
消防局,総務課,1000000095,京北消防出張所,けいほくしょうぼうしゅっちょうしょ,35.19784,135.63907,106,9,,601-0533,京都市右京区京北下中町勝山田8,,,075-854-0119,,,,,,,,,,,,,,,,,,,,,,,,,,,,,,,,,,,,,,
消防局,総務課,1000000096,西京消防署,にしきょうしょうぼうしょ,34.97522,135.6944,106,10,,615-8186,京都市西京区樫原佃19,,,075-392-6071,075-381-1999,http://www.city.kyoto.lg.jp/shobo/soshiki/25-16-0-0-0_2.html,,,,,,,,,,,,,,,,,,,,,,,,,,,,,,,,,,,,
消防局,総務課,1000000097,桂消防出張所,かつらしょうぼうしゅっちょうしょ,34.97991,135.70788,106,10,,615-8026,京都市西京区桂市ノ前町12,,,075-381-2370,,,,,,,,,,,,,,,,,,,,,,,,,,,,,,,,,,,,,,
消防局,総務課,1000000098,松尾消防出張所,まつおしょうぼうしゅっちょうしょ,34.99027,135.69312,106,10,,615-8281,京都市西京区松尾木ノ曽町59-6,,,075-391-3584,,,,,,,,,,,,,,,,,,,,,,,,,,,,,,,,,,,,,,
消防局,総務課,1000000099,洛西消防出張所,らくさいしょうぼうしゅっちょうしょ,34.96937,135.67525,106,10,,610-1142,京都市西京区大枝東新林町二丁目4,,,075-332-0683,,,,,,,,,,,,,,,,,,,,,,,,,,,,,,,,,,,,,,
消防局,総務課,1000000100,伏見消防署,ふしみしょうぼうしょ,34.9558,135.75968,106,11,,612-8422,京都市伏見区竹田七瀬川町9-1,,,075-641-5355,075-643-1999,http://www.city.kyoto.lg.jp/shobo/soshiki/25-17-0-0-0_9.html,,,,,,,,,,,,,,,,,,,,,,,,,,,,,,,,,,,,
消防局,総務課,1000000101,醍醐消防分署,だいごしょうぼうぶんしょ,34.94789,135.80928,106,11,,601-1366,京都市伏見区醍醐大構町28,,,075-571-0474,075-572-1999,http://www.city.kyoto.lg.jp/shobo/soshiki/25-20-0-0-0_1.html,,,,,,,,,,,,,,,,,,,,,,,,,,,,,,,,,,,,
消防局,総務課,1000000102,南浜消防出張所,みなみはましょうぼうしゅっちょうしょ,34.93,135.76106,106,11,,612-8045,京都市伏見区南浜町273-2,,,075-611-2165,,,,,,,,,,,,,,,,,,,,,,,,,,,,,,,,,,,,,,
消防局,総務課,1000000103,淀消防出張所,よどしょうぼうしゅっちょうしょ,34.90558,135.72174,106,11,,613-0904,京都市伏見区淀池上町197,,,075-631-2434,,,,,,,,,,,,,,,,,,,,,,,,,,,,,,,,,,,,,,
消防局,総務課,1000000104,神川消防出張所,かみかわしょうぼうしゅっちょうしょ,34.93591,135.72815,106,11,,612-8495,京都市伏見区久我森の宮町14-27,,,075-922-7777,,,,,,,,,,,,,,,,,,,,,,,,,,,,,,,,,,,,,,
消防局,総務課,1000000105,向島消防出張所,むかいじましょうぼうしゅっちょうしょ,34.92038,135.77409,106,11,,612-8136,京都市伏見区向島四ツ谷池7-10,,,075-622-3754,,,,,,,,,,,,,,,,,,,,,,,,,,,,,,,,,,,,,,
消防局,総務課,1000000106,山ノ下消防出張所,やまのしたしょうぼうしゅっちょうしょ,34.93689,135.79307,106,11,,612-8002,京都市伏見区桃山町山ノ下44-5,,,075-601-8999,,,,,,,,,,,,,,,,,,,,,,,,,,,,,,,,,,,,,,
総合企画局,総合政策室,1000000107,大学のまち交流センター,だいがくのまちこうりゅうせんたー,34.98643,135.75567,127,7,大学の単位互換事業や生涯学習事業「京（みやこ）カレッジ」をはじめとする、大学相互間及び大学と産業界、地域社会等の間の連携及び交流活動の拠点となる、「大学のまち京都」のシンボル施設です。,600-8216,京都市下京区西洞院通塩小路下ル,,(公財)大学コンソーシアム京都,075-353-9111,075-353-9121,http://www.consortium.or.jp/about-cp-kyoto,第1〜4講義室、第1〜5演習室、第1〜3会議室、ホール、和室、大学院等共同サテライト拠点、学生Place+、公益財団法人大学コンソーシアム京都事務室、カフェ、放送大学京都学習センター、駐車場,8:30〜21:30（受付は9:00〜19:00）,毎週月曜日、12月28日〜1月4日,講義室、演習室、会議室、ホール、和室等の施設及び駐車場は有料（公益財団法人大学コンソーシアム京都の加盟大学等の教職員及び学生の利用については減免措置有）（詳細はホームページを御覧ください。）,JR京都駅から徒歩3分,ホームページを御覧ください。,,キャンパスプラザ京都,,,,,,,,,,,,,,,,,,,,,,,,,,,,
総合企画局,国際都市共創推進室国際担当,1000000108,国際交流会館,こくさいこうりゅうかいかん,35.01056,135.78751,110,3,会議室などの貸施設、図書・資料室、情報サービスコーナーなどがあり、国際交流の推進に役立つ情報の提供、外国籍市民の生活相談事業等を行っています。身近な国際交流の場として、市民の憩いの場として、どなたでも御利用いただけます。,606-8536,京都市左京区粟田口鳥居町2-１,,（公財）京都市国際交流協会,075-752-3010,075-752-3510,http://www.kcif.or.jp,イベントホール、会議室、和風別館、図書・資料室、ギャラリー、喫茶コーナー、メッセージコーナー、車いす用トイレ、駐車場,9:00〜21:00,12/28〜1/4、月曜日（祝日のときは翌日）,詳細はホームページを御覧ください。,地下鉄「蹴上」から徒歩６分,ホームページを御覧ください。,,kokoka・ココカ,,,,,,,,,,,,,,,,,,,,,,,,,,,,
文化市民局,歴史資料館,1000000109,歴史資料館,れきししりょうかん,35.0191389,135.7679822,131,2,京都の歴史に関する資料展示・閲覧、歴史相談、歴史講座の開催,602-0867,京都市上京区寺町通荒神口下る松蔭町138-1,,京都市,075-241-4312,075-241-4012,http://www.city.kyoto.lg.jp/menu2/category/24-2-0-0-0-0-0-0-0-0.html,展示室、閲覧室、研究室,9:00〜17:00（ただし、2階閲覧室利用の受付は16:30まで）,"月曜・祝休日、12/28〜1/4展示替えに伴う臨時休館（年3〜4回）",無料（資料複写は実費）,・市バス「河原町丸太町」から徒歩５分　・地下鉄烏丸線「丸太町」から徒歩１０分　京阪電車「神宮丸太町」から徒歩１０分,,,,,,,,,,,,,,,,,,,,,,,,,,,,,,,
環境政策局,地球温暖化対策室,1000000110,環境保全活動センター,かんきょうほぜんかつどうせんたー,34.956,135.76635,103,11,ごみ減量や地球温暖化防止等に関する「環境意識」の定着を図り、家庭や地域、学校など様々な場所で環境にやさしい実践活動の輪を広げる施設として、環境学習を提供し環境保全活動を支援しています。,612-0031,京都市伏見区深草池ノ内町13,,（公財）京都市環境保全活動推進協会,075-641-0911,075-641-0912,https://www.miyako-eco.jp/,常設展示・企画展示コーナー、図書コーナー、交流コーナー、木のおもちゃひろば、印刷作業室、貸会場（シアター、会議室、リサイクル工房、エコ厨房）、屋上ビオトープなど,9：00〜21：00（展示コーナーは17：00まで）,12/26〜1/4、木曜日（木曜日が祝日の場合、翌日休館）,無料。ただし、会議室等の貸出しは有料（詳細はホームページをご覧ください。）,"○　京阪電車「藤森駅」下車西へ徒歩約5分○　地下鉄・近鉄「竹田駅」下車東へ徒歩約12分○　市バス南５・臨南５・南８「青少年科学センター前」下車",団体見学を希望される方はお問い合わせください。,センター内に駐車場はありませんので、公共交通機関でお越しください。,京（みやこ）エコロジーセンター（エコセン）,,,,,,,,,,,,,,,,,,,,,,,,,,,,
環境政策局,施設管理課,1000000112,やまごえ温水プール,やまごえおんすいぷーる,35.03204,135.69663,132,9,北部クリーンセンターのごみ焼却熱を有効利用するための施設です。プールの水温管理や浄化、滅菌、フロアの床暖房をはじめ、施設の空調・照明など当施設の設備の運転に必要な電力は、北部クリーンセンターのごみ発電でまかなっています。,616-8262,京都市右京区梅ヶ畑向ノ地町27-1,,京都市北部クリーンセンター関連施設プール管理運営協会,075-861-7647,075-861-7648,http://www.city.kyoto.lg.jp/kankyo/page/0000150326.html,プール２５ｍ×７コース（水深８０ｃｍと１２０ｃｍ）、こどもプール１ヶ所（水深５０ｃｍ）、ジャグジープール１ヶ所（７〜１０人用）、採暖室、サンデッキ、障害者用トイレ、駐車場,"（午前の部）9:00〜12:00（午後の部）13:30〜16:30",12/28〜1/7、施設の点検整備期間、月曜日（祝日を除く）,大人 ６２０円 、小人 ３１０円 （詳細はホームページを御覧ください。）,市バス８系統、ＪＲバス高雄京北線「高鼻町」バス停から徒歩７分,,,,,,,,,,,,,,,,,,,,,,,,,,,,,,,
子ども若者はぐくみ局,育成推進課,1000000113,北青少年活動センター,きたせいしょうねんかつどうせんたー,35.04101,135.75352,112,1,自然体験、まちづくり活動などを通して、自然や環境のことを考えてみるきっかけを提供します。また、ダンス、演劇、音楽の練習、料理パーティーや会議・打合せなど、活動に合った部屋が使えます。,603-8165,京都市北区紫野西御所田町56　北区総合庁舎西庁舎内,,（公財）京都市ユースサービス協会,075-451-6700,075-451-6702,http://www.ys-kyoto.org/kita/,ロビー、会議室、多目的ﾎｰﾙ、和室、調理ｾﾐﾅｰ室、ﾚｯｽﾝｽﾀｼﾞｵ、音楽ｽﾀｼﾞｵ等,"月〜土：10:00〜21:00日・祝：10:00〜18:00","毎週水曜日年末年始（12月29日〜1月3日）",一部を除き青少年は無料（詳細はホームページを御覧ください）,"地下鉄 「北大路」より徒歩7分市バス 「北大路新町」 「北大路堀川」より徒歩3分",ホームページを御覧ください。,,,,,,,,,,,,,,,,,,,,,,,,,,,,,,
子ども若者はぐくみ局,育成推進課,1000000114,中央青少年活動センター,ちゅうおうせいしょうねんかつどうせんたー,35.00683,135.76132,112,4,青少年が様々な場面で困難を抱えたとき、個別相談やグループでの活動に参加を促すなど、個別の課題に合わせたサービスを提供し、解消に向けた支援を行います。また、様々な活動に合った部屋が使えます。,604-8147,京都市中京区東洞院通六角下る御射山町262,,（公財）京都市ユースサービス協会,075-231-0640,075-231-1231,http://www.ys-kyoto.org/chuo/,ロビー、会議室、和室、ﾚｯｽﾝｽﾀｼﾞｵ、ﾄﾚｰﾆﾝｸﾞﾙｰﾑ、音楽ｽﾀｼﾞｵ等,"月〜土：10:00〜21:00日・祝：10:00〜18:00","毎週水曜日年末年始（12月29日〜1月3日）",一部を除き青少年は無料（詳細はホームページを御覧ください）,地下鉄「四条」「烏丸御池」より徒歩5分 市バス「四条烏丸」より徒歩5分 阪急「烏丸」より徒歩5分 ,ホームページを御覧ください。,,,,,,,,,,,,,,,,,,,,,,,,,,,,,,
子ども若者はぐくみ局,育成推進課,1000000115,東山青少年活動センター,ひがしやませいしょうねんかつどうせんたー,34.997133,135.776564,112,5,演劇やダンスなど、様々な表現活動の創作・発表ができる劇場空間や、染色・陶芸・木工などアート活動ができるアトリエがあります。鏡や更衣室付きの部屋、スクリーンが使える会議室など、様々なジャンルの活動に対応しています。,605-0862,京都市東山区清水五丁目130-6　東山区総合庁舎内,,（公財）京都市ユースサービス協会,075-541-0619,075-541-0628,http://www.ys-kyoto.org/higashiyama/,ロビー、会議室、創造活動室、創造工作室、音楽ｽﾀｼﾞｵ、ﾚｯｽﾝｽｼﾞｵ、和室等,"月〜土：10:00〜21:00日・祝：10:00〜18:00","毎週水曜日年末年始（12月29日〜1月3日）",一部を除き青少年は無料（詳細はホームページを御覧ください）,市バス「清水道」よりすぐ京阪「清水五条」より東へ徒歩15分,ホームページを御覧ください。,,,,,,,,,,,,,,,,,,,,,,,,,,,,,,
子ども若者はぐくみ局,育成推進課,1000000116,山科青少年活動センター,やましなせいしょうねんかつどうせんたー,34.98605,135.81529,112,6,学校や仕事帰り、1人でいたくないときなど、ふらっと気軽に立ち寄れる場所です。色々な人と出逢い、交流したり、新しい何かに挑戦することで、自身の生活を彩る一歩を踏み出すきっかけづくりを支援します。また、様々な活動に合った部屋が使えます。,607-8086,京都市山科区竹鼻四丁野町42,,（公財）京都市ユースサービス協会,075-593-4911,075-593-4916,http://www.ys-kyoto.org/yamashina/,ロビー、会議室、和室、料理室、体育室、ﾃﾆｽｺｰﾄ等,"月〜土：10:00〜21:00日・祝：10:00〜18:00","毎週水曜日年末年始（12月29日〜1月3日）",一部を除き青少年は無料（詳細はホームページを御覧ください）,"JR･地下鉄･京阪「山科駅」より徒歩10分地下鉄東西線「東野」より徒歩10分",ホームページを御覧ください。,,,,,,,,,,,,,,,,,,,,,,,,,,,,,,
子ども若者はぐくみ局,育成推進課,1000000117,下京青少年活動センター,しもぎょうせいしょうねんかつどうせんたー,34.98657,135.76628,112,7,スポーツ・レクリエーションを中心に、様々なイベントの開催や目的に合わせた部屋の貸出しを行ってします。また、ボランティア活動を通じて社会参加を進める機会を提供します。,600-8202,京都市下京区川端町13,,（公財）京都市ユースサービス協会,075-353-7750,075-353-7740,http://www.ys-kyoto.org/simogyo/,ロビー、会議室、多目的室、武道場、講習室、ﾄﾚｰﾆﾝｸﾞﾙｰﾑ、音楽ｽﾀｼﾞｵ等,"月〜土：10:00〜21:00日・祝：10:00〜18:00","毎週水曜日年末年始（12月29日〜1月3日）",一部を除き青少年は無料（詳細はホームページを御覧ください）,JR･地下鉄･近鉄「京都駅」より徒歩10分市バス「塩小路高倉」より徒歩3分,ホームページを御覧ください。,,,,,,,,,,,,,,,,,,,,,,,,,,,,,,
子ども若者はぐくみ局,育成推進課,1000000118,南青少年活動センター,みなみせいしょうねんかつどうせんたー,34.97634,135.74796,112,8,誰でも使える、広くて明るいロビーが特徴です。マンガや雑誌もあり、待合せや息抜きにも最適です。カフェコーナーもあり、様々な人との出会いも生まれています。 また、様々な活動に合った部屋が使えます。,601-8441,京都市南区西九条南田町72,,（公財）京都市ユースサービス協会,075-671-0356,075-671-0360,http://www.ys-kyoto.org/minami/,ロビー、会議室、和室、料理室、体育室、ﾃﾆｽｺｰﾄ等,"月〜土：10:00〜21:00日・祝：10:00〜18:00","毎週水曜日年末年始（12月29日〜1月3日）",一部を除き青少年は無料（詳細はホームページを御覧ください）,"市バス「九条大宮」より徒歩5分近鉄「東寺」より徒歩10分",ホームページを御覧ください。,,,,,,,,,,,,,,,,,,,,,,,,,,,,,,
子ども若者はぐくみ局,育成推進課,1000000119,伏見青少年活動センター,ふしみせいしょうねんかつどうせんたー,34.93593496,135.7612646,112,11,外国にルーツを持つ方との「多文化共生」の視点で、国際交流プログラムをはじめとした事業、ボランティア活動の支援を行っています。　ロビーでは、コミュニティカフェやライブ、展示など多彩な活動を展開しています。,612-8511,京都市伏見区鷹匠町39-2　伏見区総合庁舎４階,,（公財）京都市ユースサービス協会,075-611-4910,075-604-4910,http://www.ys-kyoto.org/fushimi/,ロビー、会議室、和室、料理室、体育室、柔道場等,"月〜土：10:00〜21:00日・祝：10:00〜18:00","毎週水曜日年末年始（12月29日〜1月3日）",一部を除き青少年は無料（詳細はホームページを御覧ください）,京阪・近鉄「丹波橋」より徒歩7分,ホームページを御覧ください。,,,,,,,,,,,,,,,,,,,,,,,,,,,,,,
文化市民局,地域自治推進室,1000000121,北いきいき市民活動センター,きたいきいきしみんかつどうせんたー,35.039745,135.739548,102,1,市民公益活動はもとより、サークル活動など市民活動を幅広く支援していくための施設です。,603-8226,京都市北区紫野西舟岡町2番地（元楽只小学校）ふれあい共生館内,,特定非営利活動法人 くらしネット２１,075-441-1010,075-441-1010,http://kyoto-kita-ikiiki.jimdo.com/,会議室、多目的ホール,10：00〜21：00 ただし、日曜日は10：00〜17：00,火曜日及び年末年始（12月29日から1月4日まで）,会議室1は1時間当たり400円、会議室2・3は1時間あたり300円、多目的ホールは平日1時間当たり700円、土・日・祝1時間あたり800円,市バス「千本北大路」下車　徒歩２分,所定の申請書に記入し、直接来館し提出してください。,公共交通機関をご利用ください。,,,,,,,,,,,,,,,,,,,,,,,,,,,,,
文化市民局,地域自治推進室,1000000122,岡崎いきいき市民活動センター,おかざきいきいきしみんかつどうせんたー,35.0138281,135.7792596,102,3,市民公益活動はもとより、サークル活動など市民活動を幅広く支援していくための施設です。,606-8342,京都市左京区岡崎最勝寺町2,,特定非営利活動法人 音の風,075-761-4484,075-752-3351,https://www.okazaki-iki-iki.org/,会議室、和室,10：00〜21：00 ただし、日曜日は10：00〜17：00,火曜日及び年末年始（12月29日から1月4日まで）,会議室、和室は1時間当たり600円,市バス「東山二条・岡崎公園口」下車徒歩3分地下鉄東西線「東山」徒歩10分,所定の申請書に記入し、直接来館し提出してください。,公共交通機関をご利用ください。,,,,,,,,,,,,,,,,,,,,,,,,,,,,,
文化市民局,地域自治推進室,1000000124,左京西部いきいき市民活動センター,さきょうせいぶいきいきしみんかつどうせんたー,35.03249576,135.7764083,102,3,市民公益活動はもとより、サークル活動など市民活動を幅広く支援していくための施設です。,606-8201,京都市左京区田中玄京町149,,特定非営利活動法人 劇研 ,075-791-1836,075-712-0138,http://gekken.net/SW_IKIIKI/index.html,会議室、和室,10：00〜21：00 ただし、日曜日は10：00〜17：00,火曜日及び年末年始（12月29日から1月4日まで）,会議室1・2・3は1時間当たり600円、会議室4・和室は1時間当たり400円、会議室5は1時間当たり300円,京阪・叡電「出町柳」下車　徒歩７分,所定の申請書に記入し、直接来館し提出してください。,公共交通機関をご利用ください。,,,,,,,,,,,,,,,,,,,,,,,,,,,,,
文化市民局,地域自治推進室,1000000125,中京いきいき市民活動センター,なかぎょういきいきしみんかつどうせんたー,35.0095314,135.7328896,102,4,市民公益活動はもとより、サークル活動など市民活動を幅広く支援していくための施設です。,604-8434,京都市中京区西ノ京新建町12-34,,特定非営利活動法人 あかしやふれあいネットワーク,075-802-1301,075-841-4601,https://n-iki2.com/,会議室料理室,10：00〜21：00 ただし、日曜日は10：00〜17：00,火曜日及び年末年始（12月29日から1月4日まで）,会議室は、1時間当たり600円、料理室は1時間当たり800円,市バス「西大路御池」・「西大路三条」下車　　　地下鉄「西大路御池」下車　各徒歩５分,所定の申請書に記入し、直接来館し提出してください。,公共交通機関を御利用ください。,,,,,,,,,,,,,,,,,,,,,,,,,,,,,
文化市民局,地域自治推進室,1000000126,東山いきいき市民活動センター,ひがしやまいきいきしみんかつどうせんたー,35.00788511,135.7765719,102,5,市民公益活動はもとより、サークル活動など市民活動を幅広く支援していくための施設です。,605-0018,京都市東山区三条通大橋東入2丁目下る巽町442-9,,有限責任事業組合 まちとしごと総合研究所 ,075-541-5151,075-531-4971,http://higashiyamacds.main.jp/,"会議室、和室、音楽室集会室多目的ホール",10：00〜21：00 ただし、日曜日は10：00〜17：00,火曜日及び年末年始（12月29日から1月4日まで）,会議室、和室、音楽室は1時間当たり600円、集会室、多目的ホールは1時間当たり800円,地下鉄「東山」・「三条京阪」下車　京阪「三条」下車各徒歩５分,所定の申請書に記入し、直接来館し提出してください。,公共交通機関を御利用ください。,,,,,,,,,,,,,,,,,,,,,,,,,,,,,
文化市民局,地域自治推進室,1000000127,下京いきいき市民活動センター,しもぎょういきいきしみんかつどうせんたー,34.98698748,135.7655534,102,7,市民公益活動はもとより、サークル活動など市民活動を幅広く支援していくための施設です。,600-8207,京都市下京区上之町38　うるおい館内,,有限責任事業組合 まちとしごと総合研究所 ,075−371-8220,075-371-7708,https://www.shimogyo-ikik.net/,"会議室、和室、音楽室集会室",10：00〜21：00 ただし、日曜日は10：00〜17：00,火曜日及び年末年始（12月29日から1月4日まで）,会議室、和室、音楽室は1時間当たり600円、集会室は1時間当たり800円,市バス「塩小路高倉・京都市立芸術大学前」下車　徒歩５分京阪「七条」下車　徒歩10分京都駅より東へ徒歩10分,所定の申請書に記入し、直接来館し提出してください。,公共交通機関を御利用ください。,,,,,,,,,,,,,,,,,,,,,,,,,,,,,
文化市民局,地域自治推進室,1000000128,吉祥院いきいき市民活動センター,きっしょういんいきいきしみんかつどうせんたー,34.96884523,135.7322109,102,8,市民公益活動はもとより、サークル活動など市民活動を幅広く支援していくための施設です。,601-8335,京都市南区吉祥院砂ノ町47,,特定非営利活動法人 ふれあい吉祥院ネットワーク,075-691-7561,075-662-0911,https://www.fureai-kisshoin.net/,"会議室、和室料理室",10：00〜21：00 ただし、日曜日は10：00〜17：00,火曜日及び年末年始（12月29日から1月4日まで）,会議室、和室は1時間当たり600円、料理室1時間当たり800円,市バス「吉祥院前田町」下車　西へ徒歩５分,所定の申請書に記入し、直接来館し提出してください。,公共交通機関を御利用ください。,,,,,,,,,,,,,,,,,,,,,,,,,,,,,
文化市民局,地域自治推進室,1000000129,上鳥羽北部いきいき市民活動センター,かみとばほくぶいきいきしみんかつどうせんたー,34.9720338,135.7421415,102,8,市民公益活動はもとより、サークル活動など市民活動を幅広く支援していくための施設です。,601-8107,京都市南区上鳥羽南唐戸町62-2,,一般社団法人 上鳥羽絆会,075-691-9098,075-662-0910,http://ktb-ikisen.jp/,会議室、和室,10：00〜21：00 ただし、日曜日は10：00〜17：00,火曜日及び年末年始（12月29日から1月4日まで）,会議室は1時間当たり500円、和室は1時間当たり300円,市バス「千本十条」下車、十条通から南へ徒歩3分,所定の申請書に記入し、直接来館し提出してください。,公共交通機関を御利用ください。,,,,,,,,,,,,,,,,,,,,,,,,,,,,,
文化市民局,地域自治推進室,1000000130,上鳥羽南部いきいき市民活動センター,かみとばなんぶいきいきしみんかつどうせんたー,34.9613205,135.7375523,102,8,市民公益活動はもとより、サークル活動など市民活動を幅広く支援していくための施設です。,601-8176,京都市南区上鳥羽山ノ本町332,,株式会社 丸起,075-672-3521,075-662-0920,https://www.minami-kamitoba-ikiiki.com/,会議室,10：00〜21：00 ただし、日曜日は10：00〜17：00,火曜日及び年末年始（12月29日から1月4日まで）,会議室は1時間当たり300円,市バス「上鳥羽馬廻」下車　徒歩３分,所定の申請書に記入し、直接来館し提出してください。,公共交通機関を御利用ください。,,,,,,,,,,,,,,,,,,,,,,,,,,,,,
文化市民局,地域自治推進室,1000000131,久世いきいき市民活動センター,くぜいきいきしみんかつどうせんたー,34.96044854,135.7215678,102,8,市民公益活動はもとより、サークル活動など市民活動を幅広く支援していくための施設です。,601-8202,京都市南区久世大築町54-1,,地域環境整備 みどりの会,075-921-0030,075-932-8751,http://www.kuze-ikisen.com/,"会議室、和室料理室",10：00〜21：00 ただし、日曜日は10：00〜17：00,火曜日及び年末年始（12月29日から1月4日まで）,会議室は1時間当たり600円又は400円、和室は1時間当たり400円、料理室は1時間当たり600円,市バス「久世橋西詰」下車　南へ徒歩10分,所定の申請書に記入し、直接来館し提出してください。,公共交通機関を御利用ください。,,,,,,,,,,,,,,,,,,,,,,,,,,,,,
文化市民局,地域自治推進室,1000000133,醍醐いきいき市民活動センター,だいごいきいきしみんかつどうせんたー,34.9401808,135.8132558,102,11,市民公益活動はもとより、サークル活動など市民活動を幅広く支援していくための施設です。,601-1345,京都市伏見区醍醐外山街道町21-21,,株式会社 ワン・ワールド ,075-571-0035,075-573-5224,http://1-world.wixsite.com/daigoikisen,"会議室、和室集会室",10：00〜21：00 ただし、日曜日は10：00〜17：00,火曜日及び年末年始（12月29日から1月4日まで）,会議室、和室は1時間当たり600円、集会室は1時間当たり800円,地下鉄「石田」下車　徒歩10分,所定の申請書に記入し、直接来館し提出してください。,公共交通機関を御利用ください。,,,,,,,,,,,,,,,,,,,,,,,,,,,,,
文化市民局,地域自治推進室,1000000134,伏見いきいき市民活動センター,ふしみいきいきしみんかつどうせんたー,34.94950517,135.7581773,102,11,市民公益活動はもとより、サークル活動など市民活動を幅広く支援していくための施設です。,612-8434,京都市伏見区深草加賀屋敷町6-2,,有限責任事業組合 まちとしごと総合研究所 ,075-604-4274,075-604-4274,https://www.ikik243.com/,会議室、音楽室集会室,10：00〜21：00 ただし、日曜日は10：00〜17：00,火曜日及び年末年始（12月29日から1月4日まで）,音楽室は1時間当たり400円、会議室は1時間当たり600円、集会室は1時間当たり800円,地下鉄「竹田」下車　徒歩10分市バス「西墨染通」下車すぐ,所定の申請書に記入し、直接来館し提出してください。,公共交通機関を御利用ください。,,,,,,,,,,,,,,,,,,,,,,,,,,,,,
文化市民局,市民スポーツ振興室,1000000135,西京極総合運動公園,にしきょうごくそうごううんどうこうえん,34.99314,135.71492,132,9,-,615-0864,京都市右京区西京極新明町29,,京都スポーツネットワーク,075-313-9131,,https://g-kyoto.pref.kyoto.lg.jp/reserve_j/html2/100043.htm,陸上競技、サッカー、ラグビー、硬式野球、バスケットボール、バレーボール  ほか,7:00〜21:00,12/29〜1/3 ,ホームページを御覧ください。,●四条河原町から 市バス「西京極運動公園前」下車 ●阪急電車「西京極」駅下車,ホームページを御覧ください。,,,,,,,,,,,,,,,,,,,,,,,,,,,,,,
文化市民局,市民スポーツ振興室,1000000136,横大路運動公園,よこおおじうんどうこうえん,34.91422,135.73453,132,11,-,612-8263,京都市伏見区横大路下ノ坪1,,横大路スポーツネットワーク ,075-611-9796,,https://g-kyoto.pref.kyoto.lg.jp/reserve_j/html2/100044.htm,硬式野球、軟式野球、ソフトボール、アーチェリー  ほか,6:00〜22:00 ,12/29〜1/3,ホームページを御覧ください。,●京阪電車「淀」駅から 市バス・京阪バス「南横大路」下車 ●京阪電車「中書島」駅から 市バス「南横大路」下車,ホームページを御覧ください。,,,,,,,,,,,,,,,,,,,,,,,,,,,,,,
文化市民局,市民スポーツ振興室,1000000137,宝が池公園運動施設,たからがいけこうえんうんどうしせつ,35.05404,135.77446,132,3,-,606-0924,京都市左京区松ヶ崎東池ノ内町2,,シンコースポーツグループ・シティービルサービス共同事業体,075-701-6366（球技場）075-746-3222（体育館）075-712-3300（テニス・フットサル）,,https://takaragaike-kyoto.jp,サッカー、ラグビー、アメリカンフットボール、ホッケー、ラクロス、テニス、体育室、トレーニング室、アーバンスポーツ（メインパーク、ミニパーク） ほか,●球技場、テニスコート、、フットサルコート、体育館など　8:00〜21:00 ●メインパーク　9:00〜19:00●ミニパーク　9:00〜21:00,12/29〜1/3,ホームページを御覧ください。,●地下鉄烏丸線「北山」又は「松ヶ崎」駅下車 ●京都バス「宝ヶ池球技場前」下車,ホームページを御覧ください。,,,,,,,,,,,,,,,,,,,,,,,,,,,,,,
文化市民局,市民スポーツ振興室,1000000138,武道センター,ぶどうせんたー,35.01702,135.78086,132,3,-,606-8323,京都市左京区聖護院円頓美町46-2,,岡崎スポーツネットワーク ,075-751-1255,,https://g-kyoto.pref.kyoto.lg.jp/reserve_j/html2/100046.htm,柔道、剣道、なぎなた、テニス、バレーボール、バドミントン、卓球、弓道、相撲,9:00〜21:00,12/29〜1/3 ,ホームページを御覧ください。,●京都駅から ●四条河原町から いずれも市バス「熊野神社前」下車 東へ徒歩1分 ●三条京阪から 市バス「岡崎公園 美術館・平安神宮前」下車 北西へ徒歩3分,ホームページを御覧ください。,,,,,,,,,,,,,,,,,,,,,,,,,,,,,,
文化市民局,市民スポーツ振興室,1000000139,岡崎公園,おかざきこうえん,35.01455,135.78286,132,3,-,606-8342,京都市左京区岡崎最勝寺町,,左京スポーツネットワーク,075-771-0297,,https://g-kyoto.pref.kyoto.lg.jp/reserve_j/html2/100047.htm,軟式野球、テニス,8:00〜21:00,12/29〜1/3 ,ホームページを御覧ください。,●京都駅から ●三条京阪から いずれも市バス「岡崎公園動物園前」下車 ●四条河原町から 市バス「東山二条・岡崎公園口」「岡崎公園 美術館・平安神宮前」下車,ホームページを御覧ください。,,,,,,,,,,,,,,,,,,,,,,,,,,,,,,
文化市民局,市民スポーツ振興室,1000000140,一乗寺公園,いちじょうじこうえん,35.04224,135.78734,132,3,-,606-8162,京都市左京区一乗寺御祭田町,,シンコースポーツグループ・シティービルサービス共同事業体,075-724-0204,,https://takaragaike-kyoto.jp,軟式野球、ソフトボール,6:00〜19:00（日照時間により変更有）,12/29〜1/3 ,ホームページを御覧ください。,●京都バス「一乗寺梅ノ木町」下車 ●叡山電鉄「一乗寺」駅下車,ホームページを御覧ください。,,,,,,,,,,,,,,,,,,,,,,,,,,,,,,
文化市民局,市民スポーツ振興室,1000000141,岩倉東公園,いわくらひがしこうえん,35.06945,135.78745,132,3,-,606-0021,京都市左京区岩倉忠在地町,,シンコースポーツグループ・シティービルサービス共同事業体,075-724-0204,,https://takaragaike-kyoto.jp,軟式野球、ソフトボール、サッカー、少年サッカー,8:00〜19:00（日照時間により変更有）,12/29〜1/3 ,ホームページを御覧ください。,●地下鉄烏丸線「国際会館」駅下車 徒歩約7分 ●叡山電鉄鞍馬線「岩倉」駅下車 徒歩約2分,ホームページを御覧ください。,,,,,,,,,,,,,,,,,,,,,,,,,,,,,,
文化市民局,市民スポーツ振興室,1000000142,朱雀公園,すざくこうえん,35.01247,135.73748,132,4,-,604-8426,京都市中京区西ノ京船塚町,,ビバ・アシックス・日本メックス・テルウェルグループ,,,https://g-kyoto.pref.kyoto.lg.jp/reserve_j/html2/100050.htm,軟式野球、ソフトボール,6:00〜19:00（利用月により異なります） ,12/29〜1/3 ,ホームページを御覧ください。,●ＪＲ山陰本線「二条」駅下車 徒歩７分●市バス「二条駅前」下車 徒歩７分,ホームページを御覧ください。,,,,,,,,,,,,,,,,,,,,,,,,,,,,,,
文化市民局,市民スポーツ振興室,1000000143,東野公園,ひがしのこうえん,34.97645,135.81156,132,6,-,607-8145,京都市山科区東野八反畑町,,ビバ・アシックス・日本メックス・テルウェルグループ,,,https://g-kyoto.pref.kyoto.lg.jp/reserve_j/html2/100051.htm,少年野球、ソフトボール,6:00〜19:00（利用月により異なります） ,12/29〜1/3 ,ホームページを御覧ください。,●地下鉄東西線「椥辻」駅下車 徒歩10分  ,ホームページを御覧ください。,,,,,,,,,,,,,,,,,,,,,,,,,,,,,,
文化市民局,市民スポーツ振興室,1000000144,勧修寺公園,かんしゅうじこうえん,34.96674,135.81018,132,6,-,607-8213,京都市山科区勧修寺東金ケ崎,,ビバ・アシックス・日本メックス・テルウェルグループ,075-501-6241,,https://g-kyoto.pref.kyoto.lg.jp/reserve_j/html2/100052.htm,軟式野球、ソフトボール、テニス,6:00〜19:00（利用月により異なります） ,12/29〜1/3 ,ホームページを御覧ください。,●地下鉄東西線「椥辻」駅下車　徒歩12分 ,ホームページを御覧ください。,,,,,,,,,,,,,,,,,,,,,,,,,,,,,,
文化市民局,市民スポーツ振興室,1000000145,山科中央公園,やましなちゅうおうこうえん,34.98466,135.81188,132,6,-,607-8343,京都市山科区西野阿芸沢町,,京都市,,,https://g-kyoto.pref.kyoto.lg.jp/reserve_j/html2/100053.htm,軟式野球、テニス,"（4/1〜10/31）8:00〜18:00（11/1〜3/31）8:00〜17:00",12/28〜1/4,ホームページを御覧ください。,●地下鉄東西線「東野」駅下車,ホームページを御覧ください。,,,,,,,,,,,,,,,,,,,,,,,,,,,,,,
文化市民局,市民スポーツ振興室,1000000146,殿田公園,とのだこうえん,34.97746,135.75746,132,8,-,601-8047,京都市南区東九条下殿田町,,ビバ・アシックス・日本メックス・テルウェルグループ,,,https://g-kyoto.pref.kyoto.lg.jp/reserve_j/html2/100054.htm,軟式野球、ソフトボール,6:00〜19:00（利用月により異なります） ,12/29〜1/3 ,ホームページを御覧ください。,●地下鉄烏丸線「九条」駅下車 徒歩５分●市バス「九条車庫前」下車 徒歩５分  ,ホームページを御覧ください。,,,,,,,,,,,,,,,,,,,,,,,,,,,,,,
文化市民局,市民スポーツ振興室,1000000147,吉祥院公園,きっしょういんこうえん,34.97125,135.72445,132,8,-,601-8380,京都市南区吉祥院新田下ノ向町,,ビバ・アシックス・日本メックス・テルウェルグループ,075-691-2814,,https://g-kyoto.pref.kyoto.lg.jp/reserve_j/html2/100055.htm,サッカー、ラグビー、軟式野球  ほか,●野球場　6:00〜19:00（日照時間により変動）●球技場　9:00〜21:00 ,12/29〜1/3 ,ホームページを御覧ください。,●市バス「吉祥院西ノ茶屋町」下車　徒歩３分,ホームページを御覧ください。,,,,,,,,,,,,,,,,,,,,,,,,,,,,,,
文化市民局,市民スポーツ振興室,1000000148,上鳥羽公園,かみとばこうえん,34.97079,135.75168,132,8,-,601-8103,京都市南区上鳥羽仏現寺町,,ビバ・アシックス・日本メックス・テルウェルグループ,,,https://g-kyoto.pref.kyoto.lg.jp/reserve_j/html2/100056.htm,少年野球、ソフトボール,6:00〜19:00（利用月により異なります） ,12/29〜1/3,ホームページを御覧ください。,●近鉄「十条」駅下車 徒歩８分●市バス「九条大宮」下車 徒歩13分 ,ホームページを御覧ください。,,,,,,,,,,,,,,,,,,,,,,,,,,,,,,
文化市民局,市民スポーツ振興室,1000000149,桂川緑地久我橋東詰公園,かつらりょくちこがばしひがしづめこうえん,34.94773317,135.7363307,132,8,-,601-8154,京都市南区上鳥羽塔ノ森柳原,,横大路スポーツネットワーク ,075-681-6465  ,,https://g-kyoto.pref.kyoto.lg.jp/reserve_j/html2/100057.htm,サッカー、少年サッカー、グランドゴルフ、ソフトボール、ラクロス、フットサル、テニス、少年野球、ラグビー,9:00〜19:00（日照時間により変更有）,12/29〜1/3 ,ホームページを御覧ください。,●市バス「上鳥羽塔ノ森」下車,ホームページを御覧ください。,,,,,,,,,,,,,,,,,,,,,,,,,,,,,,
文化市民局,市民スポーツ振興室,1000000150,西院公園,さいいんこうえん,35.00189,135.72187,132,9,-,615-0051,京都市右京区西院安塚町,,アクアリーナ・西院スポーツネットワーク,075-311-2042,,https://g-kyoto.pref.kyoto.lg.jp/reserve_j/html2/100058.htm,テニス,8:00〜21:00 ,12/29〜1/3,ホームページを御覧ください。,●京都駅から ●四条河原町から いずれも市バス「四条葛野大路」下車,ホームページを御覧ください。,,,,,,,,,,,,,,,,,,,,,,,,,,,,,,
文化市民局,市民スポーツ振興室,1000000151,牛ケ瀬公園,うしがせこうえん,34.97661,135.7161,132,10,-,615-8031,京都市西京区牛ケ瀬林ノ本町,,ビバ・アシックス・日本メックス・テルウェルグループ,,,https://g-kyoto.pref.kyoto.lg.jp/reserve_j/html2/100059.htm,少年野球、ソフトボール,6:00〜19:00（利用月により異なります） ,12/29〜1/3,ホームページを御覧ください。,●阪急電車「桂」駅東口から 市バス「牛ケ瀬」下車,ホームページを御覧ください。,,,,,,,,,,,,,,,,,,,,,,,,,,,,,,
文化市民局,市民スポーツ振興室,1000000152,小畑川中央公園,おばたがわちゅうおうこうえん,34.96701,135.67549,132,10,-,610-1142,京都市西京区大枝東新林町二丁目,,ビバ・アシックス・日本メックス・テルウェルグループ,075-331-7665,,https://g-kyoto.pref.kyoto.lg.jp/reserve_j/html2/100060.htm,軟式野球、ソフトボール、テニス,6:00〜19:00（利用月により異なります） ,12/29〜1/3,ホームページを御覧ください。,●市バス「境谷大橋」下車　徒歩３分●市バス「小畑川公園北口」下車　徒歩２分●市バス「北福西町一丁目」下車　徒歩５分 ,ホームページを御覧ください。,,,,,,,,,,,,,,,,,,,,,,,,,,,,,,
文化市民局,市民スポーツ振興室,1000000153,三栖公園,みすこうえん,34.93363,135.75222,132,11,-,612-8377,京都市伏見区島津町,,横大路スポーツネットワーク ,075-611-8664,,https://g-kyoto.pref.kyoto.lg.jp/reserve_j/html2/100061.htm,軟式野球、ソフトボール、テニス,6:00〜19:00（日照時間により変更有）,12/29〜1/3,ホームページを御覧ください。,●市バス「三栖公園前」下車,ホームページを御覧ください。,,,,,,,,,,,,,,,,,,,,,,,,,,,,,,
文化市民局,市民スポーツ振興室,1000000154,下鳥羽公園,しもとばこうえん,34.94343,135.74827,132,11,-,612-8394,京都市伏見区下鳥羽西芹川町,,下鳥羽スポーツネットワーク,075-612-3300,,https://g-kyoto.pref.kyoto.lg.jp/reserve_j/html2/100062.htm,サッカー ほか,9:00〜21:00,12/29〜1/3,ホームページを御覧ください。,●京都駅から ●地下鉄「竹田」駅から いずれも市バス「国道赤池」下車,ホームページを御覧ください。,,,,,,,,,,,,,,,,,,,,,,,,,,,,,,
文化市民局,市民スポーツ振興室,1000000155,伏見公園,ふしみこうえん,34.9292,135.76655,132,11,-,612-8107,京都市伏見区桃陵町,,ビバ・アシックス・日本メックス・テルウェルグループ,,,https://g-kyoto.pref.kyoto.lg.jp/reserve_j/html2/100063.htm,軟式野球、ソフトボール,6:00〜19:00（利用月により異なります）  ,12/29〜1/3,ホームページを御覧ください。,●近鉄京都線「桃山御陵前」駅下車 徒歩６分●ＪＲ奈良線「桃山」駅下車 徒歩８分●京阪本線「伏見桃山」駅下車 徒歩６分 ,ホームページを御覧ください。,,,,,,,,,,,,,,,,,,,,,,,,,,,,,,
文化市民局,市民スポーツ振興室,1000000156,伏見桃山城運動公園,ふしみももやまじょううんどうこうえん,34.94012,135.77926,132,11,-,612-0853,京都市伏見区桃山町大蔵,,ビバ・アシックス・日本メックス・テルウェルグループ,075-602-0605,,https://g-kyoto.pref.kyoto.lg.jp/reserve_j/html2/100042.htm,硬式野球、軟式野球、ソフトボール、サッカー　ほか,●野球場　6:00〜19:00（日照時間により変動）●多目的グラウンド　6:00〜21:00（日照時間により変動） ,12/29〜1/3,ホームページを御覧ください。,●近鉄京都線「丹波橋」駅下車 徒歩20分●ＪＲ奈良線「藤森」駅下車 徒歩22分●京阪本線「丹波橋」駅下車 徒歩20分 ,ホームページを御覧ください。,,,,,,,,,,,,,,,,,,,,,,,,,,,,,,
文化市民局,市民スポーツ振興室,1000000157,宇治川公園,うじがわこうえん,34.9227,135.76234,132,11,-,612-8154,京都市伏見区向島津田町,,京都市  ,,,https://g-kyoto.pref.kyoto.lg.jp/reserve_j/html2/100064.htm,軟式野球,6:00〜19:00（日照時間により変更有）,12/29〜1/3 ,ホームページを御覧ください。,●横大路車庫から 市バス「観月橋北詰」下車 ●京阪電車「観月橋」駅下車,ホームページを御覧ください。,,,,,,,,,,,,,,,,,,,,,,,,,,,,,,
文化市民局,市民スポーツ振興室,1000000158,京都市体育館,きょうとしたいいくかん,34.99539,135.71499,132,9,-,615-0864,京都市右京区西京極新明町1,,京都スポーツネットワーク ,075-315-3741 ,,https://g-kyoto.pref.kyoto.lg.jp/reserve_j/html2/100065.htm,バスケットボール、テニス、バレーボール、バドミントン、卓球、剣道  ほか,8:00〜22:00 ,12/29〜1/3 ,ホームページを御覧ください。,●四条河原町から 市バス「西京極運動公園前」下車 ●阪急電車「西京極」駅下車,ホームページを御覧ください。,,,,,,,,,,,,,,,,,,,,,,,,,,,,,,
文化市民局,市民スポーツ振興室,1000000159,市民スポーツ会館,しみんすぽーつかいかん,34.99495,135.71548,132,9,-,615-0864,京都市右京区西京極新明町32,,京都スポーツネットワーク ,075-315-3741,,https://g-kyoto.pref.kyoto.lg.jp/reserve_j/html2/100066.htm,バドミントン、バレーボール、テニス、バスケットボール、卓球、ニュースポーツ,8:00〜22:00,12/29〜1/3,ホームページを御覧ください。,●四条河原町から 市バス「西京極運動公園前」下車 ●阪急電車「西京極」駅下車,ホームページを御覧ください。,,,,,,,,,,,,,,,,,,,,,,,,,,,,,,
文化市民局,市民スポーツ振興室,1000000160,東山地域体育館,ひがしやまちいきたいいくかん,34.99709,135.77625,132,5,-,605-0862,京都市東山区清水五丁目130-6,,ビバ・アシックス・日本メックス・テルウェルグループ,075-532-0474,,https://g-kyoto.pref.kyoto.lg.jp/reserve_j/html2/100067.htm,バスケット、テニス、バレーボール、バドミントン、卓球、ニュースポーツ  ほか,9:00〜21:00,12/29〜1/3,ホームページを御覧ください。,●市バス「清水道」下車すぐ ●京阪電車「清水五条」下車 徒歩10分 ●京阪電車「祇園四条」下車 徒歩15分,ホームページを御覧ください。,,,,,,,,,,,,,,,,,,,,,,,,,,,,,,
文化市民局,市民スポーツ振興室,1000000161,山科地域体育館,やましなちいきたいいくかん,34.97692,135.81367,132,6,-,607-8169,京都市山科区椥辻西浦町1-12,,ビバ・アシックス・日本メックス・テルウェルグループ,075-595-9705,,https://g-kyoto.pref.kyoto.lg.jp/reserve_j/html2/100068.htm,バスケット、テニス、バレーボール、バドミントン、卓球、ニュースポーツ  ほか,9:00〜21:00,12/29〜1/3,ホームページを御覧ください。,●地下鉄東西線「椥辻駅」下車 徒歩9分●京阪バス「八反町」停徒歩4分 ,ホームページを御覧ください。,,,,,,,,,,,,,,,,,,,,,,,,,,,,,,
文化市民局,市民スポーツ振興室,1000000162,桂川地域体育館,かつらがわちいきたいいくかん,34.996,135.69781,132,10,-,615-8201,京都市西京区上桂今井町131,,ビバ・アシックス・日本メックス・テルウェルグループ,075-392-6573,,https://g-kyoto.pref.kyoto.lg.jp/reserve_j/html2/100069.htm,バドミントン、バレーボール、テニス、バスケットボール、卓球、ニュースポーツ,9:00〜21:00,12/29〜1/3,ホームページを御覧ください。,●市バス「上野橋」下車徒歩7分 ,ホームページを御覧ください。,,,,,,,,,,,,,,,,,,,,,,,,,,,,,,
文化市民局,市民スポーツ振興室,1000000163,伏見北堀公園地域体育館,ふしみきたぼりこうえんちいきたいいくかん,34.94151,135.77766,132,11,-,612-0852,京都市伏見区深草大亀谷五郎太町23,,ビバ・アシックス・日本メックス・テルウェルグループ,075-601-0700,,https://g-kyoto.pref.kyoto.lg.jp/reserve_j/html2/100070.htm,バスケット、テニス、バレーボール、バドミントン、卓球、ニュースポーツ  ほか,9:00〜21:00,12/29〜1/3,ホームページを御覧ください。,●市バス「桃山中学前」下車　徒歩約10分●京阪電車「丹波橋」駅下車　北東徒歩15分●JR奈良線「ＪＲ藤森」駅下車　徒歩10分  ,ホームページを御覧ください。,,,,,,,,,,,,,,,,,,,,,,,,,,,,,,
文化市民局,市民スポーツ振興室,1000000164,醍醐地域体育館,だいごちいきたいいくかん,34.95115,135.81017,132,11,-,601-1375,京都市伏見区醍醐高畑町30-1,,ビバ・アシックス・日本メックス・テルウェルグループ,075-575-2582,,https://g-kyoto.pref.kyoto.lg.jp/reserve_j/html2/100071.htm,バスケットボール、バレーボール、テニス、バドミントン、卓球、ニュースポーツ,9:00〜21:00,12/29〜1/3,ホームページを御覧ください。,●京阪バス「醍醐高畑町」下車 ●地下鉄東西線「醍醐」駅下車,ホームページを御覧ください。,,,,,,,,,,,,,,,,,,,,,,,,,,,,,,
文化市民局,市民スポーツ振興室,1000000165,京北運動公園,けいほくうんどうこうえん,35.1832,135.66186,132,9,-,601-0316,京都市右京区京北比賀江町院谷21-1,,京北自治振興会,075-852-0001,,https://athletic.kyoto-keihoku.jp/,軟式野球、ソフトボール、テニス,8:30〜22:30 ,12/27〜1/5 ,ホームページを御覧ください。,●京北ふるさとバス「比賀江」下車　徒歩3分 ,ホームページを御覧ください。,,,,,,,,,,,,,,,,,,,,,,,,,,,,,,
文化市民局,市民スポーツ振興室,1000000167,黒田トレーニングホール,くろだとれーにんぐほーる,35.20418,135.71965,132,9,,601-0406,京都市右京区京北宮町宮野80-1,,京都市,075-856-0001,075-856-0001,,,,,,,,,,,,,,,,,,,,,,,,,,,,,,,,,,,,,
文化市民局,市民スポーツ振興室,1000000168,京都アクアリーナ,きょうとあくありーな,34.9898,135.71537,132,9,-,615-0846,京都市右京区西京極徳大寺団子田町64,,アクアリーナ・西院スポーツネットワーク,075-315-4800,,http://www.kyoto-aquarena.com/,プール、アイススケートリンク（冬季）、アーチェリー場、トレーニングルーム,9:00〜21:00 ,12/29〜1/3,ホームページを御覧ください。,●阪急電車「西京極」駅下車 ,ホームページを御覧ください。,,,,,,,,,,,,,,,,,,,,,,,,,,,,,,
文化市民局,市民スポーツ振興室,1000000169,京北ふれあいプール,けいほくふれあいぷーる,35.1387,135.5914,132,9,,601-0265,京都市右京区京北中地町蛸谷口18-1,,京都市,,,,,,,,,,,,,,,,,,,,,,,,,,,,,,,,,,,,,,,
文化市民局,共生社会推進室,1000000171,男女共同参画センター,だんじょきょうどうさんかくせんたー,35.00683,135.76132,111,4,男女共同参画の拠点施設として、情報提供、相談事業、各種講座の開催、施設の貸出など、様々な事業を実施しています。,604-8147,京都市中京区東洞院通六角下る御射山町262,,（公財）京都市男女共同参画推進協会,075-212-7490,075-212-7460,https://wings-kyoto.jp/,・図書情報室・相談室・貸施設：イベントホール（固定240席）、スポーツルーム（バスケ・バレー2面）、会議室、音楽室、フィットネスルーム等,"月〜土：9:00〜21:00日・祝：9:00〜17:00",水曜日、12/29〜1/3,"・図書情報室、相談室は無料です。・貸し施設についてはホームページを御覧ください。","阪急烏丸駅・地下鉄四条駅（20番出口）から徒歩５分地下鉄烏丸御池駅（5番出口）から徒歩５分",ホームページを御覧ください。,,ウィングス京都,,,,,,,,,,,,,,,,,,,,,,,,,,,,
文化市民局,地域自治推進室,1000000172,市民活動総合センター,しみんかつどうそうごうせんたー,34.99338,135.76495,102,7,ＮＰＯやボランティア団体等による公益的な市民活動を、特定の分野や領域を超えて総合的にサポートするとともに、市民活動を行う皆様の交流や連携を促進することを目的とした施設です。 ,600-8127,京都市下京区西木屋町通上ノ口上る梅湊町83-1　ひと・まち交流館京都 ２階,,特定非営利活動法人きょうとＮＰＯセンター,075-354-8721,075-354-8723,http://shimin.hitomachi-kyoto.jp,"（専用部分）市民活動情報ライブラリー、交流フロア、ロッカー・メールボックス、ミーティングルーム、市民活動情報コーナー、印刷室、スモールオフィス、パソコンコーナー（共用部分）駐車場、大会議室、会議室、和室、図書コーナー、作品展示コーナー、児童室等","(月〜土）9：00〜21：30（日・祝）9：00〜17：00",毎月第3火曜日、年末年始（12月29日〜1月4日）,ロッカー、スモールオフィス、印刷室、駐車場及び大会議室は有料（詳細はホームページを御覧ください。）,市バス17、２０５系統「河原町正面」下車京阪電車「清水五条」下車　徒歩８分地下鉄烏丸線「五条」下車　徒歩１０分,ホームページを御覧ください。,,,,,,,,,,,,,,,,,,,,,,,,,,,,,,
文化市民局,動物園,1000000173,動物園,どうぶつえん,35.01285,135.78521,108,3,1903年開園の日本で2番目に歴史のある動物園。動物の生態を学べるわかりやすい展示が魅力です。,606-8333 ,京都市左京区岡崎法勝寺町 岡崎公園内,,京都市,075-771-0210,075-752-1974,https://www5.city.kyoto.jp/zoo/,ニシゴリラやアジアゾウなど、約１２０種５５０点の動物がいます。,"（ 3月〜11月）9:00〜17:00（12月〜 2月）9:00〜16:30※ただし、入園は閉園の３０分前まで",12/28〜1/1、月曜日（祝日の場合は翌日）,大人：６２０円　団体（３０人以上）：５２０円　小学生以下無料,地下鉄「東山」「蹴上」から徒歩約１０分市バス「岡崎公園動物園前」下車すぐ,団体入園についてはホームページを御覧ください。,"・アルコール類の持込禁止・ペットは入れません",,,,,,,,,,,,,,,,,,,,,,,,,,,,,
文化市民局,美術館,1000000174,京都市京セラ美術館,きょうとしきょうせらびじゅつかん,35.01284507,135.7835698,131,3,近現代の日本美術や海外の美術館の企画展、所蔵品を紹介する常設展、美術団体の展覧会を開催しています。,606-8344 ,京都市左京区岡崎円勝寺町124番地,,京都市,075-771-4107 ,075-771-4334,https://kyotocity-kyocera.museum/,本館・新館（展示室、ミュージアムショップ、カフェ、日本庭園など）,10:00〜18:00※ただし、入場は17:30まで,月曜日（祝日の場合は開館）、12/28〜1/2,展覧会により異なります。,地下鉄「東山」から徒歩8分,詳細はホームページを御覧ください。,・館内での飲食は、指定の場所以外では不可です。・館内は全面禁煙です。・ペット持込不可です。・公共交通機関をご利用ください。,,,,,,,,,,,,,,,,,,,,,,,,,,,,,
文化市民局,文化芸術企画課,1000000175,京都コンサートホール,きょうとこんさーとほーる,35.04983,135.76661,131,3,クラシック音楽の演奏と鑑賞の場として利用できる文化施設です。,606-0823 ,京都市左京区下鴨半木町1-26,,（公財）京都市音楽芸術文化振興財団,075-711-2244 ,075-711-2955 ,http://www.kyoto-ongeibun.jp/kyotoconcerthall/,大ホール（1、839席）、小ホール（514席）,9:00〜22:00,毎月第１・３月曜日（祝日の場合は翌平日）、12/28〜1/4,有料（詳細はホームページを御覧ください。）,地下鉄「北山」から徒歩５分,詳細はホームページを御覧ください。,,,,,,,,,,,,,,,,,,,,,,,,,,,,,,
文化市民局,文化芸術企画課,1000000176,ロームシアター京都,ろーむしあたーきょうと,35.01467,135.78075,131,3,音楽、演劇、舞踊等の公演、研修、会議等に利用できる文化施設です。,606-8342 ,京都市左京区岡崎最勝寺町13,,（公財）京都市音楽芸術文化振興財団,075-771-6105,075-746-3366,http://rohmtheatrekyoto.jp/,メインホール（2、005席）、サウスホール（716席）、ノースホール（約200席）、会議室（2室）、楽屋兼レッスン室（3室）,9:00〜22:00,無休（施設・設備保守点検等で臨時に休館する場合あり）,有料（詳細はホームページを御覧ください。）,地下鉄東西線「東山｣ 下車 2号出入口より北へ徒歩8分、市バス　「岡崎公園 ロームシアター京都・みやこめっせ前」又は「岡崎公園 美術館・平安神宮前」（5・32・46・100系統）下車すぐ、市バス　「東山二条・岡崎公園口」（31・201・202・203・206系統）下車 東へ徒歩3分,詳細はホームページを御覧ください。,,,,,,,,,,,,,,,,,,,,,,,,,,,,,,
文化市民局,文化芸術企画課,1000000177,円山公園音楽堂,まるやまこうえんおんがくどう,35.00242,135.78086,131,5,円山公園内にあり、音楽をはじめ各種の文化事業、慰楽事業、集会等に利用できる自然環境にめぐまれた野外施設です。,605-0071,京都市東山区円山町 円山公園内,,（株）アクティブケイ,075-255-9939,075-255-9939,http://kaiwai.city.kyoto.jp/search/view_sight.php?lang=ja&InforKindCode=1&ManageCode=4000048,野外音楽堂（3、010席）,9:00〜20:30,12/26〜1/3（ただし、設備保守点検等のため、臨時休館あり）,有料（詳細はホームページを御覧ください。）,市バス「祇園」下車　徒歩約5分、京阪「祇園四条」下車　徒歩約15分,"　使用希望日の9ヶ月前の午前9時30分から午後6時まで円山公園音楽堂事務局※にて仮押えを受け付けます（電話可）。翌受付日に電話にて重複の有無をご連絡致します。重複がなければ仮押さえとなり、重複の場合は後日、抽選で決定します。仮押さえ後は直接事務局へ来局し、使用許可申請を提出してください。　　※株式会社アクティブケイ　　所在地：京都市中京区車屋町通丸太町南　田丸産業ビル4階　　受　付：9時30分〜18時まで。ただし、土日祝及び12月29日から1月4日までは受付なし。",,,,,,,,,,,,,,,,,,,,,,,,,,,,,,
文化市民局,文化芸術企画課,1000000179,東部文化会館,とうぶぶんかかいかん,34.97636,135.81405,131,6,音楽、演劇、舞踊等の公演、研修、会議等に利用できる文化施設です。,607-8169,京都市山科区椥辻西浦町1-8,,（公財）京都市音楽芸術文化振興財団,075-502-1012 ,075-502-1014,http://www.kyoto-ongeibun.jp/toubu/,ホール（550席）、創造活動室、第1〜第3会議室、和室A・B、保育・休養室,9:00〜21:30,12/28〜1/4（ただし、設備保守点検等のため、臨時休館あり）。ホール・創造活動室は、毎週火曜（休日の場合はその翌日）。,有料（詳細はホームページを御覧ください。）,地下鉄東西線「椥辻駅」（1番出口）下車より徒歩7分、京阪バス「八反畑」（22・22Ａ・24系統）下車徒歩2分,"＜ホール・創造活動室＞　　　　使用希望日月の6ヶ月前の月初めから月末までの間に抽選参加申込みをしてください。1ヶ月分をまとめて翌月の月初めに抽選のうえ仮決定し、使用許可申請を受け付けます。＜会議室・和室＞使用希望日の2ヶ月前から受け付けます。申込多数の場合は抽選により決定します。",,,,,,,,,,,,,,,,,,,,,,,,,,,,,,
文化市民局,文化芸術企画課,1000000180,呉竹文化センター,くれたけぶんかせんたー,34.93832,135.76464,131,11,音楽、演劇、舞踊等の公演、研修、会議等に利用できる文化施設です。,612-8085,京都市伏見区京町南七丁目35-1,,（公財）京都市音楽芸術文化振興財団,075-603-2463,075-603-2465,http://www.kyoto-ongeibun.jp/kuretake/,ホール（600席）、創造活動室、リハーサル室、第1〜第3会議室、和室A・B、保育・休養室,9:00〜21:30,12/28〜1/4（ただし、設備保守点検等のため、臨時休館あり）。ホール・創造活動室は、毎週火曜（休日の場合はその翌日）。,有料（詳細はホームページを御覧ください。）,京阪本線「丹波橋」西口前・近鉄京都線「丹波橋」西口前、市バス「板橋」（南8系統）下車徒歩8分、「西丹波橋」（南8・81系統）下車徒歩15分,"＜ホール・創造活動室＞　　　　使用希望日の6ヶ月前の月初めから月末までの間に抽選参加申込みをしてください。1ヶ月分をまとめて翌月の月初めに抽選のうえ仮決定し、使用許可申請を受け付けます。＜リハーサル室・会議室・和室＞使用希望日の2ヶ月前から受け付けます。申込多数の場合は抽選により決定します。",,,,,,,,,,,,,,,,,,,,,,,,,,,,,,
文化市民局,文化芸術企画課,1000000181,西文化会館ウエスティ,にしぶんかかいかんうえすてぃ,34.98498,135.69419,131,10,音楽、演劇、舞踊等の公演、研修、会議等に利用できる文化施設です。,615-8225,京都市西京区上桂森下町31-1,,（公財）京都市音楽芸術文化振興財団,075-394-2005,075-394-2010,http://www.kyoto-ongeibun.jp/westy/,ホール（448席）、創造活動室、リハーサル室、第1〜第3会議室、和室A・B、保育・休養室,9:00〜21:30,12/28〜1/4（ただし、設備保守点検等のため、臨時休館あり）。ホール・創造活動室は、毎週火曜（休日の場合はその翌日）。,有料（詳細はホームページを御覧ください。）,"阪急嵐山線「上桂」下車　徒歩15分、市バス「千代原口」（嵯峨街道）又は「桂中学前」（嵯峨街道）（29・69系統）下車約6分、　市バス「平和台町」（国道9号）（73系統）下車約5分、市バス「千代原口」（国道9号）（73系統）下車約10分、京阪京都交通バス「千代原口」（国道9号）下車約10分","＜ホール・創造活動室＞　　　　使用希望日の6ヶ月前の月初めから月末までの間に抽選参加申込みをしてください。1ヶ月分をまとめて翌月の月初めに抽選のうえ仮決定し、使用許可申請を受け付けます。＜リハーサル室・会議室・和室＞使用希望日の2ヶ月前から受け付けます。申込多数の場合は抽選により決定します。　",,,,,,,,,,,,,,,,,,,,,,,,,,,,,,
文化市民局,文化芸術企画課,1000000182,北文化会館,きたぶんかかいかん,35.04586,135.75835,131,1,音楽、演劇、舞踊等の公演、研修、会議等に利用できる文化施設です。,603-8142,京都市北区小山北上総町49-2　キタオオジタウン内,,（公財）京都市音楽芸術文化振興財団,075-493-0567,075-493-0607,http://www.kyoto-ongeibun.jp/kita/,ホール（405席）、創造活動室、リハーサル室、第1〜第4会議室、和室A・B、保育・休養室,9:00〜21:30（ただし、スポーツ使用の場合は9:00〜21:00),12/28〜1/4（ただし、設備保守点検等のため、臨時休館あり）。ホール・創造活動室は、毎週火曜（休日の場合はその翌日）。,有料（詳細はホームページを御覧ください。）,地下鉄「北大路」下車（出入口1番）、市バス「北大路バスターミナル」下車（出入口1番）、京都バス「北大路バスターミナル」下車（出入口1番）,"＜ホール・創造活動室＞　　　使用希望日の6ヶ月前の月初めから月末までの間に抽選参加申込みをしてください。1ヶ月分をまとめて翌月の月初めに抽選のうえ仮決定し、使用許可申請を受け付けます。※スポーツ使用の場合　　　使用希望日の属する月の前月の月初めの午前9時から抽選により決定します。　　スポーツの使用可能日は、原則毎月第3水曜から翌週月曜まで。　　＜リハーサル室・会議室・和室＞使用希望日の2ヶ月前から受け付けます。申込多数の場合は抽選により決定します。　　　　　　　　　　　　　　　　　　　　",,,,,,,,,,,,,,,,,,,,,,,,,,,,,,
文化市民局,文化芸術企画課,1000000183,右京ふれあい文化会館,うきょうふれあいぶんかかいかん,35.01675,135.71725,131,9,音楽、演劇、舞踊等の公演、研修、会議等に利用できる文化施設です。,616-8065,京都市右京区太秦安井西裏町11-6,,（公財）京都市音楽芸術文化振興財団,075-822-3349,075-822-3384,http://www.kyoto-ongeibun.jp/ukyo/,ホール（452席）、創造活動室、リハーサル室、第1〜第4会議室、和室A・B、保育・休養室,9:00〜21:30,12/28〜1/4（ただし、設備保守点検等のため、臨時休館あり）。ホール・創造活動室は、毎週火曜（休日の場合はその翌日）。,有料（詳細はホームページを御覧ください。）,市バス「右京ふれあい文化会館前」（27号系統)、「花園駅前」（91、93号系統）「黒橋」（8、75号系統）下車徒歩5分、京都バス「花園駅前」「花園黒橋」下車徒歩5分、JR山陰本線（嵯峨野線）「花園駅」下車徒歩5分、市営地下鉄（東西線）「太秦天神川駅」下車徒歩10分、京福電鉄（嵐山線）「嵐電天神川駅」下車徒歩12分,"＜ホール・創造活動室＞　　　　使用希望日月の6ヶ月前の月初めから月末までの間に抽選参加申込みをしてください。1ヶ月分をまとめて翌月の月初めに抽選のうえ仮決定し、使用許可申請を受け付けます。＜リハーサル室・会議室・和室＞使用希望日の2ヶ月前から受け付けます。申込多数の場合は抽選により決定します。",,,,,,,,,,,,,,,,,,,,,,,,,,,,,,
文化市民局,文化芸術企画課,1000000184,京都芸術センター,きょうとげいじゅつせんたー,35.00544,135.75834,131,4,"(1) ジャンルを問わない若い世代の芸術家の制作活動の支援(2) さまざまなメディアを用いた、芸術文化に関する情報の収集と発信 (3) アーティスト・イン・レジデンスの受け入れ(4)国内外から京都を訪れる芸術家を中心にした、芸術家同士また芸術家と市民の交流の場の提供 など、さまざまな事業を展開しています。 ",604-8156,京都市中京区室町通蛸薬師下る山伏山町546−2,,（公財）京都市芸術文化協会,075-213-1000,075-213-1004,https://www.kac.or.jp/,制作室（10）、ギャラリー（2)、講堂、大広間、フリースペース、図書室、情報コーナー・談話室、和室「明倫」,"ギャラリー、情報コーナー・談話室、図書室：10:00〜20:00上記以外：10:00〜22:00",12/28〜1/4(その他臨時休所有り）,詳細はホームページを御覧ください。,地下鉄「四条」、阪急「烏丸」、市バス「四条烏丸」下車徒歩5分,詳細はホームページを御覧ください。,,,,,,,,,,,,,,,,,,,,,,,,,,,,,,
文化市民局,文化芸術企画課,1000000185,久世ふれあいセンター,くぜふれあいせんたー,34.95838,135.72431,131,8,桂川・新川の久世橋以南の河川敷環境及びその周辺地域の生活環境の整備を目的、成果を市民に継承し、市民相互の交流促進、市民の教育及び文化の向上及び発展に資するための施設として設置。 ,601-8203,京都市南区久世築山町328,,京都市,075-921-0010,075-921-0013,,＜ホール＞　　　　使用希望日月の6ヶ月前の月初めから受け付けます（先着順）。＜会議室・和室＞使用希望日の2ヶ月前から受け付けます（先着順）。＜トレーニングルーム＞当日直接来館。1人1回300円。,9:00〜21:00,毎週火曜（祝日の場合は翌平日）、12/27〜1/5まで,詳細はお問合せください。,市バス「築山」（13・78系統）下車徒歩2分,＜ホール＞　　　　使用希望日月の6ヶ月前の月初めから受け付けます（先着順）。＜会議室・和室＞使用希望日の2ヶ月前から受け付けます（先着順）。＜トレーニングルーム＞当日直接来館。1人1回300円。,,,,,,,,,,,,,,,,,,,,,,,,,,,,,,
文化市民局,文化財保護課,1000000186,無鄰菴,むりんあん,35.01165,135.78691,131,3,無鄰菴の庭園は、東山を借景とし、疏水から引き入れた水の流れがゆったりとした曲線を描いている。東端には醍醐寺三宝院の滝を模した三段の滝。池、芝生を配した池泉廻遊式庭園。明治の代表的造園家・小川治兵衛（植治）の作。昭和26年に明治時代の名園として国の「名勝」に指定されている。,606-8437,京都市左京区南禅寺草川町31,,(指定管理者)植彌加藤造園株式会社,075-771-3909,,http://murin-an.jp/,,4月 − 9月午前9時 − 午後6時10月 − 3月午前9時 − 午後5時※最終入場は、閉場時間の30分前まで,12/29〜12/31,"入園料金（1人1回）　600円（大人・こども同額）　小学生未満無料　母屋・茶室（1回）　午前9時〜正午　3,200円　正午〜午後5時　3,800円　午前9時〜午後5時　5,400円",地下鉄東西線「蹴上」下車　徒歩北西約7分、市バス　「神宮道」下車　北東徒歩約10分,入園は予約不要。母屋・茶室の使用申込みは無鄰菴（075-771-3909）へ（受付は6箇月前から）,公共交通機関をご利用ください。,,,,,,,,,,,,,,,,,,,,,,,,,,,,,
文化市民局,文化財保護課,1000000187,文化財建造物保存技術研修センター,ぶんかざいけんぞうぶつほぞんぎじゅつけんしゅうせんたー,34.99741,135.78036,131,5,文化財保存技術研修及び普及啓発のための施設です。,605-0862,京都市東山区清水二丁目205-5,,（公社）全国社寺等屋根工事技術保存会,075-532-4053,075-532-4064,https://www.city.kyoto.lg.jp/bunshi/page/0000005595.html,会議室、資料室、研修室（詳しくはホームページを御覧ください。）,9:00〜17:00,日曜日、月曜日、祝日及び年末年始（12月28日〜1月4日）,会議室、資料室、研修室は有料（詳しくはホームページを御覧ください。）,市バス「清水道」バス停から徒歩５分,ホームページを御覧ください。,公共交通機関をご利用ください。,,,,,,,,,,,,,,,,,,,,,,,,,,,,,
文化市民局,文化財保護課,1000000188,考古資料館,こうこしりょうかん,35.02992,135.74963,131,2,市内の発掘調査で発見された各時代の考古資料を公開、展示しています。,602-8435,京都市上京区今出川通大宮東入元伊佐町265-1,,（公財）京都市埋蔵文化財研究所,075-432-3245,075-431-3307,http://www.kyoto-arc.or.jp/museum, ,9:00〜17:00,"月曜（月曜が祝日または振り替え休日の場合は翌日）年末年始(12月28日〜1月3日)",入館無料,市バス「今出川大宮」バス停すぐ,,公共交通機関をご利用ください。,,,,,,,,,,,,,,,,,,,,,,,,,,,,,
文化市民局,元離宮二条城事務所,1000000189,元離宮二条城,もとりきゅうにじょうじょう,35.01288,135.75094,131,4,徳川家康の命により、１６０３年に京都御所の守護と将軍上洛時の宿泊所として築城された平城。春はライトアップ、秋はお城まつりなど、様々なイベントを開催。,604-8301,京都市中京区二条通堀川西入二条城町541,,京都市,075-841-0096,075-802-6181,http://www2.city.kyoto.lg.jp/bunshi/nijojo/,全域：世界遺産及び史跡、二の丸御殿障壁画（1016面）：重要文化財（美術工芸）、東大手門など（22棟）：重要文化財（建造物）、二の丸庭園：特別名勝 / 車いすの貸し出し、車いす用トイレ、売店,8:45〜17:00（受付終了：16:00）,12月29日〜12月31日二の丸御殿休止日：1月、7月、8月、12月の毎週火曜日（休日の場合は翌日）、1月1日〜1月3日まで及び12月26日〜12月28日まで本丸御殿休止日：毎月第3水曜日とその翌日（当該日が休日の場合は観覧可）,入城料：一般800円（30名以上700円）、中高生400円、小学生300円二の丸御殿観覧料：一般500円、（30名以上400円）本丸御殿観覧料：1000円、中高生300円、小学生200円,市バス「二条城前」から徒歩すぐ地下鉄「二条城前」から徒歩５分,当日直接※本丸御殿観覧チケットは事前予約制　　　　　　　　　　　　　※前売りＷＥＢチケット（入城券＋二の丸御殿観覧券または入場券単券）も利用可,"・御殿内は撮影禁止・飲食、喫煙は指定の場所以外不可・ペット持込不可　　他",,,,,,,,,,,,,,,,,,,,,,,,,,,,,
産業観光局,林業振興課,1000000190,山村都市交流の森,さんそんとしこうりゅうのもり,35.21981,135.78166,130,3,1、077haの広大な森林でハイキングやバードウオッチングが楽しめます。木工を体験できる工房や全天候型ホール、宿泊施設も完備しています。木の文化、山の文化を肌で感じることができます。,601-1103,京都市左京区花脊八桝町250,,（公財）京都市森林文化協会,075-746-0439,075-746-0134,http://dobanzy.com/,森林エリア 1、077ha、多目的ホール、宿泊施設（食堂等）、案内休憩所、木工施設、木の体験広場、バーベキュー施設、車いす用トイレ、遊漁場、炭焼き小屋、駐車場,"森林エリアは常時入園可能センターエリア各施設はそれぞれ別途",12/28〜1/5、火曜日（火曜日が祝日の場合は翌日）,入園は無料施設利用は有料（詳細はホームページを御覧ください）,"バスの場合　京阪出町柳駅から京都バス３２号系統・広河原行きで約９０分「花脊・交流の森前」で下車すぐお車の場合　北山通堀川から北へ約３０km、約１時間　",有料施設は要予約（詳細はホームページを御覧ください）,,,,,,,,,,,,,,,,,,,,,,,,,,,,,,
産業観光局,林業振興課,1000000191,森林文化交流センター,しんりんぶんかこうりゅうせんたー,35.21981,135.78166,130,3,人工芝の全天候型ホールでは演奏会やテニス等のスポーツが楽しめます。研修室も併設されています。,601-1103,京都市左京区花脊八桝町250,,（公財）京都市森林文化協会,075-746-0439,075-746-0134,http://dobanzy.com/,人工芝多目的ホール、研修室、車いす用トイレ,"（11/1〜3/31）9:00〜17:00（4/1〜10/31）9:00〜21:00",12/28〜1/5、火曜日（火曜日が祝日の場合は翌日）,"ホール （土日、祝日）　　（その他の日）　　　　　午前　2,610円　　　　2,090円　　　　　午後　3,560円　　　　2,720円　　　　　夜間　4,500円　　　　3,560円　＊用具等付属設備の借料は別途研修室　１時間　520円　","バスの場合　京阪出町柳駅から京都バス３２号系統・広河原行きで約９０分「花脊・交流の森前」で下車すぐお車の場合　北山通堀川から北へ約３０km、約１時間　",ホームページを御覧ください,,森愛館（しんあいかん）,,,,,,,,,,,,,,,,,,,,,,,,,,,,
産業観光局,林業振興課,1000000192,翠峰荘,すいほうそう,35.21981,135.78166,130,3,地元産木材をふんだんに使った宿泊施設で、山の幸が中心の料理が好評です。喫茶や食事も楽しめます。,601-1103,京都市左京区花脊八桝町250,,（公財）京都市森林文化協会,075-746-0665,075-746-0667,http://dobanzy.com/,和室６部屋、大広間、食堂、浴室,食事　11:00〜15:30喫茶　10:00〜16:00（宿泊者は別）（都合により変更あり、詳細はホームページをご覧ください）,12/28〜1/5、火・水曜日（火・水曜日が祝日の場合は翌日）（都合により変更あり、詳細はホームページをご覧ください）,"宿泊　大人　１泊２食付き　9,900円〜食事　うどん・そば　　　　　   800円〜丼・カレー・御前　　　　　　　 1000円〜（詳細はホームページを御覧ください）　","バスの場合　京阪出町柳駅から京都バス３２号系統・広河原行きで約９０分「花脊・交流の森前」で下車すぐお車の場合　北山通堀川から北へ約３０km、約１時間　",ホームページを御覧ください,,,,,,,,,,,,,,,,,,,,,,,,,,,,,,
産業観光局,林業振興課,1000000194,木材需要促進センター,もくざいじゅようそくしんせんたー,35.21981,135.78166,130,3,本格的な木工工具を備えた工房があり、専任スタッフのもと気軽に作品づくりに取り組めます。展示室や研修室もあります。,601-1103,京都市左京区花脊八桝町250,,（公財）京都市森林文化協会,075-746-0439,075-746-0134,http://dobanzy.com/,工作室、展示室、研修室,9:00〜17:00（工作受付 10:00〜16:00）,12/28〜1/5、火曜日（火曜日が祝日の場合は翌日）,"木工体験 500円〜（各種）（材料費、指導料含む）","バスの場合　京阪出町柳駅から京都バス３２号系統・広河原行きで約９０分「花脊・交流の森前」で下車すぐお車の場合　北山通堀川から北へ約３０km、約１時間　",ホームページを御覧ください,,森の工房　もくじゅ,,,,,,,,,,,,,,,,,,,,,,,,,,,,
産業観光局,観光MICE推進室,1000000195,宇多野ユースホステル,うたのゆーすほすてる,35.02716,135.69977,128,9,平成２０年７月に全面リニューアルした誰でも利用できる施設です。京都市北西部に位置し、近くには嵯峨嵐山、仁和寺、龍安寺、金閣寺など数多くの名所があり、観光にも便利。青少年育成、国際交流、地域活動の場としても利用できる集会室や和室、テニスコートがあります。アットホームな雰囲気の中で世界の人々との交流も楽しめます。,616-8191,京都市右京区太秦中山町29,,一般財団法人京都ユースホステル協会,075-462-2288,075-462-2289,https://www.yh-kyoto.or.jp/utano_yh/,宿泊室（４１室　うち和室４室）、集会室、談話コーナー、インターネットコーナー、食堂、自炊室、浴室、シャワー室、洗濯室、車いす用トイレ、オストメイト対応トイレ、テニスコート（１面）、バーベキューコーナー、駐車場、駐輪場、レンタサイクル、ピアノ,"7:00〜24:00（受付時間）",なし,"3、4、6人部屋3,450円(4歳〜18歳 2,930円)、ツイン（バス・トイレ付き）4,190円(4歳〜18歳  3,660円)※4歳未満無料、集会室1人100円、テニスコート1時間1,360円、バーベキューコーナー無料",・ＪＲ京都駅・四条大宮（市バス２６番）、三条京阪（市バス１０番・５９番）から「ユースホステル前」（約４５分）下車　徒歩１分　　・嵐山方面（市バス１１番）から「山越中町」下車　徒歩１０分,ホームページをご覧ください。,ホームページをご覧ください。,,,,,,,,,,,,,,,,,,,,,,,,,,,,,
産業観光局,クリエイティブ産業振興室,1000000196,京都市勧業館,きょうとしかんぎょうかん,35.01275,135.78102,129,3,伝統産業を始めとしたあらゆる産業界の展示、イベント等に利用できる催事機能を中心として、産業の経済的、創造的活動を支援する産業振興の拠点施設です。,606-8343,京都市左京区岡崎成勝寺町9-1,,（株）京都産業振興センター,075-762-2630,075-751-1655,http://www.miyakomesse.jp/,第１展示場(1480平方メートル)、第２展示場(3800平方メートル)、第３展示場(4000平方メートル)、特別展示場(370平方メートル)、大会議室(182平方メートル)、第１〜３会議室(52平方メートル)、工芸実技室(104平方メートル)、常設展示場、駐車場168台、レストラン,展示場9:00〜17:00(20:00まで延長可)、会議室9:00〜21:00,12/29〜1/3,入館は無料。各展示場、会議室等、駐車場の利用は有料（詳細はホームページを御覧ください。）,地下鉄東西線「東山」から徒歩10分、市バス5、32、46系統「岡崎公園 ロームシアター京都・みやこめっせ前」又は「岡崎公園 美術館・平安神宮前下車」、31、201、203、206系統「東山二条・岡崎公園口」下車,利用許可申請書を提出。詳しくはホームページを御覧ください。,公共ホールとしての性格上の制限かあります。詳しくはホームページを御覧ください。,みやこめっせ,,,,,,,,,,,,,,,,,,,,,,,,,,,,
産業観光局,クリエイティブ産業振興室,1000000198,京都伝統産業ミュージアム,きょうとでんとうさんぎょうみゅーじあむ,35.0128,135.78135,129,3,京都の伝統産業74品目を一堂に集め、その完成品だけでなく、制作工程や背景、使い方の提案など、様々な視点に基づく展示を行っています。,606-8343,京都市左京区岡崎成勝寺町9-1　京都市勧業館内,,（株）京都産業振興センター,075-762-2670,075-751-1692,https://kmtc.jp/,常設展示場、MOCADギャラリー、企画展示室、マテリアルライブラリー,9:00〜17:00(入館は16:30まで),12/29〜1/3、夏季休館日（2日間）,入館は無料。企画展は有料の場合あり（詳細はホームページを御覧ください。）,地下鉄東西線「東山」駅1番出口より北へ徒歩約10分,,,MOCAD,,,,,,,,,,,,,,,,,,,,,,,,,,,,
産業観光局,農林企画課,1000000199,宇津峡公園,うつきょうこうえん,35.14535,135.57379,128,9,豊かな緑と上桂川の清流を活かした、大人から子どもまでのんびりと余暇を楽しめる、大型アウトドア施設です。,601-0266,京都市右京区京北下宇津町向ヒ山1,,（公財）きょうと京北ふるさと公社,075-855-1950,075-855-1960,https://fuw.jp/utsukyoh/,コテージ、オートキャンプ場、デイキャンプ場、炊事棟、魚つかみ用人工渓流、駐車場、シャワー室,8:30〜17:00,12/28〜1/4、水曜（水曜日が祝日の場合は翌日、繁忙期は臨時営業。詳細はホームページを御覧ください。）,入園料310円（小学生以下200円）。施設使用料が別途必要（詳細はホームページを御覧ください。）,詳細はホームページを御覧ください。,詳細はホームページを御覧ください。,,,,,,,,,,,,,,,,,,,,,,,,,,,,,,
産業観光局,林業振興課,1000000200,京都市京北森林公園,きょうとしけいほくしんりんこうえん,35.18256,135.66082,128,9,散策道や芝生広場、野外炉等があり、森林浴やバーベキューなど家族やグループで1日ゆっくり楽しんでいただけます。また、きのこ狩りや菌打ち体験もできる緑豊かな公園です。,601-0321,京都市右京区京北塔町愛宕谷25-3,,特定非営利活動法人　森守協力隊,075-853-0200,075-853-0202,https://park.morimori.land/,きのこ館（展示場、きのこ栽培施設）、森林浴歩道、芝生広場、木製アスレチック、野外卓・野外炉、駐車場、トイレ,9:00〜17:00,12/27〜1/5、月曜日（祝日開園、翌平日休園）,きのこ狩り、きのこ栽培施設、野外炉・野外卓等は有料（詳細は、ホームページをご覧ください）,京北ふるさとバス「比賀江」から徒歩５分,有料施設は、お電話にて予約受付,,,,,,,,,,,,,,,,,,,,,,,,,,,,,,
産業観光局,農林企画課,1000000201,地域特産物需要拡大センター,ちいきとくさんぶつじゅようかくだいせんたー,35.15612092,135.6331623,136,9,京都市内唯一の道の駅で、地域産の農作物・木工品の展示・販売をしています。,601-0251,京都市右京区京北周山町上寺田1-1,,（公財）きょうと京北ふるさと公社,075-852-1700,075-852-1700,http://fuw.jp/woody/,展示販売コーナー、研修室、喫茶コーナー、駐車場、トイレ、電気自動車充電設備,9：00〜18：00,12/29〜1/3,なし,JRバス「京北合同庁舎前」から徒歩１分,研修室のみ、お電話にて予約受付,,道の駅「ウッディー京北」,,,,,,,,,,,,,,,,,,,,,,,,,,,,
保健福祉局,京都市立病院,1000000203,市立病院,しりつびょういん,34.99692,135.73507,118,4,,604-8845,京都市中京区壬生東高田町1-2,,地方独立行政法人京都市立病院機構,075-311-5311,075-321-6025,https://www.kch-org.jp/kcho,,,,,,,,,,,,,,,,,,,,,,,,,,,,,,,,,,,,
保健福祉局,京北病院,1000000204,京北病院,けいほくびょういん,35.19801,135.63451,118,9,,601-0533,京都市右京区京北下中町鳥谷3,,地方独立行政法人京都市立病院機構,075-854-0221,075-854-0825,https://www.kch-org.jp/keihoku,,,,,,,,,,,,,,,,,,,,,,,,,,,,,,,,,,,,
保健福祉局,こころの健康増進センター,1000000205,こころの健康増進センター,こころのけんこうぞうしんせんたー,35.00379873,135.7358587,116,4,市民の精神保健の向上及び精神障害者の福祉の増進を図るため、精神保健及び精神障害者の福祉に関する相談、指導、知識の普及及び調査研究並びに精神障害者の社会復帰の促進等を行う施設です。,604-8854,京都市中京区壬生仙念町30,,京都市,075-314-0355（相談援助課）,075-314-0504,http://kyoto-kokoro.org/,相談室、デイ・ケア施設,8:30〜17:00,土曜、日曜、祝日、12/29〜1/3,"・相談事業は無料・相談の結果医師の診察が必要な場合及びデイ・ケア利用は、保険診療報酬点数に応じた費用負担が必要",・阪急電鉄西院駅（北改札口・南改札口）徒歩３分・京福電鉄西院駅徒歩３分・市バス「四条御前通」下車すぐ,"・相談の場合は、「相談電話」（075-314-0874）にお電話ください。・デイ・ケアの利用はデイ・ケア課（075-314-0510）にお電話ください。・こころの健康講座等の普及啓発事業は市民しんぶんでお知らせします。",,,,,,,,,,,,,,,,,,,,,,,,,,,,,,
子ども若者はぐくみ局,育成推進課,1000000206,上京児童館,かみぎょうじどうかん,35.0283,135.73702,114,2,詳細はホームページを御覧ください。,602-8383,京都市上京区今小路通御前東入る西今小路町797,,（福）京都市社会福祉協議会,075-464-4815,075-464-4879,http://www.city.kyoto.lg.jp/hagukumi/page/0000032935.html,遊戯室、育成室、図書室等,10:00〜18:30※学童クラブ事業月〜金：放課後〜18:30土：8:00〜18:30,日曜日、祝日、年末年始（12/29〜1/3）,詳細はホームページを御覧ください。,,直接施設へお越しください。（活動内容によっては事前の申込みが必要な場合もあります。）,,,,,,,,,,,,,,,,,,,,,,,,,,,,,,
子ども若者はぐくみ局,育成推進課,1000000207,高野児童館,たかのじどうかん,35.03818,135.77786,114,3,詳細はホームページを御覧ください。,606-8103,京都市左京区高野西開町5,,（福）京都市社会福祉協議会,075-722-4640,075-722-4640,http://www.city.kyoto.lg.jp/hagukumi/page/0000032935.html,遊戯室、育成室、図書室等,10:00〜18:30※学童クラブ事業月〜金：放課後〜18:30土：8:00〜18:30,日曜日、祝日、年末年始（12/29〜1/3）,詳細はホームページを御覧ください。,,直接施設へお越しください。（活動内容によっては事前の申込みが必要な場合もあります。）,,,,,,,,,,,,,,,,,,,,,,,,,,,,,,
子ども若者はぐくみ局,育成推進課,1000000208,久世西児童館,くぜにしじどうかん,34.95851,135.71138,114,8,詳細はホームページを御覧ください。,601-8213,京都市南区久世中久世町五丁目19-1,,（福）清和園,075-935-3355,075-935-0575,http://www.city.kyoto.lg.jp/hagukumi/page/0000032935.html,遊戯室、育成室、図書室等,10:00〜18:30※学童クラブ事業月〜金：放課後〜18:30土：8:00〜18:30,日曜日、祝日、年末年始（12/29〜1/3）,詳細はホームページを御覧ください。,,直接施設へお越しください。（活動内容によっては事前の申込みが必要な場合もあります。）,,,,,,,,,,,,,,,,,,,,,,,,,,,,,,
子ども若者はぐくみ局,育成推進課,1000000209,西京児童館,にしきょうじどうかん,34.98668,135.69957,114,10,詳細はホームページを御覧ください。,615-8223,京都市西京区上桂前田町29-2,,（福）京都市社会福祉協議会,075-392-4706,075-392-4706 ,http://www.city.kyoto.lg.jp/hagukumi/page/0000032935.html,遊戯室、育成室、図書室等,10:00〜18:30※学童クラブ事業月〜金：放課後〜18:30土：8:00〜18:30,日曜日、祝日、年末年始（12/29〜1/3）,詳細はホームページを御覧ください。,,直接施設へお越しください。（活動内容によっては事前の申込みが必要な場合もあります。）,,,,,,,,,,,,,,,,,,,,,,,,,,,,,,
子ども若者はぐくみ局,育成推進課,1000000210,紫野児童館,むらさきのじどうかん,35.04091,135.74971,114,1,詳細はホームページを御覧ください。,603-8214,京都市北区紫野雲林院町44-1,,（福）京都市社会福祉協議会,075-492-8812,075-366-6606,http://www.city.kyoto.lg.jp/hagukumi/page/0000032935.html,遊戯室、育成室、図書室等,10:00〜18:30※学童クラブ事業月〜金：放課後〜18:30土：8:00〜18:30,日曜日、祝日、年末年始（12/29〜1/3）,詳細はホームページを御覧ください。,,直接施設へお越しください。（活動内容によっては事前の申込みが必要な場合もあります。）,,,,,,,,,,,,,,,,,,,,,,,,,,,,,,
子ども若者はぐくみ局,育成推進課,1000000211,清水児童館,きよみずじどうかん,34.99668,135.7763,114,5,詳細はホームページを御覧ください。,605-0862,京都市東山区清水五丁目130-8　,,（福）京都市社会福祉協議会,075-541-0433,075-541-0433,http://www.city.kyoto.lg.jp/hagukumi/page/0000032935.html,遊戯室、育成室、図書室等,10:00〜18:30※学童クラブ事業月〜金：放課後〜18:30土：8:00〜18:30,日曜日、祝日、年末年始（12/29〜1/3）,詳細はホームページを御覧ください。,,直接施設へお越しください。（活動内容によっては事前の申込みが必要な場合もあります。）,,,,,,,,,,,,,,,,,,,,,,,,,,,,,,
子ども若者はぐくみ局,育成推進課,1000000212,葛野児童館　,かどのじどうかん,34.99805,135.71884,114,9,詳細はホームページを御覧ください。,615-0882,京都市右京区西京極葛野町3,,（福）京都市社会福祉協議会,075-322-1313,075-322-1313 ,http://www.city.kyoto.lg.jp/hagukumi/page/0000032935.html,遊戯室、育成室、図書室等,10:00〜18:30※学童クラブ事業月〜金：放課後〜18:30土：8:00〜18:30,日曜日、祝日、年末年始（12/29〜1/3）,詳細はホームページを御覧ください。,,直接施設へお越しください。（活動内容によっては事前の申込みが必要な場合もあります。）,,,,,,,,,,,,,,,,,,,,,,,,,,,,,,
子ども若者はぐくみ局,育成推進課,1000000213,桂川児童館,かつらがわじどうかん,34.99602,135.69993,114,10,詳細はホームページを御覧ください。,615-8006,京都市西京区桂上野西町273,,（福）京都市社会福祉協議会,075-392-3121,075-392-3121,http://www.city.kyoto.lg.jp/hagukumi/page/0000032935.html,遊戯室、育成室、図書室等,10:00〜18:30※学童クラブ事業月〜金：放課後〜18:30土：8:00〜18:30,日曜日、祝日、年末年始（12/29〜1/3）,詳細はホームページを御覧ください。,,直接施設へお越しください。（活動内容によっては事前の申込みが必要な場合もあります。）,,,,,,,,,,,,,,,,,,,,,,,,,,,,,,
子ども若者はぐくみ局,育成推進課,1000000214,大宮西野山児童館,おおみやにしのやまじどうかん,35.05045,135.73922,114,1,詳細はホームページを御覧ください。,603-8444,京都市北区大宮西野山町41,,（福）京都社会福祉協会,075-493-3662,075-493-6318,http://www.city.kyoto.lg.jp/hagukumi/page/0000032935.html,遊戯室、育成室、図書室等,10:00〜18:30※学童クラブ事業月〜金：放課後〜18:30土：8:00〜18:30,日曜日、祝日、年末年始（12/29〜1/3）,詳細はホームページを御覧ください。,,直接施設へお越しください。（活動内容によっては事前の申込みが必要な場合もあります。）,,,,,,,,,,,,,,,,,,,,,,,,,,,,,,
子ども若者はぐくみ局,育成推進課,1000000215,桂坂児童館,かつらざかじどうかん,34.98556,135.66573,114,10,詳細はホームページを御覧ください。,610-1102,京都市西京区御陵大枝山町四丁目30,,（福）京都社会福祉協会,075-333-6760,075-333-6760,http://www.city.kyoto.lg.jp/hagukumi/page/0000032935.html,遊戯室、育成室、図書室等,10:00〜18:30※学童クラブ事業月〜金：放課後〜18:30土：8:00〜18:30,日曜日、祝日、年末年始（12/29〜1/3）,詳細はホームページを御覧ください。,,直接施設へお越しください。（活動内容によっては事前の申込みが必要な場合もあります。）,,,,,,,,,,,,,,,,,,,,,,,,,,,,,,
子ども若者はぐくみ局,育成推進課,1000000216,上高野児童館,かみたかのじどうかん,35.06122,135.79465,114,3,詳細はホームページを御覧ください。,606-0083,京都市左京区上高野松田町5,,（福）京都社会福祉協会,075-711-0855,075-711-0855,http://www.city.kyoto.lg.jp/hagukumi/page/0000032935.html,遊戯室、育成室、図書室等,10:00〜18:30※学童クラブ事業月〜金：放課後〜18:30土：8:00〜18:30,日曜日、祝日、年末年始（12/29〜1/3）,詳細はホームページを御覧ください。,,直接施設へお越しください。（活動内容によっては事前の申込みが必要な場合もあります。）,,,,,,,,,,,,,,,,,,,,,,,,,,,,,,
子ども若者はぐくみ局,育成推進課,1000000217,吉祥院児童館,きっしょういんじどうかん,34.96856,135.73269,114,8,詳細はホームページを御覧ください。,601-8335,京都市南区吉祥院砂ノ町50,,（福）清和園,075-661-8951,075-661-8952,http://www.city.kyoto.lg.jp/hagukumi/page/0000032935.html,遊戯室、育成室、図書室等,10:00〜18:30※学童クラブ事業月〜金：放課後〜18:30土：8:00〜18:30,日曜日、祝日、年末年始（12/29〜1/3）,詳細はホームページを御覧ください。,,直接施設へお越しください。（活動内容によっては事前の申込みが必要な場合もあります。）,,,,,,,,,,,,,,,,,,,,,,,,,,,,,,
子ども若者はぐくみ局,育成推進課,1000000218,修徳児童館,しゅうとくじどうかん,34.9981,135.75682,114,7,詳細はホームページを御覧ください。,600-8449,京都市下京区新町通松原下る富永町110-1,,（福）京都福祉サービス協会,075-353-6399,075-371-2022,http://www.city.kyoto.lg.jp/hagukumi/page/0000032935.html,遊戯室、育成室、図書室等,10:00〜18:30※学童クラブ事業月〜金：放課後〜18:30土：8:00〜18:30,日曜日、祝日、年末年始（12/29〜1/3）,詳細はホームページを御覧ください。,,直接施設へお越しください。（活動内容によっては事前の申込みが必要な場合もあります。）,,,,,,,,,,,,,,,,,,,,,,,,,,,,,,
子ども若者はぐくみ局,育成推進課,1000000219,淀児童館,よどじどうかん,34.90437,135.72009,114,11,詳細はホームページを御覧ください。,613-0904,京都市伏見区淀池上町131-1,,（福）淀福祉会,075-631-7015,075-631-7016,http://www.city.kyoto.lg.jp/hagukumi/page/0000032935.html,遊戯室、育成室、図書室等,10:00〜18:30※学童クラブ事業月〜金：放課後〜18:30土：8:00〜18:30,日曜日、祝日、年末年始（12/29〜1/3）,詳細はホームページを御覧ください。,,直接施設へお越しください。（活動内容によっては事前の申込みが必要な場合もあります。）,,,,,,,,,,,,,,,,,,,,,,,,,,,,,,
子ども若者はぐくみ局,育成推進課,1000000220,楽只児童館,らくしじどうかん,35.03999,135.73982,114,1,詳細はホームページを御覧ください。,603-8226,紫野西舟岡町２　ふれあい共生館北館１F,,京都市楽只児童館運営委員会,075-441-1012,075-441-1012,http://www.city.kyoto.lg.jp/hagukumi/page/0000032935.html,遊戯室、育成室、図書室等,10:00〜18:30※学童クラブ事業月〜金：放課後〜18:30土：8:00〜18:30,日曜日、祝日、年末年始（12/29〜1/3）,詳細はホームページを御覧ください。,,直接施設へお越しください。（活動内容によっては事前の申込みが必要な場合もあります。）,,,,,,,,,,,,,,,,,,,,,,,,,,,,,,
子ども若者はぐくみ局,育成推進課,1000000221,修学院児童館,しゅうがくいんじどうかん,35.04514,135.79438,114,3,詳細はホームページを御覧ください。,606-8142,京都市左京区一乗寺燈籠本町26,,京都市修学院児童館運営委員会,075-712-4443,075-712-4443,http://www.city.kyoto.lg.jp/hagukumi/page/0000032935.html,遊戯室、育成室、図書室等,10:00〜18:30※学童クラブ事業月〜金：放課後〜18:30土：8:00〜18:30,日曜日、祝日、年末年始（12/29〜1/3）,詳細はホームページを御覧ください。,,直接施設へお越しください。（活動内容によっては事前の申込みが必要な場合もあります。）,,,,,,,,,,,,,,,,,,,,,,,,,,,,,,
子ども若者はぐくみ局,育成推進課,1000000222,壬生児童館,みぶじどうかん,35.00965,135.73407,114,4,詳細はホームページを御覧ください。,604-8433,京都市中京区西ノ京北小路町5,,（公社）京都市児童館学童連盟,075-822-4789,075-822-4789,http://www.city.kyoto.lg.jp/hagukumi/page/0000032935.html,遊戯室、育成室、図書室等,10:00〜18:30※学童クラブ事業月〜金：放課後〜18:30土：8:00〜18:30,日曜日、祝日、年末年始（12/29〜1/3）,詳細はホームページを御覧ください。,,直接施設へお越しください。（活動内容によっては事前の申込みが必要な場合もあります。）,,,,,,,,,,,,,,,,,,,,,,,,,,,,,,
子ども若者はぐくみ局,育成推進課,1000000223,新道児童館,しんみちじどうかん,34.99876,135.77412,114,5,詳細はホームページを御覧ください。,605-0811,京都市東山区小松町572,,日本リコメンド株式会社,075-531-5319,075-531-5319,http://www.city.kyoto.lg.jp/hagukumi/page/0000032935.html,遊戯室、育成室、図書室等,10:00〜18:30※学童クラブ事業月〜金：放課後〜18:30土：8:00〜18:30,日曜日、祝日、年末年始（12/29〜1/3）,詳細はホームページを御覧ください。,,直接施設へお越しください。（活動内容によっては事前の申込みが必要な場合もあります。）,,,,,,,,,,,,,,,,,,,,,,,,,,,,,,
子ども若者はぐくみ局,育成推進課,1000000224,今熊野児童館,いまくまのじどうかん,34.98615,135.78034,114,5,詳細はホームページを御覧ください。,605-0925,京都市東山区今熊野日吉町48-34,,（公社）京都市児童館学童連盟,075-561-6187,075-561-6187,http://www.city.kyoto.lg.jp/hagukumi/page/0000032935.html,遊戯室、育成室、図書室等,10:00〜18:30※学童クラブ事業月〜金：放課後〜18:30土：8:00〜18:30,日曜日、祝日、年末年始（12/29〜1/3）,詳細はホームページを御覧ください。,,直接施設へお越しください。（活動内容によっては事前の申込みが必要な場合もあります。）,,,,,,,,,,,,,,,,,,,,,,,,,,,,,,
子ども若者はぐくみ局,育成推進課,1000000225,陵ヶ岡児童館,りょうがおかじどうかん,34.99284,135.8021,114,6,詳細はホームページを御覧ください。,607-8431,京都市山科区御陵岡町36-1,,（福）鏡陵福祉会,075-592-6776,075-593-7923,http://www.city.kyoto.lg.jp/hagukumi/page/0000032935.html,遊戯室、育成室、図書室等,10:00〜18:30※学童クラブ事業月〜金：放課後〜18:30土：8:00〜18:30,日曜日、祝日、年末年始（12/29〜1/3）,詳細はホームページを御覧ください。,,直接施設へお越しください。（活動内容によっては事前の申込みが必要な場合もあります。）,,,,,,,,,,,,,,,,,,,,,,,,,,,,,,
子ども若者はぐくみ局,育成推進課,1000000226,花山児童館,かさんじどうかん,34.98936,135.80434,114,6,詳細はホームページを御覧ください。,607-8454,京都市山科区厨子奥苗代元町31,,（福）洛和福祉会,075-592-0742,075-592-0742,http://www.city.kyoto.lg.jp/hagukumi/page/0000032935.html,遊戯室、育成室、図書室等,10:00〜18:30※学童クラブ事業月〜金：放課後〜18:30土：8:00〜18:30,日曜日、祝日、年末年始（12/29〜1/3）,詳細はホームページを御覧ください。,,直接施設へお越しください。（活動内容によっては事前の申込みが必要な場合もあります。）,,,,,,,,,,,,,,,,,,,,,,,,,,,,,,
子ども若者はぐくみ局,育成推進課,1000000227,勧修児童館,かんしゅうじどうかん,34.97264,135.80343,114,6,詳細はホームページを御覧ください。,607-8305,京都市山科区西野山中臣町29-36折上神社内,,京都市勧修児童館運営委員会,075-501-0035,075-574-7744,http://www.city.kyoto.lg.jp/hagukumi/page/0000032935.html,遊戯室、育成室、図書室等,10:00〜18:30※学童クラブ事業月〜金：放課後〜18:30土：8:00〜18:30,日曜日、祝日、年末年始（12/29〜1/3）,詳細はホームページを御覧ください。,,直接施設へお越しください。（活動内容によっては事前の申込みが必要な場合もあります。）,,,,,,,,,,,,,,,,,,,,,,,,,,,,,,
子ども若者はぐくみ局,育成推進課,1000000228,崇仁児童館,すうじんじどうかん,34.98668,135.76617,114,7,詳細はホームページを御覧ください。,600-8202,京都市下京区川端町13,,（福）カトリック京都司教区カリタス会,075-341-6802,075-341-6802,http://www.city.kyoto.lg.jp/hagukumi/page/0000032935.html,遊戯室、育成室、図書室等,10:00〜18:30※学童クラブ事業月〜金：放課後〜18:30土：8:00〜18:30,日曜日、祝日、年末年始（12/29〜1/3）,詳細はホームページを御覧ください。,,直接施設へお越しください。（活動内容によっては事前の申込みが必要な場合もあります。）,,,,,,,,,,,,,,,,,,,,,,,,,,,,,,
子ども若者はぐくみ局,育成推進課,1000000229,洛陽児童館,らくようじどうかん,34.97703,135.73549,114,8,詳細はホームページを御覧ください。,601-8321,京都市南区吉祥院西定成町35,,（福）京都市社会福祉協議会,075-672-0555,075-672-0555,http://www.city.kyoto.lg.jp/hagukumi/page/0000032935.html,遊戯室、育成室、図書室等,10:00〜18:30※学童クラブ事業月〜金：放課後〜18:30土：8:00〜18:30,日曜日、祝日、年末年始（12/29〜1/3）,詳細はホームページを御覧ください。,,直接施設へお越しください。（活動内容によっては事前の申込みが必要な場合もあります。）,,,,,,,,,,,,,,,,,,,,,,,,,,,,,,
子ども若者はぐくみ局,育成推進課,1000000230,中唐戸児童館,なかからとじどうかん,34.97204,135.74178,114,8,詳細はホームページを御覧ください。,601-8107,京都市南区上鳥羽南唐戸町28,,（一社）上鳥羽絆会,075-672-2900,075-672-2907,http://www.city.kyoto.lg.jp/hagukumi/page/0000032935.html,遊戯室、育成室、図書室等,10:00〜18:30※学童クラブ事業月〜金：放課後〜18:30土：8:00〜18:30,日曜日、祝日、年末年始（12/29〜1/3）,詳細はホームページを御覧ください。,,直接施設へお越しください。（活動内容によっては事前の申込みが必要な場合もあります。）,,,,,,,,,,,,,,,,,,,,,,,,,,,,,,
子ども若者はぐくみ局,育成推進課,1000000231,常磐野児童館,ときわのじどうかん,35.02193,135.70347,114,9,詳細はホームページを御覧ください。,616-8181,京都市右京区太秦京ノ道町20-1,,（福）宏量福祉会,075-872-9903,075-872-9903,http://www.city.kyoto.lg.jp/hagukumi/page/0000032935.html,遊戯室、育成室、図書室等,10:00〜18:30※学童クラブ事業月〜金：放課後〜18:30土：8:00〜18:30,日曜日、祝日、年末年始（12/29〜1/3）,詳細はホームページを御覧ください。,,直接施設へお越しください。（活動内容によっては事前の申込みが必要な場合もあります。）,,,,,,,,,,,,,,,,,,,,,,,,,,,,,,
子ども若者はぐくみ局,育成推進課,1000000232,安井児童館,やすいじどうかん,35.013539,135.721232,114,9,詳細はホームページを御覧ください。,616-8075,京都市右京区太秦安井柳通町9-4,,京都市安井児童館運営委員会,075-822-2812,075-822-2812,http://www.city.kyoto.lg.jp/hagukumi/page/0000032935.html,遊戯室、育成室、図書室等,10:00〜18:30※学童クラブ事業月〜金：放課後〜18:30土：8:00〜18:30,日曜日、祝日、年末年始（12/29〜1/3）,詳細はホームページを御覧ください。,,直接施設へお越しください。（活動内容によっては事前の申込みが必要な場合もあります。）,,,,,,,,,,,,,,,,,,,,,,,,,,,,,,
子ども若者はぐくみ局,育成推進課,1000000233,西京極児童館,にしきょうごくじどうかん,34.99217,135.71924,114,9,詳細はホームページを御覧ください。,615-0851,京都市右京区西京極西池田町13-6,,（福）京都保育センター,075-311-1478,075-311-1478,http://www.city.kyoto.lg.jp/hagukumi/page/0000032935.html,遊戯室、育成室、図書室等,10:00〜18:30※学童クラブ事業月〜金：放課後〜18:30土：8:00〜18:30,日曜日、祝日、年末年始（12/29〜1/3）,詳細はホームページを御覧ください。,,直接施設へお越しください。（活動内容によっては事前の申込みが必要な場合もあります。）,,,,,,,,,,,,,,,,,,,,,,,,,,,,,,
子ども若者はぐくみ局,育成推進課,1000000234,御室児童館,おむろじどうかん,35.02642,135.71784,114,9,詳細はホームページを御覧ください。,616-8021,京都市右京区花園天授ケ岡町3-15,,（福）京都保育センター,075-463-9431,075-463-9222,http://www.city.kyoto.lg.jp/hagukumi/page/0000032935.html,遊戯室、育成室、図書室等,10:00〜18:30※学童クラブ事業月〜金：放課後〜18:30土：8:00〜18:30,日曜日、祝日、年末年始（12/29〜1/3）,詳細はホームページを御覧ください。,,直接施設へお越しください。（活動内容によっては事前の申込みが必要な場合もあります。）,,,,,,,,,,,,,,,,,,,,,,,,,,,,,,
子ども若者はぐくみ局,育成推進課,1000000235,南浜児童館,みなみはまじどうかん,34.9298,135.75975,114,11,詳細はホームページを御覧ください。,612-8212,京都市伏見区西柳町577,,（公社）京都市児童館学童連盟,075-611-3176,075-611-3236,http://www.city.kyoto.lg.jp/hagukumi/page/0000032935.html,遊戯室、育成室、図書室等,10:00〜18:30※学童クラブ事業月〜金：放課後〜18:30土：8:00〜18:30,日曜日、祝日、年末年始（12/29〜1/3）,詳細はホームページを御覧ください。,,直接施設へお越しください。（活動内容によっては事前の申込みが必要な場合もあります。）,,,,,,,,,,,,,,,,,,,,,,,,,,,,,,
子ども若者はぐくみ局,育成推進課,1000000236,醍醐児童館,だいごじどうかん,34.95028,135.81726,114,11,詳細はホームページを御覧ください。,610-1374,京都市伏見区醍醐西大路町75-1,,京都市醍醐児童館運営委員会,075-571-7397,075-574-7815,http://www.city.kyoto.lg.jp/hagukumi/page/0000032935.html,遊戯室、育成室、図書室等,10:00〜18:30※学童クラブ事業月〜金：放課後〜18:30土：8:00〜18:30,日曜日、祝日、年末年始（12/29〜1/3）,詳細はホームページを御覧ください。,,直接施設へお越しください。（活動内容によっては事前の申込みが必要な場合もあります。）,,,,,,,,,,,,,,,,,,,,,,,,,,,,,,
子ども若者はぐくみ局,育成推進課,1000000237,辰巳児童館,たつみじどうかん,34.94107,135.81293,114,11,詳細はホームページを御覧ください。,601-1346,京都市伏見区醍醐東合場町27-8,,（福）京都市社会福祉協議会,075-572-5493,075-572-5492 ,http://www.city.kyoto.lg.jp/hagukumi/page/0000032935.html,遊戯室、育成室、図書室等,10:00〜18:30※学童クラブ事業月〜金：放課後〜18:30土：8:00〜18:30,日曜日、祝日、年末年始（12/29〜1/3）,詳細はホームページを御覧ください。,,直接施設へお越しください。（活動内容によっては事前の申込みが必要な場合もあります。）,,,,,,,,,,,,,,,,,,,,,,,,,,,,,,
子ども若者はぐくみ局,育成推進課,1000000238,深草児童館,ふかくさじどうかん,34.95444,135.76238,114,11,詳細はホームページを御覧ください。,612-0031,京都市伏見区深草池ノ内町2,,（福）洛和福祉会,075-642-3413,075-642-3413,http://www.city.kyoto.lg.jp/hagukumi/page/0000032935.html,遊戯室、育成室、図書室等,10:00〜18:30※学童クラブ事業月〜金：放課後〜18:30土：8:00〜18:30,日曜日、祝日、年末年始（12/29〜1/3）,詳細はホームページを御覧ください。,,直接施設へお越しください。（活動内容によっては事前の申込みが必要な場合もあります。）,,,,,,,,,,,,,,,,,,,,,,,,,,,,,,
子ども若者はぐくみ局,育成推進課,1000000239,横大路児童館,よこおおじじどうかん,34.92571,135.73675,114,11,詳細はホームページを御覧ください。,612-8296,京都市伏見区横大路柿ノ本町3-5,,（公社）京都市児童館学童連盟,075-602-8650,075-602-8670,http://www.city.kyoto.lg.jp/hagukumi/page/0000032935.html,遊戯室、育成室、図書室等,10:00〜18:30※学童クラブ事業月〜金：放課後〜18:30土：8:00〜18:30,日曜日、祝日、年末年始（12/29〜1/3）,詳細はホームページを御覧ください。,,直接施設へお越しください。（活動内容によっては事前の申込みが必要な場合もあります。）,,,,,,,,,,,,,,,,,,,,,,,,,,,,,,
子ども若者はぐくみ局,育成推進課,1000000240,納所城之内児童館,のうそしろのうちじどうかん,34.90882,135.72228,114,11,詳細はホームページを御覧ください。,612-8276,京都市伏見区納所薬師堂27,,（福）京都社会福祉協会,075-631-7252,075-631-7252,http://www.city.kyoto.lg.jp/hagukumi/page/0000032935.html,遊戯室、育成室、図書室等,10:00〜18:30※学童クラブ事業月〜金：放課後〜18:30土：8:00〜18:30,日曜日、祝日、年末年始（12/29〜1/3）,詳細はホームページを御覧ください。,,直接施設へお越しください。（活動内容によっては事前の申込みが必要な場合もあります。）,,,,,,,,,,,,,,,,,,,,,,,,,,,,,,
子ども若者はぐくみ局,育成推進課,1000000241,太秦児童館,うずまさじどうかん,35.01287857,135.706856,114,9,詳細はホームページを御覧ください。,616-8165,京都市右京区太秦桂ヶ原町9番地の１,,京都市太秦児童館運営委員会,075-871-0075,075-871-3820,http://www.city.kyoto.lg.jp/hagukumi/page/0000032935.html,遊戯室、育成室、図書室等,10:00〜18:30※学童クラブ事業月〜金：放課後〜18:30土：8:00〜18:30,日曜日、祝日、年末年始（12/29〜1/3）,詳細はホームページを御覧ください。,,直接施設へお越しください。（活動内容によっては事前の申込みが必要な場合もあります。）,,,,,,,,,,,,,,,,,,,,,,,,,,,,,,
子ども若者はぐくみ局,育成推進課,1000000242,御前児童館,おんまえじどうかん,35.00273,135.73597,114,4,詳細はホームページを御覧ください。,604-8841,京都市中京区壬生東土居ノ内町20番地の1　朱雀第七小学校内,,（一社）京都御前福祉会,075-950-1355,075-950-1355,http://www.city.kyoto.lg.jp/hagukumi/page/0000032935.html,遊戯室、育成室、図書室等,10:00〜18:30※学童クラブ事業月〜金：放課後〜18:30土：8:00〜18:30,日曜日、祝日、年末年始（12/29〜1/3）,詳細はホームページを御覧ください。,,直接施設へお越しください。（活動内容によっては事前の申込みが必要な場合もあります。）,,,,,,,,,,,,,,,,,,,,,,,,,,,,,,
子ども若者はぐくみ局,育成推進課,1000000243,四ノ宮児童館,しのみやじどうかん,34.98951,135.82284,114,6,詳細はホームページを御覧ください。,607-8035,京都市山科区四ノ宮神田町26,,（公社）京都市児童館学童連盟,075-592-2368,075-592-2368,http://www.city.kyoto.lg.jp/hagukumi/page/0000032935.html,遊戯室、育成室、図書室等,10:00〜18:30※学童クラブ事業月〜金：放課後〜18:30土：8:00〜18:30,日曜日、祝日、年末年始（12/29〜1/3）,詳細はホームページを御覧ください。,,直接施設へお越しください。（活動内容によっては事前の申込みが必要な場合もあります。）,,,,,,,,,,,,,,,,,,,,,,,,,,,,,,
子ども若者はぐくみ局,育成推進課,1000000244,醍醐中央児童館,だいごちゅうおうじどうかん,34.95114,135.81039,114,11,詳細はホームページを御覧ください。,601-1375,京都市伏見区醍醐高畑町30-1,,（福）京都市社会福祉協議会,075-575-2578,075-575-2578,http://www.city.kyoto.lg.jp/hagukumi/page/0000032935.html,遊戯室、育成室、図書室等,10:00〜18:30※学童クラブ事業月〜金：放課後〜18:30土：8:00〜18:30,日曜日、祝日、年末年始（12/29〜1/3）,詳細はホームページを御覧ください。,,直接施設へお越しください。（活動内容によっては事前の申込みが必要な場合もあります。）,,,,,,,,,,,,,,,,,,,,,,,,,,,,,,
子ども若者はぐくみ局,育成推進課,1000000245,上賀茂児童館,かみがもじどうかん,35.05583,135.75768,114,1,詳細はホームページを御覧ください。,603-8073,京都市北区上賀茂烏帽子ケ垣内町24,,（福）京都市社会福祉協議会,075-706-8524,075-706-8524,http://www.city.kyoto.lg.jp/hagukumi/page/0000032935.html,遊戯室、育成室、図書室等,10:00〜18:30※学童クラブ事業月〜金：放課後〜18:30土：8:00〜18:30,日曜日、祝日、年末年始（12/29〜1/3）,詳細はホームページを御覧ください。,,直接施設へお越しください。（活動内容によっては事前の申込みが必要な場合もあります。）,,,,,,,,,,,,,,,,,,,,,,,,,,,,,,
子ども若者はぐくみ局,育成推進課,1000000246,西賀茂児童館,にしがもじどうかん,35.05723,135.73975,114,1,詳細はホームページを御覧ください。,603-8474,京都市北区大宮薬師山東町13-17,,（福）京都市社会福祉協議会,075-492-0644,075-492-0644,http://www.city.kyoto.lg.jp/hagukumi/page/0000032935.html,遊戯室、育成室、図書室等,10:00〜18:30※学童クラブ事業月〜金：放課後〜18:30土：8:00〜18:30,日曜日、祝日、年末年始（12/29〜1/3）,詳細はホームページを御覧ください。,,直接施設へお越しください。（活動内容によっては事前の申込みが必要な場合もあります。）,,,,,,,,,,,,,,,,,,,,,,,,,,,,,,
子ども若者はぐくみ局,育成推進課,1000000247,紫竹児童館,しちくじどうかん,35.05284,135.75013,114,1,詳細はホームページを御覧ください。,603-8422,京都市北区紫竹下園生町26,,（福）京都市社会福祉協議会,075-495-1193,075-495-1193,http://www.city.kyoto.lg.jp/hagukumi/page/0000032935.html,遊戯室、育成室、図書室等,10:00〜18:30※学童クラブ事業月〜金：放課後〜18:30土：8:00〜18:30,日曜日、祝日、年末年始（12/29〜1/3）,詳細はホームページを御覧ください。,,直接施設へお越しください。（活動内容によっては事前の申込みが必要な場合もあります。）,,,,,,,,,,,,,,,,,,,,,,,,,,,,,,
子ども若者はぐくみ局,育成推進課,1000000248,吉田児童館,よしだじどうかん,35.025,135.77581,114,3,詳細はホームページを御覧ください。,606-8306,京都市左京区吉田中阿達町39-15,,（福）京都市社会福祉協議会,075-761-3079,075-761-3079,http://www.city.kyoto.lg.jp/hagukumi/page/0000032935.html,遊戯室、育成室、図書室等,10:00〜18:30※学童クラブ事業月〜金：放課後〜18:30土：8:00〜18:30,日曜日、祝日、年末年始（12/29〜1/3）,詳細はホームページを御覧ください。,,直接施設へお越しください。（活動内容によっては事前の申込みが必要な場合もあります。）,,,,,,,,,,,,,,,,,,,,,,,,,,,,,,
子ども若者はぐくみ局,育成推進課,1000000249,白川児童館,しらかわじどうかん,35.02032,135.7913,114,3,詳細はホームページを御覧ください。,606-8414,京都市左京区浄土寺真如町155-2,,（福）京都市社会福祉協議会,075-762-0014,075-762-0014,http://www.city.kyoto.lg.jp/hagukumi/page/0000032935.html,遊戯室、育成室、図書室等,10:00〜18:30※学童クラブ事業月〜金：放課後〜18:30土：8:00〜18:30,日曜日、祝日、年末年始（12/29〜1/3）,詳細はホームページを御覧ください。,,直接施設へお越しください。（活動内容によっては事前の申込みが必要な場合もあります。）,,,,,,,,,,,,,,,,,,,,,,,,,,,,,,
子ども若者はぐくみ局,育成推進課,1000000250,養正児童館,ようせいじどうかん,35.03226,135.77756,114,3,詳細はホームページを御覧ください。,606-8201,京都市左京区田中玄京町30,,（福）京都市社会福祉協議会,075-722-6424,075-722-6424,http://www.city.kyoto.lg.jp/hagukumi/page/0000032935.html,遊戯室、育成室、図書室等,10:00〜18:30※学童クラブ事業月〜金：放課後〜18:30土：8:00〜18:30,日曜日、祝日、年末年始（12/29〜1/3）,詳細はホームページを御覧ください。,,直接施設へお越しください。（活動内容によっては事前の申込みが必要な場合もあります。）,,,,,,,,,,,,,,,,,,,,,,,,,,,,,,
子ども若者はぐくみ局,育成推進課,1000000251,松ケ崎児童館,まつがさきじどうかん,35.04713,135.78214,114,3,詳細はホームページを御覧ください。,606-0967,京都市左京区松ケ崎小竹籔町32-3,,（福）京都市社会福祉協議会,075-791-8206,075-791-8206,http://www.city.kyoto.lg.jp/hagukumi/page/0000032935.html,遊戯室、育成室、図書室等,10:00〜18:30※学童クラブ事業月〜金：放課後〜18:30土：8:00〜18:30,日曜日、祝日、年末年始（12/29〜1/3）,詳細はホームページを御覧ください。,,直接施設へお越しください。（活動内容によっては事前の申込みが必要な場合もあります。）,,,,,,,,,,,,,,,,,,,,,,,,,,,,,,
子ども若者はぐくみ局,育成推進課,1000000252,市原野児童館,いちはらのじどうかん,35.08608,135.76003,114,3,詳細はホームページを御覧ください。,601-1123,京都市左京区静市市原町254-2,,（福）京都市社会福祉協議会,075-705-6115,075-705-6115,http://www.city.kyoto.lg.jp/hagukumi/page/0000032935.html,遊戯室、育成室、図書室等,10:00〜18:30※学童クラブ事業月〜金：放課後〜18:30土：8:00〜18:30,日曜日、祝日、年末年始（12/29〜1/3）,詳細はホームページを御覧ください。,,直接施設へお越しください。（活動内容によっては事前の申込みが必要な場合もあります。）,,,,,,,,,,,,,,,,,,,,,,,,,,,,,,
子ども若者はぐくみ局,育成推進課,1000000253,じゅらく児童館,じゅらくじどうかん,35.01916,135.73786,114,4,詳細はホームページを御覧ください。,604-8401,京都市中京区聚楽廻松下町9-4,,（福）京都市社会福祉協議会,075-801-5060,075-801-5064,http://www.city.kyoto.lg.jp/hagukumi/page/0000032935.html,遊戯室、育成室、図書室等,10:00〜18:30※学童クラブ事業月〜金：放課後〜18:30土：8:00〜18:30,日曜日、祝日、年末年始（12/29〜1/3）,詳細はホームページを御覧ください。,,直接施設へお越しください。（活動内容によっては事前の申込みが必要な場合もあります。）,,,,,,,,,,,,,,,,,,,,,,,,,,,,,,
子ども若者はぐくみ局,育成推進課,1000000254,山階児童館,さんかいじどうかん,34.98633,135.81528,114,6,詳細はホームページを御覧ください。,607-8086,京都市山科区竹鼻四丁野町42-3,,（福）京都市社会福祉協議会,075-594-4880,075-594-4880,http://www.city.kyoto.lg.jp/hagukumi/page/0000032935.html,遊戯室、育成室、図書室等,10:00〜18:30※学童クラブ事業月〜金：放課後〜18:30土：8:00〜18:30,日曜日、祝日、年末年始（12/29〜1/3）,詳細はホームページを御覧ください。,,直接施設へお越しください。（活動内容によっては事前の申込みが必要な場合もあります。）,,,,,,,,,,,,,,,,,,,,,,,,,,,,,,
子ども若者はぐくみ局,育成推進課,1000000255,大塚児童館,おおつかじどうかん,34.98292,135.83048,114,6,詳細はホームページを御覧ください。,607-8135,京都市山科区大塚野溝町56,,（福）洛和福祉会,075-595-2452,075-595-2452,http://www.city.kyoto.lg.jp/hagukumi/page/0000032935.html,遊戯室、育成室、図書室等,10:00〜18:30※学童クラブ事業月〜金：放課後〜18:30土：8:00〜18:30,日曜日、祝日、年末年始（12/29〜1/3）,詳細はホームページを御覧ください。,,直接施設へお越しください。（活動内容によっては事前の申込みが必要な場合もあります。）,,,,,,,,,,,,,,,,,,,,,,,,,,,,,,
子ども若者はぐくみ局,育成推進課,1000000256,小野児童館,おのじどうかん,34.96324,135.81126,114,6,詳細はホームページを御覧ください。,607-8251,京都市山科区小野蚊ケ瀬町15,,（福）京都市社会福祉協議会,075-575-1665,075-575-1665,http://www.city.kyoto.lg.jp/hagukumi/page/0000032935.html,遊戯室、育成室、図書室等,10:00〜18:30※学童クラブ事業月〜金：放課後〜18:30土：8:00〜18:30,日曜日、祝日、年末年始（12/29〜1/3）,詳細はホームページを御覧ください。,,直接施設へお越しください。（活動内容によっては事前の申込みが必要な場合もあります。）,,,,,,,,,,,,,,,,,,,,,,,,,,,,,,
子ども若者はぐくみ局,育成推進課,1000000257,百々児童館,どどじどうかん,34.97652,135.80079,114,6,詳細はホームページを御覧ください。,607-8302,京都市山科区西野山欠ノ上町65-10,,（福）京都市社会福祉協議会,075-593-9267,075-593-9267,http://www.city.kyoto.lg.jp/hagukumi/page/0000032935.html,遊戯室、育成室、図書室等,10:00〜18:30※学童クラブ事業月〜金：放課後〜18:30土：8:00〜18:30,日曜日、祝日、年末年始（12/29〜1/3）,詳細はホームページを御覧ください。,,直接施設へお越しください。（活動内容によっては事前の申込みが必要な場合もあります。）,,,,,,,,,,,,,,,,,,,,,,,,,,,,,,
子ども若者はぐくみ局,育成推進課,1000000258,山王児童館,さんのうじどうかん,34.98108,135.76137,114,8,詳細はホームページを御覧ください。,601-8011,京都市南区東九条南山王町5-5,,（福）京都市社会福祉協議会,075-671-7376,075-671-7376,http://www.city.kyoto.lg.jp/hagukumi/page/0000032935.html,遊戯室、育成室、図書室等,10:00〜18:30※学童クラブ事業月〜金：放課後〜18:30土：8:00〜18:30,日曜日、祝日、年末年始（12/29〜1/3）,詳細はホームページを御覧ください。,,直接施設へお越しください。（活動内容によっては事前の申込みが必要な場合もあります。）,,,,,,,,,,,,,,,,,,,,,,,,,,,,,,
子ども若者はぐくみ局,育成推進課,1000000259,山ノ本児童館,やまのもとじどうかん,34.96174852,135.7373581,114,8,詳細はホームページを御覧ください。,601-8176,京都市南区上鳥羽山ノ本町334番地,,（福）京都市社会福祉協議会,075-662-1695,075-662-1695,http://www.city.kyoto.lg.jp/hagukumi/page/0000032935.html,遊戯室、育成室、図書室等,10:00〜18:30※学童クラブ事業月〜金：放課後〜18:30土：8:00〜18:30,日曜日、祝日、年末年始（12/29〜1/3）,詳細はホームページを御覧ください。,,直接施設へお越しください。（活動内容によっては事前の申込みが必要な場合もあります。）,,,,,,,,,,,,,,,,,,,,,,,,,,,,,,
子ども若者はぐくみ局,育成推進課,1000000260,梅津児童館,うめづじどうかん,35.00034,135.70051,114,9,詳細はホームページを御覧ください。,615-0916,京都市右京区梅津中村町35-5,,（福）京都市社会福祉協議会,075-871-7971,075-871-7971,http://www.city.kyoto.lg.jp/hagukumi/page/0000032935.html,遊戯室、育成室、図書室等,10:00〜18:30※学童クラブ事業月〜金：放課後〜18:30土：8:00〜18:30,日曜日、祝日、年末年始（12/29〜1/3）,詳細はホームページを御覧ください。,,直接施設へお越しください。（活動内容によっては事前の申込みが必要な場合もあります。）,,,,,,,,,,,,,,,,,,,,,,,,,,,,,,
子ども若者はぐくみ局,育成推進課,1000000261,嵯峨児童館,さがじどうかん,35.01741,135.68601,114,9,詳細はホームページを御覧ください。,616-8345,京都市右京区嵯峨折戸町28-9,,（福）京都市社会福祉協議会,075-882-1194,075-882-1194,http://www.city.kyoto.lg.jp/hagukumi/page/0000032935.html,遊戯室、育成室、図書室等,10:00〜18:30※学童クラブ事業月〜金：放課後〜18:30土：8:00〜18:30,日曜日、祝日、年末年始（12/29〜1/3）,詳細はホームページを御覧ください。,,直接施設へお越しください。（活動内容によっては事前の申込みが必要な場合もあります。）,,,,,,,,,,,,,,,,,,,,,,,,,,,,,,
子ども若者はぐくみ局,育成推進課,1000000262,樫原児童館,かたぎはらじどうかん,34.9715,135.69669,114,10,詳細はホームページを御覧ください。,615-8123,京都市西京区樫原山路11-10,,（福）京都市社会福祉協議会,075-392-0644,075-392-0644,http://www.city.kyoto.lg.jp/hagukumi/page/0000032935.html,遊戯室、育成室、図書室等,10:00〜18:30※学童クラブ事業月〜金：放課後〜18:30土：8:00〜18:30,日曜日、祝日、年末年始（12/29〜1/3）,詳細はホームページを御覧ください。,,直接施設へお越しください。（活動内容によっては事前の申込みが必要な場合もあります。）,,,,,,,,,,,,,,,,,,,,,,,,,,,,,,
子ども若者はぐくみ局,育成推進課,1000000263,大枝児童館,おおえじどうかん,34.97266,135.67283,114,10,詳細はホームページを御覧ください。,610-1105,京都市西京区大枝塚原町4-63,,（福）京都市社会福祉協議会,075-332-5824,075-332-5824,http://www.city.kyoto.lg.jp/hagukumi/page/0000032935.html,遊戯室、育成室、図書室等,10:00〜18:30※学童クラブ事業月〜金：放課後〜18:30土：8:00〜18:30,日曜日、祝日、年末年始（12/29〜1/3）,詳細はホームページを御覧ください。,,直接施設へお越しください。（活動内容によっては事前の申込みが必要な場合もあります。）,,,,,,,,,,,,,,,,,,,,,,,,,,,,,,
子ども若者はぐくみ局,育成推進課,1000000264,境谷児童館,さかいだにじどうかん,34.96255,135.6706,114,10,詳細はホームページを御覧ください。,610-1146,京都市西京区大原野西境谷町三丁目5,,（福）京都市社会福祉協議会,075-332-5861,075-332-5861,http://www.city.kyoto.lg.jp/hagukumi/page/0000032935.html,遊戯室、育成室、図書室等,10:00〜18:30※学童クラブ事業月〜金：放課後〜18:30土：8:00〜18:30,日曜日、祝日、年末年始（12/29〜1/3）,詳細はホームページを御覧ください。,,直接施設へお越しください。（活動内容によっては事前の申込みが必要な場合もあります。）,,,,,,,,,,,,,,,,,,,,,,,,,,,,,,
子ども若者はぐくみ局,育成推進課,1000000265,春日野児童館,かすがのじどうかん,34.937,135.81648,114,11,詳細はホームページを御覧ください。,601-1405,京都市伏見区日野林49-12,,（福）京都市社会福祉協議会,075-571-9314,075-571-9314,http://www.city.kyoto.lg.jp/hagukumi/page/0000032935.html,遊戯室、育成室、図書室等,10:00〜18:30※学童クラブ事業月〜金：放課後〜18:30土：8:00〜18:30,日曜日、祝日、年末年始（12/29〜1/3）,詳細はホームページを御覧ください。,,直接施設へお越しください。（活動内容によっては事前の申込みが必要な場合もあります。）,,,,,,,,,,,,,,,,,,,,,,,,,,,,,,
子ども若者はぐくみ局,育成推進課,1000000266,藤森竹田児童館,ふじのもりたけだじどうかん,34.95036,135.75765,114,11,詳細はホームページを御覧ください。,612-8441,京都市伏見区竹田醍醐田町17-5,,（福）京都市社会福祉協議会,075-642-4774,075-585-8545,http://www.city.kyoto.lg.jp/hagukumi/page/0000032935.html,遊戯室、育成室、図書室等,10:00〜18:30※学童クラブ事業月〜金：放課後〜18:30土：8:00〜18:30,日曜日、祝日、年末年始（12/29〜1/3）,詳細はホームページを御覧ください。,,直接施設へお越しください。（活動内容によっては事前の申込みが必要な場合もあります。）,,,,,,,,,,,,,,,,,,,,,,,,,,,,,,
子ども若者はぐくみ局,育成推進課,1000000267,室町児童館,むろまちじどうかん,35.0336,135.75916,114,2,詳細はホームページを御覧ください。,602-0021,京都市上京区室町通上立売上る東入柳図子町301,,（福）京都社会福祉協会,075-414-0784,075-406-0778,http://www.city.kyoto.lg.jp/hagukumi/page/0000032935.html,遊戯室、育成室、図書室等,10:00〜18:30※学童クラブ事業月〜金：放課後〜18:30土：8:00〜18:30,日曜日、祝日、年末年始（12/29〜1/3）,詳細はホームページを御覧ください。,,直接施設へお越しください。（活動内容によっては事前の申込みが必要な場合もあります。）,,,,,,,,,,,,,,,,,,,,,,,,,,,,,,
子ども若者はぐくみ局,育成推進課,1000000268,円町児童館,えんまちじどうかん,35.01926,135.72985,114,4,詳細はホームページを御覧ください。,604-8466,京都市中京区西ﾉ京南大炊御門町33番地,,（福）京都社会福祉協会,075-461-2035,075-461-2035,http://www.city.kyoto.lg.jp/hagukumi/page/0000032935.html,遊戯室、育成室、図書室等,10:00〜18:30※学童クラブ事業月〜金：放課後〜18:30土：8:00〜18:30,日曜日、祝日、年末年始（12/29〜1/3）,詳細はホームページを御覧ください。,,直接施設へお越しください。（活動内容によっては事前の申込みが必要な場合もあります。）,,,,,,,,,,,,,,,,,,,,,,,,,,,,,,
子ども若者はぐくみ局,育成推進課,1000000269,久世児童館,くぜじどうかん,34.96033,135.72075,114,8,詳細はホームページを御覧ください。,601-8202,京都市南区久世大築町50-1,,（福）京都社会福祉協会,075-931-4105,075-925-5005,http://www.city.kyoto.lg.jp/hagukumi/page/0000032935.html,遊戯室、育成室、図書室等,10:00〜18:30※学童クラブ事業月〜金：放課後〜18:30土：8:00〜18:30,日曜日、祝日、年末年始（12/29〜1/3）,詳細はホームページを御覧ください。,,直接施設へお越しください。（活動内容によっては事前の申込みが必要な場合もあります。）,,,,,,,,,,,,,,,,,,,,,,,,,,,,,,
子ども若者はぐくみ局,育成推進課,1000000270,嵯峨広沢児童館,さがひろさわじどうかん,35.02174,135.68805,114,9,詳細はホームページを御覧ください。,616-8305,京都市右京区嵯峨広沢御所ﾉ内町21-3,,（福）京都社会福祉協会,075-873-2125,075-873-2125,http://www.city.kyoto.lg.jp/hagukumi/page/0000032935.html,遊戯室、育成室、図書室等,10:00〜18:30※学童クラブ事業月〜金：放課後〜18:30土：8:00〜18:30,日曜日、祝日、年末年始（12/29〜1/3）,詳細はホームページを御覧ください。,,直接施設へお越しください。（活動内容によっては事前の申込みが必要な場合もあります。）,,,,,,,,,,,,,,,,,,,,,,,,,,,,,,
子ども若者はぐくみ局,育成推進課,1000000271,嵐山東児童館,あらしやまひがしじどうかん,35.00707,135.68598,114,10,詳細はホームページを御覧ください。,616-0012,京都市西京区嵐山東海道町47-1,,（福）京都社会福祉協会,075-873-5478,075-873-5478,http://www.city.kyoto.lg.jp/hagukumi/page/0000032935.html,遊戯室、育成室、図書室等,10:00〜18:30※学童クラブ事業月〜金：放課後〜18:30土：8:00〜18:30,日曜日、祝日、年末年始（12/29〜1/3）,詳細はホームページを御覧ください。,,直接施設へお越しください。（活動内容によっては事前の申込みが必要な場合もあります。）,,,,,,,,,,,,,,,,,,,,,,,,,,,,,,
子ども若者はぐくみ局,育成推進課,1000000272,神川児童館,かみかわじどうかん,34.93933,135.73257,114,11,詳細はホームページを御覧ください。,612-8494,京都市伏見区久我東町1-39,,（福）京都社会福祉協会,075-922-1727,075-922-1727,http://www.city.kyoto.lg.jp/hagukumi/page/0000032935.html,遊戯室、育成室、図書室等,10:00〜18:30※学童クラブ事業月〜金：放課後〜18:30土：8:00〜18:30,日曜日、祝日、年末年始（12/29〜1/3）,詳細はホームページを御覧ください。,,直接施設へお越しください。（活動内容によっては事前の申込みが必要な場合もあります。）,,,,,,,,,,,,,,,,,,,,,,,,,,,,,,
子ども若者はぐくみ局,育成推進課,1000000273,羽束師児童館,はづかしじどうかん,34.93164,135.72539,114,11,詳細はホームページを御覧ください。,612-8485,京都市伏見区羽束師志水町138-6,,（福）京都社会福祉協会,075-921-2926,075-921-2926,http://www.city.kyoto.lg.jp/hagukumi/page/0000032935.html,遊戯室、育成室、図書室等,10:00〜18:30※学童クラブ事業月〜金：放課後〜18:30土：8:00〜18:30,日曜日、祝日、年末年始（12/29〜1/3）,詳細はホームページを御覧ください。,,直接施設へお越しください。（活動内容によっては事前の申込みが必要な場合もあります。）,,,,,,,,,,,,,,,,,,,,,,,,,,,,,,
子ども若者はぐくみ局,育成推進課,1000000274,嵯峨野児童館,さがのじどうかん,35.01247,135.69624,114,9,詳細はホームページを御覧ください。,616-8314,京都市右京区嵯峨野秋街道町35-1,,（福）積慶園,075-873-4355,075-882-1724,http://www.city.kyoto.lg.jp/hagukumi/page/0000032935.html,遊戯室、育成室、図書室等,10:00〜18:30※学童クラブ事業月〜金：放課後〜18:30土：8:00〜18:30,日曜日、祝日、年末年始（12/29〜1/3）,詳細はホームページを御覧ください。,,直接施設へお越しください。（活動内容によっては事前の申込みが必要な場合もあります。）,,,,,,,,,,,,,,,,,,,,,,,,,,,,,,
子ども若者はぐくみ局,育成推進課,1000000275,山ノ内児童館,やまのうちじどうかん,35.01034,135.72302,114,9,詳細はホームページを御覧ください。,615-0092,京都市右京区山ﾉ内宮脇町12-2,,（福）宏量福祉会,075-802-5058,075-802-5058,http://www.city.kyoto.lg.jp/hagukumi/page/0000032935.html,遊戯室、育成室、図書室等,10:00〜18:30※学童クラブ事業月〜金：放課後〜18:30土：8:00〜18:30,日曜日、祝日、年末年始（12/29〜1/3）,詳細はホームページを御覧ください。,,直接施設へお越しください。（活動内容によっては事前の申込みが必要な場合もあります。）,,,,,,,,,,,,,,,,,,,,,,,,,,,,,,
子ども若者はぐくみ局,育成推進課,1000000276,住吉児童館,すみよしじどうかん,34.94279,135.76067,114,11,詳細はホームページを御覧ください。,612-8323,京都市伏見区大和町568,,（一社）京都市ひとり親家庭福祉連合会,075-601-6758,075-601-6758,http://www.city.kyoto.lg.jp/hagukumi/page/0000032935.html,遊戯室、育成室、図書室等,10:00〜18:30※学童クラブ事業月〜金：放課後〜18:30土：8:00〜18:30,日曜日、祝日、年末年始（12/29〜1/3）,詳細はホームページを御覧ください。,,直接施設へお越しください。（活動内容によっては事前の申込みが必要な場合もあります。）,,,,,,,,,,,,,,,,,,,,,,,,,,,,,,
子ども若者はぐくみ局,育成推進課,1000000277,柏野学童保育所,かしわのがくどうほいくしょ,35.03756,135.73663,114,1,ひとり親家庭、両親の共働きその他の事情などで昼間留守になる家庭の小学生の児童を、放課後安全に保護し、かつ、健やかに育成する学童クラブ事業を実施しています。,603-8304,京都市北区紫野郷ﾉ上町36,,京都市学童保育所管理委員会,075-464-1597,075-464-1597,http://www.city.kyoto.lg.jp/hagukumi/page/0000032935.html,遊戯室、育成室等,月〜金：放課後〜18:30土：8:00〜18:30,日曜日、祝日、年末年始（12/29〜1/3）,詳細はホームページを御覧ください。,,施設において申請・登録手続を行ってください。,,,,,,,,,,,,,,,,,,,,,,,,,,,,,,
子ども若者はぐくみ局,育成推進課,1000000278,翔鸞学童保育所,しょうらんがくどうほいくしょ,35.0317,135.73766,114,2,ひとり親家庭、両親の共働きその他の事情などで昼間留守になる家庭の小学生の児童を、放課後安全に保護し、かつ、健やかに育成する学童クラブ事業を実施しています。,602-8393,京都市上京区御前通今出川上る鳥居前町671 　　,,京都市学童保育所管理委員会,075-461-6195,075-461-6195,http://www.city.kyoto.lg.jp/hagukumi/page/0000032935.html,遊戯室、育成室等,月〜金：放課後〜18:30土：8:00〜18:30,日曜日、祝日、年末年始（12/29〜1/3）,詳細はホームページを御覧ください。,,施設において申請・登録手続を行ってください。,,,,,,,,,,,,,,,,,,,,,,,,,,,,,,
子ども若者はぐくみ局,育成推進課,1000000280,修学院学童保育所,しゅうがくいんがくどうほいくしょ,35.05319,135.79412,114,3,ひとり親家庭、両親の共働きその他の事情などで昼間留守になる家庭の小学生の児童を、放課後安全に保護し、かつ、健やかに育成する学童クラブ事業を実施しています。,606-8021,京都市左京区修学院沖殿町1         ,,京都市学童保育所管理委員会,075-781-4898,075-781-4898,http://www.city.kyoto.lg.jp/hagukumi/page/0000032935.html,遊戯室、育成室等,月〜金：放課後〜18:30土：8:00〜18:30,日曜日、祝日、年末年始（12/29〜1/3）,詳細はホームページを御覧ください。,,施設において申請・登録手続を行ってください。,,,,,,,,,,,,,,,,,,,,,,,,,,,,,,
子ども若者はぐくみ局,育成推進課,1000000282,一橋学童保育所,いっきょうがくどうほいくしょ,34.98359,135.77069,114,5,ひとり親家庭、両親の共働きその他の事情などで昼間留守になる家庭の小学生の児童を、放課後安全に保護し、かつ、健やかに育成する学童クラブ事業を実施しています。,605-0966,京都市東山区本町十丁目東入下池田町527 　　　,,京都市学童保育所管理委員会,075-525-3944,075-525-3944,http://www.city.kyoto.lg.jp/hagukumi/page/0000032935.html,遊戯室、育成室等,月〜金：放課後〜18:30土：8:00〜18:30,日曜日、祝日、年末年始（12/29〜1/3）,詳細はホームページを御覧ください。,,施設において申請・登録手続を行ってください。,,,,,,,,,,,,,,,,,,,,,,,,,,,,,,
子ども若者はぐくみ局,育成推進課,1000000283,三条学童保育所,さんじょうがくどうほいくしょ,35.00781,135.77664,114,5,ひとり親家庭、両親の共働きその他の事情などで昼間留守になる家庭の小学生の児童を、放課後安全に保護し、かつ、健やかに育成する学童クラブ事業を実施しています。,605-0018,京都市東山区花見小路通古門前上る巽町450,,京都市学童保育所管理委員会,075-531-0186,075-531-0186,http://www.city.kyoto.lg.jp/hagukumi/page/0000032935.html,遊戯室、育成室等,月〜金：放課後〜18:30土：8:00〜18:30,日曜日、祝日、年末年始（12/29〜1/3）,詳細はホームページを御覧ください。,,施設において申請・登録手続を行ってください。,,,,,,,,,,,,,,,,,,,,,,,,,,,,,,
子ども若者はぐくみ局,育成推進課,1000000285,東和学童保育所,とうわがくどうほいくしょ,34.97814,135.75899,114,8,ひとり親家庭、両親の共働きその他の事情などで昼間留守になる家庭の小学生の児童を、放課後安全に保護し、かつ、健やかに育成する学童クラブ事業を実施しています。,601-8041,京都市南区東九条南烏丸町19,,京都市学童保育所管理委員会,075-681-4807,075-681-4807,http://www.city.kyoto.lg.jp/hagukumi/page/0000032935.html,遊戯室、育成室等,月〜金：放課後〜18:30土：8:00〜18:30,日曜日、祝日、年末年始（12/29〜1/3）,詳細はホームページを御覧ください。,,施設において申請・登録手続を行ってください。,,,,,,,,,,,,,,,,,,,,,,,,,,,,,,
子ども若者はぐくみ局,育成推進課,1000000287,桂東学童保育所,かつらひがしがくどうほいくしょ,34.97795,135.70785,114,10,ひとり親家庭、両親の共働きその他の事情などで昼間留守になる家庭の小学生の児童を、放課後安全に保護し、かつ、健やかに育成する学童クラブ事業を実施しています。,615-8026,京都市西京区桂市ﾉ前町31          ,,京都市学童保育所管理委員会,075-381-9829,075-381-9829,http://www.city.kyoto.lg.jp/hagukumi/page/0000032935.html,遊戯室、育成室等,月〜金：放課後〜18:30土：8:00〜18:30,日曜日、祝日、年末年始（12/29〜1/3）,詳細はホームページを御覧ください。,,施設において申請・登録手続を行ってください。,,,,,,,,,,,,,,,,,,,,,,,,,,,,,,
子ども若者はぐくみ局,育成推進課,1000000289,向島学童保育所,むかいじまがくどうほいくしょ,34.92651,135.77061,114,11,ひとり親家庭、両親の共働きその他の事情などで昼間留守になる家庭の小学生の児童を、放課後安全に保護し、かつ、健やかに育成する学童クラブ事業を実施しています。,612-8121,京都市伏見区向島善阿弥町2-3,,京都市学童保育所管理委員会,075-602-7335,075-602-7335,http://www.city.kyoto.lg.jp/hagukumi/page/0000032935.html,遊戯室、育成室等,月〜金：放課後〜18:30土：8:00〜18:30,日曜日、祝日、年末年始（12/29〜1/3）,詳細はホームページを御覧ください。,,施設において申請・登録手続を行ってください。,,,,,,,,,,,,,,,,,,,,,,,,,,,,,,
子ども若者はぐくみ局,育成推進課,1000000290,上里児童館,かみざとじどうかん,34.95308,135.68441,114,10,詳細はホームページを御覧ください。,610-1121,京都市西京区大原野上里北ﾉ町          ,,（福）上里福祉会,075-333-1225,075-333-1225,http://www.city.kyoto.lg.jp/hagukumi/page/0000032935.html,遊戯室、育成室、図書室等,10:00〜18:30※学童クラブ事業月〜金：放課後〜18:30土：8:00〜18:30,日曜日、祝日、年末年始（12/29〜1/3）,詳細はホームページを御覧ください。,,直接施設へお越しください。（活動内容によっては事前の申込みが必要な場合もあります。）,,,,,,,,,,,,,,,,,,,,,,,,,,,,,,
子ども若者はぐくみ局,育成推進課,1000000291,ほっこりスペース,ほっこりすぺーす,35.01178,135.69962,115,9,子育て中の親子（主に乳幼児）が気軽に集い、交流する場です。子育てアドバイザーによる子育て相談も行っています。,616-8153,京都市右京区太秦面影町20-45,,（福）積慶園,075-882-7090,075-882-7090,http://hokkori7090.wix.com/hokkori7090/,,10:00〜16:00,日曜、木曜、祝日及び年末年始,無料（ただし、材料代等の実費をご負担いただく場合があります。）,京福電車「帷子ノ辻」、京都バス・市バス「帷子ノ辻」から徒歩１０分,,公共交通機関をご利用ください。,子育て支援活動いきいきセンター（つどいの広場）,,,,,,,,,,,,,,,,,,,,,,,,,,,,
子ども若者はぐくみ局,育成推進課,1000000292,桜木ふれ愛の家,さくらぎふれあいのいえ,34.93876,135.80801,115,11,子育て中の親子（主に乳幼児）が気軽に集い、交流する場です。子育てアドバイザーによる子育て相談も行っています。,601-1433,京都市伏見区石田大山町15-5,,（福）眞友福祉会,075-572-2515,075-571-5555,,,10:00〜16:00,日曜、月曜、祝日及び年末年始,無料（ただし、材料代等の実費をご負担いただく場合があります。）,京阪バス「石田」から徒歩１分、地下鉄「石田」から徒歩１０分,,公共交通機関をご利用ください。,子育て支援活動いきいきセンター（つどいの広場）,,,,,,,,,,,,,,,,,,,,,,,,,,,,
子ども若者はぐくみ局,育成推進課,1000000293,Coco smile ooyake（ココスマイル おおやけ）,ここすまいるおおやけ,34.97486,135.82404,115,6,子育て中の親子（主に乳幼児）が気軽に集い、交流する場です。子育てアドバイザーによる子育て相談も行っています。,607-8178,京都市山科区大宅五反畑町69-5,,（福）大宅福祉会,075-581-6879,075-501-9315,http://www.ooyake.net/kidsroom/,,10:00〜16:00,日曜、水曜、祝日及び年末年始,無料（ただし、材料代等の実費をご負担いただく場合があります。）,京阪バス「大宅打明町」から徒歩１分、地下鉄「椥辻」から徒歩１０分,,公共交通機関をご利用ください。,子育て支援活動いきいきセンター（つどいの広場）,,,,,,,,,,,,,,,,,,,,,,,,,,,,
子ども若者はぐくみ局,育成推進課,1000000294,西賀茂プレイセンターＦＫＣ,にしがもぷれいせんたーえふけーしー,35.06741,135.74266,115,1,子育て中の親子（主に乳幼児）が気軽に集い、交流する場です。子育てアドバイザーによる子育て相談も行っています。,603-8811,京都市北区西賀茂北山ﾉ森町8,,ＮＰＯ法人 西賀茂プレイセンターＦＫＣ,075-495-2185,075-495-2185,,,10:00〜16:00,日曜、月曜、祝日及び年末年始,無料（ただし、材料代等の実費をご負担いただく場合があります。）,市バス「西賀茂車庫前」から徒歩１０分,,公共交通機関をご利用ください。,子育て支援活動いきいきセンター（つどいの広場）,,,,,,,,,,,,,,,,,,,,,,,,,,,,
子ども若者はぐくみ局,児童福祉センター,1000000295,児童福祉センター,じどうふくしせんたー,34.9984519,135.7345066,115,2,子どもに関する相談を受け、専門的な立場から解決を図る児童福祉の総合機関です。,604−8845,京都市中京区壬生東高田町1番地の20,,京都市,075-950-0748,075-950-1618,https://www.city.kyoto.lg.jp/hagukumi/page/0000023948.html,児童相談所、発達相談所（診療所及び児童発達支援センター）,平日8：30〜17：00,土曜、日曜、祝日及び年末年始,相談については無料。発達相談所で運営している診療所及び通園施設等の利用については費用負担が発生する場合があります。 ,阪急「西院」駅から南へ徒歩10分京福「西院」駅から南へ徒歩10分JR「丹波口」駅から西へ徒歩15分京都市営バス「西大路松原」バス停から徒歩4分「市立病院前」バス停から徒歩6分,来所または電話,,,,,,,,,,,,,,,,,,,,,,,,,,,,,,
子ども若者はぐくみ局,児童福祉センター,1000000296,児童相談所,じどうそうだんしょ,34.9984519,135.7345066,115,2,18歳未満の子どもの相談のうち、養護（虐待）・非行・育成相談等について相談を受け付け、支援を行います。,604−8845,京都市中京区壬生東高田町1番地の20,,京都市,075-950-0748,075-950-1618,https://www.city.kyoto.lg.jp/hagukumi/page/0000275627.html,（京都市児童福祉センターの一部）児童相談所,平日8：30〜17：00,土曜、日曜、祝日及び年末年始,相談については無料。,阪急「西院」駅から南へ徒歩10分京福「西院」駅から南へ徒歩10分JR「丹波口」駅から西へ徒歩15分京都市営バス「西大路松原」バス停から徒歩4分「市立病院前」バス停から徒歩6分,来所または電話,,,,,,,,,,,,,,,,,,,,,,,,,,,,,,
子ども若者はぐくみ局,児童福祉センター,1000000297,発達相談所,はったつそうだんしょ,34.9984519,135.7345066,115,2,18歳未満の子どもの心身の発達に関する相談、診療所や障害児通園施設を運営しています。,604−8845,京都市中京区壬生東高田町1番地の20,,京都市,075-950-1232,075-950-1618,https://www.city.kyoto.lg.jp/hagukumi/page/0000324540.html,（京都市児童福祉センターの一部）発達相談課、診療所、児童発達支援センター「こぐま園」、児童発達支援センター「うさぎ園」,平日8：30〜17：00,土曜、日曜、祝日及び年末年始,相談については無料。診療所及び通園施設の利用等に関して、費用負担が発生する場合があります。,阪急「西院」駅から南へ徒歩10分京福「西院」駅から南へ徒歩10分JR「丹波口」駅から西へ徒歩15分京都市営バス「西大路松原」バス停から徒歩4分「市立病院前」バス停から徒歩6分,来所または電話,,,,,,,,,,,,,,,,,,,,,,,,,,,,,,
子ども若者はぐくみ局,児童福祉センター,1000000298,児童療育センター,じどうりょういくせんたー,34.9576,135.76595,115,11,こころやからだ、ことばの発達に支援が必要な就学前の子どもとその保護者を対象に、通園による早期療育・早期支援を行っています。,612-0029,京都市伏見区深草西浦町六丁目65,,(福)京都総合福祉協会、(福)老人福祉協会,075-646-3818(きらきら園、おひさま教室、あおぞら教室)、075-646-1156(なないろ),075-647-2656(きらきら園、おひさま教室、あおぞら教室)、075-642-2733(なないろ),http://www.city.kyoto.lg.jp/hagukumi/page/0000024423.html,児童発達支援センター「きらきら園」総合療育事業「あおぞら教室」児童発達支援事業「なないろ」,平日8：30〜17：00,土曜、日曜、祝日及び年末年始,利用内容に応じて費用を負担していただきます。,"近鉄・地下鉄烏丸線竹田駅下車徒歩15分京阪藤森駅下車徒歩5分市バス・京阪バス「青少年科学センター前」下車徒歩1分",児童福祉センター総合受付（８０１−２９２９）又は第二児童福祉センター総合受付（６１２−２７２７）までご相談ください。,,,,,,,,,,,,,,,,,,,,,,,,,,,,,,
保健福祉局,障害保健福祉推進室,1000000299,発達障害者支援センター,はったつしょうがいしゃしえんせんたー,35.01721,135.75029,115,2,京都市在住の発達障害の方と、その御家族及び支援団体を支援するセンターです。,602-8144,京都市上京区丸太町通黒門東入藁屋町536−1,,京都市・社会福祉法人京都総合福祉協会,075-841-0375,075-841-0381,https://www.sogofukushi.jp/kagayaki/,,平日8：30〜12:0013:00〜17:00 ,土曜、日曜、祝日及び年末年始,相談については無料。利用内容に応じて費用を負担していただきます。,"地下鉄東西線二条城前駅下車徒歩10分市バス「堀川丸太町」徒歩5分",来所または電話,,かがやき,,,,,,,,,,,,,,,,,,,,,,,,,,,,
保健福祉局,地域リハビリテーション推進センター,1000000300,地域リハビリテーション推進センター,ちいきりはびりてーしょんすいしんせんたー,35.00377,135.73575,116,4,地域リハビリテーションのより一層の推進及び新たなニーズとしての高次脳機能障害のある市民の方への支援を行います。また障害者支援施設において、同障害のある方を対象に自立訓練と入所支援を行います。,604-8854,京都市中京区壬生仙念町30,,京都市,075-823-1650,075-842-1545,http://www.city.kyoto.lg.jp/menu3/category/44-10-0-0-0-0-0-0-0-0.html,身体障害者更生相談所、高次脳機能障害者支援センター、障害者支援施設,8:30〜17:00,土曜日、日曜日、 祝日、12/29〜1/3,障害者支援施設については、障害者総合支援法による利用者負担分　　　,阪急電鉄「西院」駅から徒歩約６分京福電鉄「西院」駅から徒歩約３分京都市バス「四条御前通」下車すぐ,ホームページを御覧ください。,,,,,,,,,,,,,,,,,,,,,,,,,,,,,,
保健福祉局,健康長寿企画課,1000000301,福祉ボランティアセンター,ふくしぼらんてぃあせんたー,34.99312,135.76494,109,7,児童、高齢者、障害者などの福祉ボランティア活動の推進やボランティアグループの支援を目的に事業を実施しています。,600-8127,京都市下京区西木屋町通上ノ口上る梅湊町83-1　ひと・まち交流館京都　３階,,社会福祉法人京都市社会福祉協議会,075-354-8735,075-354-8738,http://v.hitomachi-kyoto.jp/,ホームページを御覧ください。,月曜〜土曜日9:00〜21：00　日曜・祝日9:00〜17:00,12/29〜1/4及び毎月第３火曜日（国民の祝日にあたるときは翌日）,ホームページを御覧ください。,"〇市バス４、１７、２０５号系統「河原町正面」下車〇京阪電車「清水五条」下車徒歩８分〇地下鉄烏丸線「五条」下車徒歩１０分",ホームページを御覧ください。,,,,,,,,,,,,,,,,,,,,,,,,,,,,,,
保健福祉局,健康長寿企画課,1000000302,ひと・まち交流館　京都,ひとまちこうりゅうかんきょうと,34.9931,135.76512,102,7,「市民活動総合センター」「福祉ボランティアセンター」「長寿すこやかセンター」「景観・まちづくりセンター」の４つのセンターからなる複合施設です。,600-8127,京都市下京区西木屋町通上ノ口上る梅湊町83-1,,社会福祉法人京都市社会福祉協議会,075-354-8711,075-354-8712,http://www.hitomachi-kyoto.jp/,ホームページを御覧ください。,月曜〜土曜日9:00〜21：00　日曜・祝日9:00〜17:00（共用会議室は9:00〜21:00）,12/29〜1/4及び毎月第３火曜日（国民の祝日にあたるときは翌日）,ホームページを御覧ください。,○市バス４、１７、２０５号系統「河原町正面」下車○京阪電車「清水五条」下車徒歩８分○地下鉄烏丸線「五条」下車徒歩１０分,ホームページを御覧ください。,,,,,,,,,,,,,,,,,,,,,,,,,,,,,,
保健福祉局,健康長寿企画課,1000000305,北老人福祉センター,きたろうじんふくしせんたー,35.0409,135.7495,117,1,高齢者の各種相談に応じるとともに、健康の増進、教養の向上等を目的に様々な取組を行っています。,603-8214,京都市北区紫野雲林院町44-1　北合同福祉センター３階,,社会福祉法人京都市社会福祉協議会,075-492-8845,075-492-8845,http://sukoyaka.hitomachi-kyoto.jp/youthful/r_fukushi.html,教養娯楽室、相談室、集会室,9:00〜17:00,日曜日・祝日・年末年始（12/29〜1/3）　,無料（必要に応じて実費負担）,市バス「北大路堀川」下車,初回のみ窓口で利用者登録をしていただきます。,,,,,,,,,,,,,,,,,,,,,,,,,,,,,,
保健福祉局,健康長寿企画課,1000000306,上京老人福祉センター,かみぎょうろうじんふくしせんたー,35.02822,135.73697,117,2,高齢者の各種相談に応じるとともに、健康の増進、教養の向上等を目的に様々な取組を行っています。,602-8383,京都市上京区今小路通御前通東入西今小路町797,,社会福祉法人京都市社会福祉協議会,075-464-4889,075-464-2981,http://sukoyaka.hitomachi-kyoto.jp/youthful/r_fukushi.html,教養娯楽室、相談室、集会室、機能回復訓練室,9:00〜17:00,日曜日・祝日・年末年始（12/29〜1/3）　,無料（必要に応じて実費負担）,市バス「北野天満宮前」下車,初回のみ窓口で利用者登録をしていただきます。,,,,,,,,,,,,,,,,,,,,,,,,,,,,,,
保健福祉局,健康長寿企画課,1000000307,左京老人福祉センター,さきょうろうじんふくしせんたー,35.03814,135.77796,117,3,高齢者の各種相談に応じるとともに、健康の増進、教養の向上等を目的に様々な取組を行っています。,606-8103,京都市左京区高野西開町5　左京合同福祉センター１階,,社会福祉法人京都市社会福祉協議会,075-722-4650,075-707-7445,http://sukoyaka.hitomachi-kyoto.jp/youthful/r_fukushi.html,教養娯楽室、相談室、集会室、機能回復訓練室,9:00〜17:00,日曜日・祝日・年末年始（12/29〜1/3）　,無料（必要に応じて実費負担）,市バス「田中大久保町」下車,初回のみ窓口で利用者登録をしていただきます。,,,,,,,,,,,,,,,,,,,,,,,,,,,,,,
保健福祉局,健康長寿企画課,1000000308,中京老人福祉センター,なかぎょうろうじんふくしせんたー,35.00445,135.74592,117,4,高齢者の各種相談に応じるとともに、健康の増進、教養の向上等を目的に様々な取組を行っています。,604-8804,京都市中京区壬生坊城町48-3　ＵＲ都市機構壬生坊城第二団地4棟1階,,社会福祉法人京都市社会福祉協議会,075-821-5000,075-821-5000,http://sukoyaka.hitomachi-kyoto.jp/youthful/r_fukushi.html,教養娯楽室、相談室、集会室,9:00〜17:00,日曜日・祝日・年末年始（12/29〜1/3）　,無料（必要に応じて実費負担）,市バス「壬生寺道」下車市バス「みぶ操車場前」下車,初回のみ窓口で利用者登録をしていただきます。,,,,,,,,,,,,,,,,,,,,,,,,,,,,,,
保健福祉局,健康長寿企画課,1000000309,東山老人福祉センター,ひがしやまろうじんふくしせんたー,34.99704,135.77639,117,5,高齢者の各種相談に応じるとともに、健康の増進、教養の向上等を目的に様々な取組を行っています。,605-0862,京都市東山区清水五丁目130-8　東山区総合庁舎南館地下１階,,社会福祉法人京都市社会福祉協議会,075-541-0434,075-541-0434,http://sukoyaka.hitomachi-kyoto.jp/youthful/r_fukushi.html,教養娯楽室、相談室、集会室,9:00〜17:00,日曜日・祝日・年末年始（12/29〜1/3）　,無料（必要に応じて実費負担）,市バス「清水道」下車,初回のみ窓口で利用者登録をしていただきます。,,,,,,,,,,,,,,,,,,,,,,,,,,,,,,
保健福祉局,健康長寿企画課,1000000310,山科老人福祉センター,やましなろうじんふくしせんたー,34.97486,135.81395,117,6,高齢者の各種相談に応じるとともに、健康の増進、教養の向上等を目的に様々な取組を行っています。,607-8169,京都市山科区椥辻西浦町41-107,,社会福祉法人京都市社会福祉協議会,075-501-1630,075-501-1630,http://sukoyaka.hitomachi-kyoto.jp/youthful/r_fukushi.html,教養娯楽室、相談室、集会室,9:00〜17:00,日曜日・祝日・年末年始（12/29〜1/3）　,無料（必要に応じて実費負担）,"地下鉄東西線「椥辻」下車京阪バス「椥辻駅」下車",初回のみ窓口で利用者登録をしていただきます。,,,,,,,,,,,,,,,,,,,,,,,,,,,,,,
保健福祉局,健康長寿企画課,1000000311,山科中央老人福祉センター,やましなちゅうおうろうじんふくしせんたー,34.98507,135.81466,117,6,高齢者の各種相談に応じるとともに、健康の増進、教養の向上等を目的に様々な取組を行っています。,607-8344,京都市山科区西野大手先町2-1　山科総合福祉会館２階,,社会福祉法人京都市社会福祉協議会,075-501-0242,075-501-0340,http://sukoyaka.hitomachi-kyoto.jp/youthful/r_fukushi.html,教養娯楽室、相談室、集会室、機能回復訓練室,9:00〜17:00,日曜日・祝日・年末年始（12/29〜1/3）　,無料（必要に応じて実費負担）,"地下鉄東西線「東野」下車京阪バス「山階校前」下車",初回のみ窓口で利用者登録をしていただきます。,,,,,,,,,,,,,,,,,,,,,,,,,,,,,,
保健福祉局,健康長寿企画課,1000000312,下京老人福祉センター,しもぎょうろうじんふくしせんたー,34.99358,135.75727,117,7,高齢者の各種相談に応じるとともに、健康の増進、教養の向上等を目的に様々な取組を行っています。,600-8166,京都市下京区花屋町通室町西入乾町292　下京総合福祉センター２階,,社会福祉法人京都市社会福祉協議会,075-341-1730,075-341-3937,http://sukoyaka.hitomachi-kyoto.jp/youthful/r_fukushi.html,教養娯楽室、相談室、集会室、機能回復訓練室,9:00〜17:00,日曜日・祝日・年末年始（12/29〜1/3）　,無料（必要に応じて実費負担）,"地下鉄烏丸線「五条」下車市バス「烏丸六条」下車",初回のみ窓口で利用者登録をしていただきます。,,,,,,,,,,,,,,,,,,,,,,,,,,,,,,
保健福祉局,健康長寿企画課,1000000313,南老人福祉センター,みなみろうじんふくしせんたー,34.97704,135.73524,117,8,高齢者の各種相談に応じるとともに、健康の増進、教養の向上等を目的に様々な取組を行っています。,601-8321,京都市南区吉祥院西定成町32,,社会福祉法人京都市社会福祉協議会,075-671-1717,075-671-3840,http://sukoyaka.hitomachi-kyoto.jp/youthful/r_fukushi.html,教養娯楽室、相談室、集会室,9:00〜17:00,日曜日・祝日・年末年始（12/29〜1/3）　,無料（必要に応じて実費負担）,市バス「西大路九条」下車,初回のみ窓口で利用者登録をしていただきます。,,,,,,,,,,,,,,,,,,,,,,,,,,,,,,
保健福祉局,健康長寿企画課,1000000314,久世西老人福祉センター,くぜにしろうじんふくしせんたー,34.95861,135.71131,117,8,高齢者の各種相談に応じるとともに、健康の増進、教養の向上等を目的に様々な取組を行っています。,601-8123,京都市南区久世中久世町五丁目19-1,,社会福祉法人清和園,075-934-5801,075-934-5839,http://sukoyaka.hitomachi-kyoto.jp/youthful/r_fukushi.html,教養娯楽室、相談室、集会室、機能回復訓練室,9:00〜17:00,日曜日・祝日・年末年始（12/29〜1/3）　,無料（必要に応じて実費負担）,"ＪＲ「向日町」下車市バス「中久世１丁目」「下久世」下車",初回のみ窓口で利用者登録をしていただきます。,,,,,,,,,,,,,,,,,,,,,,,,,,,,,,
保健福祉局,健康長寿企画課,1000000315,右京老人福祉センター,うきょうろうじんふくしせんたー,35.03213,135.70419,117,9,高齢者の各種相談に応じるとともに、健康の増進、教養の向上等を目的に様々な取組を行っています。,616-8254,京都市右京区鳴滝宅間町14-2,,社会福祉法人京都市社会福祉協議会,075-464-2789,075-464-2789,http://sukoyaka.hitomachi-kyoto.jp/youthful/r_fukushi.html,教養娯楽室、相談室、集会室,9:00〜17:00,日曜日・祝日・年末年始（12/29〜1/3）　,無料（必要に応じて実費負担）,市バス「三宝寺」下車,初回のみ窓口で利用者登録をしていただきます。,,,,,,,,,,,,,,,,,,,,,,,,,,,,,,
保健福祉局,健康長寿企画課,1000000316,右京中央老人福祉センター,うきょうちゅうおうろうじんふくしせんたー,35.01012,135.71276,117,9,高齢者の各種相談に応じるとともに、健康の増進、教養の向上等を目的に様々な取組を行っています。,616-8105,京都市右京区太秦森ヶ前町22-3　右京合同福祉センター２階,,社会福祉法人京都市社会福祉協議会,075-865-8425,075-865-8426,http://sukoyaka.hitomachi-kyoto.jp/youthful/r_fukushi.html,教養娯楽室、相談室、集会室、機能回復訓練室,9:00〜17:00,日曜日・祝日・年末年始（12/29〜1/3）　,無料（必要に応じて実費負担）,"市バス「蚕ノ杜」下車京福電車「蚕ノ杜」下車",初回のみ窓口で利用者登録をしていただきます。,,,,,,,,,,,,,,,,,,,,,,,,,,,,,,
保健福祉局,健康長寿企画課,1000000317,西京老人福祉センター,にしきょうろうじんふくしせんたー,34.98659,135.69959,117,10,高齢者の各種相談に応じるとともに、健康の増進、教養の向上等を目的に様々な取組を行っています。,615-8223,京都市西京区上桂前田町29-2,,社会福祉法人京都市社会福祉協議会,075-392-4705,075-392-4709,http://sukoyaka.hitomachi-kyoto.jp/youthful/r_fukushi.html,教養娯楽室、相談室、集会室,9:00〜17:00,日曜日・祝日・年末年始（12/29〜1/3）　,無料（必要に応じて実費負担）,"市バス「上桂前田町」下車阪急電車「桂駅（西口）」下車",初回のみ窓口で利用者登録をしていただきます。,,,,,,,,,,,,,,,,,,,,,,,,,,,,,,
保健福祉局,健康長寿企画課,1000000318,洛西老人福祉センター,らくさいろうじんふくしせんたー,34.96206,135.66874,117,10,高齢者の各種相談に応じるとともに、健康の増進、教養の向上等を目的に様々な取組を行っています。,610-1146,京都市西京区大原野西境谷町二丁目14-4,,社会福祉法人京都市社会福祉協議会,075-335-0766,075-335-0870,http://sukoyaka.hitomachi-kyoto.jp/youthful/r_fukushi.html,教養娯楽室、相談室、集会室、機能回復訓練室,9:00〜17:00,日曜日・祝日・年末年始（12/29〜1/3）　,無料（必要に応じて実費負担）,市バス、ヤサカバス、京都交通、阪急バス「境谷センター前」下車,初回のみ窓口で利用者登録をしていただきます。,,,,,,,,,,,,,,,,,,,,,,,,,,,,,,
保健福祉局,健康長寿企画課,1000000319,伏見老人福祉センター,ふしみろうじんふくしせんたー,34.94036,135.76079,117,11,高齢者の各種相談に応じるとともに、健康の増進、教養の向上等を目的に様々な取組を行っています。,612-8318,京都市伏見区紙子屋町544　伏見社会福祉総合センター２階,,社会福祉法人京都市社会福祉協議会,075-603-1285,075-612-2650,http://sukoyaka.hitomachi-kyoto.jp/youthful/r_fukushi.html,教養娯楽室、相談室、集会室、機能回復訓練室,9:00〜17:00,日曜日・祝日・年末年始（12/29〜1/3）　,無料（必要に応じて実費負担）,"京阪電車「丹波橋」下車近鉄電車「丹波橋」下車市バス「丹波橋」下車",初回のみ窓口で利用者登録をしていただきます。,,,,,,,,,,,,,,,,,,,,,,,,,,,,,,
保健福祉局,健康長寿企画課,1000000320,醍醐老人福祉センター,だいごろうじんふくしせんたー,34.95089,135.81013,117,11,高齢者の各種相談に応じるとともに、健康の増進、教養の向上等を目的に様々な取組を行っています。,601-1375,京都市伏見区醍醐高畑町30-1　パセオ・ダイゴロー西館1階,,社会福祉法人京都市社会福祉協議会,075-575-2570,075-575-2627,http://sukoyaka.hitomachi-kyoto.jp/youthful/r_fukushi.html,教養娯楽室、相談室、集会室、機能回復訓練室,9:00〜17:00,日曜日・祝日・年末年始（12/29〜1/3）　,無料（必要に応じて実費負担）,"地下鉄東西線「醍醐」下車京阪バス「醍醐駅」下車醍醐コミュニティバス「パセオダイゴロー西館前」下車",初回のみ窓口で利用者登録をしていただきます。,,,,,,,,,,,,,,,,,,,,,,,,,,,,,,
保健福祉局,健康長寿企画課,1000000321,淀老人福祉センター,よどろうじんふくしせんたー,34.90436,135.72019,117,11,高齢者の各種相談に応じるとともに、健康の増進、教養の向上等を目的に様々な取組を行っています。,613-0904,京都市伏見区淀池上町131-1　伏見区役所淀出張所１・２階,,社会福祉法人淀福祉会,075-631-7016,075-631-7016,http://sukoyaka.hitomachi-kyoto.jp/youthful/r_fukushi.html,教養娯楽室、相談室、集会室,9:00〜17:00,日曜日・祝日・年末年始（12/29〜1/3）　,無料（必要に応じて実費負担）,京阪電車「淀」下車,初回のみ窓口で利用者登録をしていただきます。,,,,,,,,,,,,,,,,,,,,,,,,,,,,,,
保健福祉局,健康長寿企画課,1000000322,老人保養センター,ろうじんほようせんたー,34.93856,135.80081,117,11,高齢者の各種相談に応じるとともに、健康の増進、教養の向上等を目的に様々な取組を行っています。,601-1436,京都市伏見区石田西ノ坪1-2,,国際ライフパートナー株式会社,075-571-7500,075-571-7500,http://kyoto-hoyo.com/,大浴場、クリケットゴルフ場、カラオケ、囲碁・将棋室、卓球室,9:00〜17:00,年末年始（12/27〜1/5）※年末年始の営業はその年により異なります。,"個人２５０円３０名以上の団体１００円",地下鉄東西線「石田」下車　徒歩５分,窓口へ直接,,,,,,,,,,,,,,,,,,,,,,,,,,,,,,
保健福祉局,健康長寿企画課,1000000323,久多いきいきセンター,くたいきいきせんたー,35.26407,135.82314,117,3,高齢者の福祉の増進を図るため、健康づくりや地域福祉活動のための施設として設置しています。,520-0462,京都市左京区久多下の町203,,京都市久多いきいきセンター運営委員会,075-748-2775,075-748-2775,,娯楽室（元久多中学校校舎を活用しています。）,9:00〜17:00,日曜日・土曜日・祝日・年末年始（12/29〜1/3）　,無料（必要に応じて実費負担）,京都バス梅ノ木西８ｋｍ,窓口へ直接（利用登録必要）,,,,,,,,,,,,,,,,,,,,,,,,,,,,,,
保健福祉局,介護ケア推進課,1000000329,長寿すこやかセンター,ちょうじゅすこやかせんたー,34.99337,135.7651,117,7,高齢者の総合情報センターとして、高齢者やその家族、事業者などに対して幅広く支援を行っていくため、相談、研修、調査研究、高齢者権利擁護及び社会参加などの様々な事業を総合的に展開する施設です。,600-8127,京都市下京区西木屋町通上ノ口上る梅湊町83-1 ひと・まち交流館４階,,社会福祉法人京都市社会福祉協議会,075-354-8741,075-354-8742,http://sukoyaka.hitomachi-kyoto.jp/,ホームページを御覧ください。,9：00-17：30,12/29〜1/4及び毎月第３火曜日（国民の祝日にあたるときは翌日）,ホームページを御覧ください。,市バス１７、２０５号系統「河原町正面」下車京阪電車「清水五条」下車徒歩８分地下鉄烏丸線「五条」下車徒歩１０分,,,,,,,,,,,,,,,,,,,,,,,,,,,,,,,
保健福祉局,介護ケア推進課,1000000330,小川特別養護老人ホーム,おがわとくべつようごろうじんほーむ,35.02886,135.7536,117,2,,602-0951,京都市上京区小川通今出川下る西入東今町375,,社会福祉法人京都福祉サービス協会,075-415-8833,075-415-8835,,,,,,,,,,,,,,,,,,,,,,,,,,,,,,,,,,,,,
保健福祉局,介護ケア推進課,1000000331,本能特別養護老人ホーム,ほんのうとくべつようごろうじんほーむ,35.00594,135.75403,117,4,,604-8231,京都市中京区蛸薬師通油小路東入元本能寺南町346,,社会福祉法人京都福祉サービス協会,075-254-0020,075-211-5171,,,,,,,,,,,,,,,,,,,,,,,,,,,,,,,,,,,,,
保健福祉局,介護ケア推進課,1000000332,修徳特別養護老人ホーム,しゅうとくとくべつようごろうじんほーむ,34.9981,135.75718,117,7,,600-8449,京都市下京区新町通松原下る富永町110-1,,社会福祉法人京都福祉サービス協会,075-351-2181,075-351-2183,,,,,,,,,,,,,,,,,,,,,,,,,,,,,,,,,,,,,
保健福祉局,介護ケア推進課,1000000333,東九条特別養護老人ホーム,ひがしくじょうとくべつようごろうじんほーむ,34.98208,135.76305,117,8,,601-8005,京都市南区東九条西岩本町1-1,,社会福祉法人カトリック司教区カリタス会,075-662-3961,075-662-3973,,,,,,,,,,,,,,,,,,,,,,,,,,,,,,,,,,,,,
保健福祉局,介護ケア推進課,1000000334,久世特別養護老人ホーム,くぜとくべつようごろうじんほーむ,34.95788,135.72482,117,8,,601-8203,京都市南区久世築山町328,,社会福祉法人清和園,075-933-5772,075-933-5702,,,,,,,,,,,,,,,,,,,,,,,,,,,,,,,,,,,,,
保健福祉局,介護ケア推進課,1000000335,桂川特別養護老人ホーム,かつらがわとくべつようごろうじんほーむ,34.9761,135.71397,117,10,,615-8033,京都市西京区下津林東大般若町32,,社会福祉法人京都社会事業財団,075-391-1675,075-391-1640,,,,,,,,,,,,,,,,,,,,,,,,,,,,,,,,,,,,,
保健福祉局,介護ケア推進課,1000000336,菊浜老人短期入所施設,きくはまろうじんたんきにゅうしょしせつ,34.99313,135.76525,117,7,,600-8127,京都市下京区西木屋町通上ノ口上る梅湊町83-1,,社会福祉法人京都市社会福祉協議会,075-354-8751,075-354-8752,,,,,,,,,,,,,,,,,,,,,,,,,,,,,,,,,,,,,
保健福祉局,介護ケア推進課,1000000337,東高瀬川老人短期入所施設,ひがしたかせがわろうじんたんきにゅうしょしせつ,34.94534,135.75473,117,11,,612-8372,京都市伏見区北端町44-7,,社会福祉法人京都老人福祉協会,075-602-3071,075-604-5327,,,,,,,,,,,,,,,,,,,,,,,,,,,,,,,,,,,,,
保健福祉局,介護ケア推進課,1000000338,春日丘老人短期入所施設,かすがおかろうじんたんきにゅうしょしせつ,34.94093,135.81414,117,11,,601-1344,京都市伏見区醍醐辰巳町12-1,,社会福祉法人京都老人福祉協会,075-574-0610,075-574-0618,,,,,,,,,,,,,,,,,,,,,,,,,,,,,,,,,,,,,
保健福祉局,介護ケア推進課,1000000339,柊野老人デイサービスセンター,ひらぎのろうじんでいさーびすせんたー,35.0668,135.74786,117,1,,603-8033,京都市北区上賀茂馬ノ目町10-1,,社会福祉法人柊野福祉会,075-705-4132,075-705-4138,,,,,,,,,,,,,,,,,,,,,,,,,,,,,,,,,,,,,
保健福祉局,介護ケア推進課,1000000340,衣笠老人デイサービスセンター,きぬがさろうじんでいさーびすせんたー,35.03596,135.72745,117,1,,603-8355,京都市北区平野上柳町28-24,,社会福祉法人京都市社会福祉協議会,075-462-9330,075-462-9310,,,,,,,,,,,,,,,,,,,,,,,,,,,,,,,,,,,,,
保健福祉局,介護ケア推進課,1000000341,鳳徳老人デイサービスセンター,ほうとくろうじんでいさーびすせんたー,35.04519,135.75255,117,1,,603-8176,京都市北区紫野上鳥田町30,,社会福祉法人柊野福祉会,075-494-2750,075-493-4143,,,,,,,,,,,,,,,,,,,,,,,,,,,,,,,,,,,,,
保健福祉局,介護ケア推進課,1000000342,成逸老人デイサービスセンター,せいいつろうじんでいさーびすせんたー,35.03556,135.75074,117,2,,602-0074,京都市上京区堀川通寺之内上る二丁目下天神町650-１,,社会福祉法人京都社会事業財団,075-415-8772,075-415-8778,,,,,,,,,,,,,,,,,,,,,,,,,,,,,,,,,,,,,
保健福祉局,介護ケア推進課,1000000343,上京老人デイサービスセンター,かみぎょうろうじんでいさーびすせんたー,35.02822,135.73709,117,2,,602-8383,京都市上京区今小路通御前通東入西今小路町797,,医療法人相馬病院,075-464-2181,075-464-2281,,,,,,,,,（地域密着型サービス京都市指定事業所）,,,,,,,,,,,,,,,,,,,,,,,,,,,,
保健福祉局,介護ケア推進課,1000000344,小川老人デイサービスセンター,おがわろうじんでいさーびすせんたー,35.02911,135.75359,117,2,,602-0951,京都市上京区小川通今出川下る西入東今町375,,社会福祉法人京都福祉サービス協会,075-415-8840,075-415-8835,,,,,,,,,,,,,,,,,,,,,,,,,,,,,,,,,,,,,
保健福祉局,介護ケア推進課,1000000345,仁和老人デイサービスセンター,にんなろうじんでいさーびすせんたー,35.02549,135.7361,117,2,,602-8377,京都市上京区御前通一条下る東竪町132-1,,社会福祉法人京都市社会福祉協議会,075-465-7510,075-465-7522,,,,,,,,,,,,,,,,,,,,,,,,,,,,,,,,,,,,,
保健福祉局,介護ケア推進課,1000000346,出水老人デイサービスセンター,でみずろうじんでいさーびすせんたー,35.02051,135.7469,117,2,,602-8174,京都市上京区日暮通下立売上る西入分銅町556,,社会福祉法人京都市社会福祉協議会,075-823-5577,075-823-5530,,,,,,,,,,,,,,,,,,,,,,,,,,,,,,,,,,,,,
保健福祉局,介護ケア推進課,1000000347,左京老人デイサービスセンター,さきょうろうじんでいさーびすせんたー,35.03804,135.77822,117,3,,606-8103,京都市左京区高野西開町5,,社会福祉法人京都市社会福祉協議会,075-721-9877,075-721-9860,,,,,,,,,,,,,,,,,,,,,,,,,,,,,,,,,,,,,
保健福祉局,介護ケア推進課,1000000348,高野老人デイサービスセンター,たかのろうじんでいさーびすせんたー,35.03443,135.77644,117,3,,606-8101,京都市左京区高野蓼原町47-5,,社会福祉法人バプテストめぐみ会,075-724-0395,075-706-1040,,,,,,,,,（地域密着型サービス京都市指定事業所）,,,,,,,,,,,,,,,,,,,,,,,,,,,,
保健福祉局,介護ケア推進課,1000000349,修学院老人デイサービスセンター,しゅうがくいんろうじんでいさーびすせんたー,35.04953,135.79162,117,3,,606-8001,京都市左京区山端柳ケ坪町18,,社会福祉法人バプテストめぐみ会,075-723-9270,075-723-9272,,,,,,,,,,,,,,,,,,,,,,,,,,,,,,,,,,,,,
保健福祉局,介護ケア推進課,1000000350,本能老人デイサービスセンター,ほんのうろうじんでいさーびすせんたー,35.00544,135.75438,117,4,,604-8231,京都市中京区蛸薬師通油小路東入元本能寺南町346,,社会福祉法人京都福祉サービス協会,075-254-0030,075-211-5171,,,,,,,,,,,,,,,,,,,,,,,,,,,,,,,,,,,,,
保健福祉局,介護ケア推進課,1000000351,御池老人デイサービスセンター,おいけろうじんでいさーびすせんたー,35.01152,135.76417,117,4,,604-0954,京都市中京区御池通柳馬場東入東八幡町579,,社会福祉法人京都市社会福祉協議会,075-257-5534,075-257-5536,,,,,,,,,,,,,,,,,,,,,,,,,,,,,,,,,,,,,
保健福祉局,介護ケア推進課,1000000352,西ノ京老人デイサービスセンター,にしのきょうろうじんでいさーびすせんたー,35.0133,135.73067,117,4,,604-8437,京都市中京区西ノ京東中合町2,,社会福祉法人京都聴覚言語障害者福祉協会,075-841-0881,075-803-0623,,,,,,,,,,,,,,,,,,,,,,,,,,,,,,,,,,,,,
保健福祉局,介護ケア推進課,1000000353,粟田老人デイサービスセンター,あわたろうじんでいさーびすせんたー,35.00962,135.77946,117,5,,605-0028,京都市東山区三条通古川町東入分木町80-2,,社会福祉法人バプテストめぐみ会,075-761-8602,075-761-8612,,,,,,,,,,,,,,,,,,,,,,,,,,,,,,,,,,,,,
保健福祉局,介護ケア推進課,1000000354,東山老人デイサービスセンター,ひがしやまろうじんでいさーびすせんたー,34.99307,135.7748,117,5,,605-0875,京都市東山区渋谷通本町東入四丁目鐘鋳町415-4,,社会福祉法人京都市社会福祉協議会,075-541-6102,075-541-6106,,,,,,,,,,,,,,,,,,,,,,,,,,,,,,,,,,,,,
保健福祉局,介護ケア推進課,1000000355,山科老人デイサービスセンター,やましなろうじんでいさーびすせんたー,34.98506,135.81477,117,6,,607-8344,京都市山科区西野大手先町2-1,,社会福祉法人京都市社会福祉協議会,075-501-0240,075-501-0241,,,,,,,,,,,,,,,,,,,,,,,,,,,,,,,,,,,,,
保健福祉局,介護ケア推進課,1000000356,日ノ岡老人デイサービスセンター,ひのおかろうじんでいさーびすせんたー,34.99814,135.79711,117,6,,607-8493,京都市山科区日ノ岡朝田町53-11,,社会福祉法人勧修福祉会,075-595-5940,075-582-6087,,,,,,,,,,,,,,,,,,,,,,,,,,,,,,,,,,,,,
保健福祉局,介護ケア推進課,1000000358,勧修老人デイサービスセンター,かんしゅうろうじんでいさーびすせんたー,34.9718,135.80784,117,6,,607-8203,京都市山科区栗栖野打越町17,,社会福祉法人緑寿会,075-595-7703,075-595-7739,,,,,,,,,,,,,,,,,,,,,,,,,,,,,,,,,,,,,
保健福祉局,介護ケア推進課,1000000359,修徳老人デイサービスセンター,しゅうとくろうじんでいさーびすせんたー,34.99792,135.75691,117,7,,600-8449,京都市下京区新町通松原下る富永町110-1,,社会福祉法人京都福祉サービス協会,075-351-2191,075-361-2183,,,,,,,,,,,,,,,,,,,,,,,,,,,,,,,,,,,,,
保健福祉局,介護ケア推進課,1000000360,下京老人デイサービスセンター,しもぎょうろうじんでいさーびすせんたー,34.99357,135.75738,117,7,,600-8166,京都市下京区花屋町通室町西入乾町292,,社会福祉法人京都市社会福祉協議会,075-341-5278,075-361-5999,,,,,,,,,,,,,,,,,,,,,,,,,,,,,,,,,,,,,
保健福祉局,介護ケア推進課,1000000361,島原老人デイサービスセンター,しまばらろうじんでいさーびすせんたー,34.99344,135.74473,117,7,,600-8825,京都市下京区西新屋敷中之町103-2,,社会福祉法人カトリック司教区カリタス会,075-351-4831,075-351-4820,,,,,,,,,,,,,,,,,,,,,,,,,,,,,,,,,,,,,
保健福祉局,介護ケア推進課,1000000362,陶化老人デイサービスセンター,とうかろうじんでいさーびすせんたー,34.97528,135.76315,117,8,,601-8024,京都市南区東九条東札辻町6-1,,社会福祉法人京都市社会福祉協議会,075-671-2331,075-671-2333,,,,,,,,,,,,,,,,,,,,,,,,,,,,,,,,,,,,,
保健福祉局,介護ケア推進課,1000000363,東九条老人デイサービスセンター,ひがしくじょうろうじんでいさーびすせんたー,34.98208,135.76327,117,8,,601-8005,京都市南区東九条西岩本町1-1,,社会福祉法人カトリック司教区カリタス会,075-662-3962,075-662-3973,,,,,,,,,,,,,,,,,,,,,,,,,,,,,,,,,,,,,
保健福祉局,介護ケア推進課,1000000364,吉祥院老人デイサービスセンター,きっしょういんろうじんでいさーびすせんたー,34.96843,135.73264,117,8,,601-8335,京都市南区吉祥院砂ノ町50,,社会福祉法人清和園,075-661-8991,075-661-8974,,,,,,,,,,,,,,,,,,,,,,,,,,,,,,,,,,,,,
保健福祉局,介護ケア推進課,1000000365,久世西老人デイサービスセンター,くぜにしろうじんでいさーびすせんたー,34.95862,135.71146,117,8,,601-8213,京都市南区久世中久世町五丁目19-1,,社会福祉法人清和園,075-934-5811,075-934-5812,,,,,,,,,,,,,,,,,,,,,,,,,,,,,,,,,,,,,
保健福祉局,介護ケア推進課,1000000366,久世老人デイサービスセンター,くぜろうじんでいさーびすせんたー,34.95788,135.72482,117,8,,601-8203,京都市南区久世築山町328,,社会福祉法人清和園,075-933-5773,075-933-5702,,,,,,,,,（地域密着型サービス京都市指定事業所）,,,,,,,,,,,,,,,,,,,,,,,,,,,,
保健福祉局,介護ケア推進課,1000000367,太秦老人デイサービスセンター,うずまさろうじんでいさーびすせんたー,35.01009,135.7129,117,9,,616-8105,京都市右京区太秦森ケ前町22-3,,社会福祉法人京都市社会福祉協議会,075-865-8435,075-865-8437,,,,,,,,,,,,,,,,,,,,,,,,,,,,,,,,,,,,,
保健福祉局,介護ケア推進課,1000000368,西院老人デイサービスセンター,さいいんろうじんでいさーびすせんたー,35.00819,135.73231,117,9,,615-0001,京都市右京区西院上今田町18-3,,社会福祉法人京都福祉サービス協会,075-812-6711,075-812-6776,,,,,,,,,,,,,,,,,,,,,,,,,,,,,,,,,,,,,
保健福祉局,介護ケア推進課,1000000369,葛野老人デイサービスセンター,かどのろうじんでいさーびすせんたー,34.9978,135.71885,117,9,,615-0882,京都市右京区西京極葛野町3,,社会福祉法人京都市社会福祉協議会,075-322-2213,075-322-2241,,,,,,,,,,,,,,,,,,,,,,,,,,,,,,,,,,,,,
保健福祉局,介護ケア推進課,1000000370,御室老人デイサービスセンター,おむろろうじんでいさーびすせんたー,35.02656,135.71797,117,9,,616-8021,京都市右京区花園天授ケ岡町3,,社会福祉法人京都市社会福祉協議会,075-467-1261,075-467-1265,,,,,,,,,,,,,,,,,,,,,,,,,,,,,,,,,,,,,
保健福祉局,介護ケア推進課,1000000371,西京老人デイサービスセンター,にしきょうろうじんでいさーびすせんたー,34.9865,135.69963,117,10,,615-8223,京都市西京区上桂前田町29-2,,社会福祉法人京都市社会福祉協議会,075-392-5611,075-392-5612,,,,,,,,,,,,,,,,,,,,,,,,,,,,,,,,,,,,,
保健福祉局,介護ケア推進課,1000000372,桂川老人デイサービスセンター,かつらがわろうじんでいさーびすせんたー,34.97608,135.71387,117,10,,615-8033,京都市西京区下津林東大般若町32,,社会福祉法人京都社会事業財団,075-391-1695,075-391-1640,,,,,,,,,（地域密着型サービス京都市指定事業所）,,,,,,,,,,,,,,,,,,,,,,,,,,,,
保健福祉局,介護ケア推進課,1000000373,伏見老人デイサービスセンター,ふしみろうじんでいさーびすせんたー,34.9403,135.76049,117,11,,612-8318,京都市伏見区紙子屋町544,,社会福祉法人京都市社会福祉協議会,075-603-1284,075-603-1286,,,,,,,,,,,,,,,,,,,,,,,,,,,,,,,,,,,,,
保健福祉局,介護ケア推進課,1000000374,東高瀬川老人デイサービスセンター,ひがしたかせがわろうじんでいさーびすせんたー,34.94531,135.75496,117,11,,612-8372,京都市伏見区北端町44-7,,社会福祉法人京都老人福祉協会,075-602-3071,075-604-5327,,,,,,,,,,,,,,,,,,,,,,,,,,,,,,,,,,,,,
保健福祉局,介護ケア推進課,1000000375,醍醐老人デイサービスセンター,だいごろうじんでいさーびすせんたー,34.95086,135.81038,117,11,,601-1375,京都市伏見区醍醐高畑町30-1,,社会福祉法人京都市社会福祉協議会,075-575-2573,075-575-2572,,,,,,,,,,,,,,,,,,,,,,,,,,,,,,,,,,,,,
保健福祉局,介護ケア推進課,1000000376,春日丘老人デイサービスセンター,かすがおかろうじんでいさーびすせんたー,34.94093,135.81397,117,11,,601-1344,京都市伏見区醍醐辰巳町12-1,,社会福祉法人京都老人福祉協会,075-574-0612,075-574-0618,,,,,,,,,,,,,,,,,,,,,,,,,,,,,,,,,,,,,
子ども若者はぐくみ局,桃陽病院,1000000377,桃陽病院,とうようびょういん,34.94274,135.78886,118,11,"桃陽病院の特徴は“ゆっくり”。気軽におはなしできる外来診察。ゆったりとした空間の中で治療のできる入院環境。こどもと家族の心と体が元気になるようお手伝いをするこどもの病院です。",612-0833,京都市伏見区深草大亀谷岩山町48-1,,京都市,075-641-8275,075-641-8307,http://www.city.kyoto.lg.jp/hokenfukushi/soshiki/8-5-7-0-0_1.html,"診療科　小児科・内科　乳幼児から中学生までの義務教育期間のこどもを対象としています。小学生・中学生は、隣接されている京都市立桃陽総合養護学校に通うことができます。","診療日　　月曜日〜金曜日診察時間　　9:30〜11:30（受付は11:00まで）　　　　　　　13:30〜16:30（受付は16:00まで）","休診日　土・日・祝日・年末年始","社会保険等適用（労災は除く）(詳細はホームページをご覧ください。）","京阪「墨染」から徒歩２５分JR奈良線「JR藤森」から徒歩２０分地下鉄「六地蔵」から徒歩２５分","予約診療制予約専用電話　075-647-1653",診察及び見学の上、入院を決定します。,,,,,,,,,,,,,,,,,,,,,,,,,,,,,
保健福祉局,医療衛生企画課,1000000379,中央斎場,ちゅうおうさいじょう,34.9844,135.78962,120,6,火葬の執行,607-8461,京都市山科区上花山旭山町19-3,,京都市,075-561-4251,075-561-4249,https://www.city.kyoto.lg.jp/hokenfukushi/page/0000073341.html,【本館】火葬炉、告別ホール、炉前ホール、収骨室【別館】遺族待合室、会議室、喫茶室、業者控室【第二別館】火葬炉、動物炉、告別ホール,（受付時間）10:00〜16:30,1/1及び指定休場日（月３回）,有料（詳細は中央斎場ホームページを御覧ください。）,京阪バス「清閑寺山ノ内町」下車徒歩約20分,京都市中央斎場使用許可申請書に所定の事項をご記入のうえ、埋火葬許可証、使用料金とともに受付に提出してください。,場内での写真撮影、飲食、告別ホールや炉前ホールでの酒や水をまく行為は禁止しております。また、指定場所以外は禁煙となっております。,,,,,,,,,,,,,,,,,,,,,,,,,,,,,
保健福祉局,医療衛生企画課,1000000380,住吉山墓地,すみよしやまぼち,35.0321,135.71588,120,9,宗教宗派の別なく、市民に広く墳墓を提供する目的で市営墓地を設置しております。,616-8091,京都市右京区御室住吉山町,,京都市,,,http://www.city.kyoto.lg.jp/hokenfukushi/page/0000003851.html,墓地,,,"墓地使用料　1平方メートルあたり120,000円墓地保繕料　1平方メートルあたり1,100円",市バス59「塔ノ下町」下車徒歩約5分,ホームページを御覧ください。,ホームページを御覧ください。,,,,,,,,,,,,,,,,,,,,,,,,,,,,,
保健福祉局,医療衛生企画課,1000000381,若王子山墓地,にゃくおうじやまぼち,35.01248,135.79775,120,3,宗教宗派の別なく、市民に広く墳墓を提供する目的で市営墓地を設置しております。,606-8444,京都市左京区鹿ケ谷若王子山町,,京都市,,,http://www.city.kyoto.lg.jp/hokenfukushi/page/0000003851.html,墓地,,,"墓地使用料　1平方メートルあたり80,000円墓地保繕料　1平方メートルあたり1,100円","市バス5、93、203、204「東天王町」下車徒歩約30分 市バス5「南禅寺永観堂道」下車徒歩約30分　市バス32、100「宮ノ前町」下車徒歩約25分",ホームページを御覧ください。,ホームページを御覧ください。,,,,,,,,,,,,,,,,,,,,,,,,,,,,,
保健福祉局,医療衛生企画課,1000000382,大日山墓地,だいにちやまぼち,35.00787,135.79414,120,3,宗教宗派の別なく、市民に広く墳墓を提供する目的で市営墓地を設置しております。,606-0000,京都市左京区粟田口大日山町,,京都市,,,http://www.city.kyoto.lg.jp/hokenfukushi/page/0000003851.html,墓地,,,"墓地使用料　1平方メートルあたり100,000円墓地保繕料　1平方メートルあたり1,100円",地下鉄東西線「蹴上」駅下車徒歩約15分,ホームページを御覧ください。,ホームページを御覧ください。,,,,,,,,,,,,,,,,,,,,,,,,,,,,,
保健福祉局,医療衛生企画課,1000000383,清水山墓地,きよみずやまぼち,34.99119,135.78433,120,5,宗教宗派の別なく、市民に広く墳墓を提供する目的で市営墓地を設置しております。,605-0000,京都市東山区清閑寺下山町,,京都市,,,http://www.city.kyoto.lg.jp/hokenfukushi/page/0000003851.html,墓地,,,"墓地使用料　1平方メートルあたり120,000円墓地保繕料　1平方メートルあたり1,100円",京阪バス82、83、84、85、86、87、88、89「池田町」下車徒歩約5分,ホームページを御覧ください。,ホームページを御覧ください。,,,,,,,,,,,,,,,,,,,,,,,,,,,,,
保健福祉局,医療衛生企画課,1000000384,地蔵山墓地,じぞうやまぼち,34.98722,135.77848,120,5,宗教宗派の別なく、市民に広く墳墓を提供する目的で市営墓地を設置しております。,605-0925,京都市東山区今熊野日吉町,,京都市,,,http://www.city.kyoto.lg.jp/hokenfukushi/page/0000003851.html,墓地,,,"墓地使用料　1平方メートルあたり120,000円墓地保繕料　1平方メートルあたり1,100円",市バス18、100、202、206、特206、207、208「東山七条」下車徒歩約10分,ホームページを御覧ください。,ホームページを御覧ください。,,,,,,,,,,,,,,,,,,,,,,,,,,,,,
保健福祉局,医療衛生企画課,1000000385,宝塔寺山墓地,ほうとうじやまぼち,34.96379,135.7766,120,11,宗教宗派の別なく、市民に広く墳墓を提供する目的で市営墓地を設置しております。,612-0885,京都市伏見区深草宝塔寺山町,,京都市,,,http://www.city.kyoto.lg.jp/hokenfukushi/page/0000003851.html,墓地,,,"墓地使用料　1平方メートルあたり120,000円墓地保繕料　1平方メートルあたり1,100円",京阪電車本線「深草」駅下車徒歩15分　ＪＲ奈良線「稲荷」駅徒歩約20分,ホームページを御覧ください。,ホームページを御覧ください。,,,,,,,,,,,,,,,,,,,,,,,,,,,,,
保健福祉局,医療衛生企画課,1000000386,小谷墓地,おだにぼち,35.05899,135.73879,120,1,宗教宗派の別なく、市民に広く墳墓を提供する目的で市営墓地を設置しております。,603-8846,京都市北区西賀茂鎮守庵町,,京都市,,,http://www.city.kyoto.lg.jp/hokenfukushi/page/0000003851.html,墓地,,,"墓地使用料　1平方メートルあたり120,000円墓地保繕料　1平方メートルあたり1,100円","市バス1「山ノ前町」下車徒歩約10分 市バス9、37「大宮総門口町」下車徒歩約10分",ホームページを御覧ください。,ホームページを御覧ください。,,,,,,,,,,,,,,,,,,,,,,,,,,,,,
保健福祉局,医療衛生企画課,1000000387,深草墓園,ふかくさぼえん,34.96519,135.77542,120,11,静かな深草の丘陵地に整備された墓地公園です。宗教宗派の別なく、「市民のお墓」として利用できる納骨堂及び樹木型納骨施設形式の墓地を設置しています。,612-0883,京都市伏見区深草石峰寺山町,,公益社団法人京都保健衛生協会,075-641-3559,075-641-3559,http://www.city.kyoto.lg.jp/hokenfukushi/page/0000003896.html,納骨堂、事務所,8:30〜16:30,1月1日〜3日,"永年納骨　4,400円短期納骨　2,200円（3年以内）",京阪電車本線「深草」駅下車徒歩15分　ＪＲ奈良線「稲荷」駅徒歩約20分,ホームページを御覧ください。,ホームページを御覧ください。,,,,,,,,,,,,,,,,,,,,,,,,,,,,,
保健福祉局,医療衛生企画課,1000000388,急病診療所,きゅうびょうしんりょうしょ,35.0106422,135.7421404,119,4,休日や年末年始等における急病患者の医療を確保するための急病診療所です。,604-8585,京都市中京区西ﾉ京東栂尾町6　京都府医師会館1階,,一般社団法人京都府医師会,075-354-6021,,https://www.city.kyoto.lg.jp/hokenfukushi/page/0000136541.html,,【小児科】（診療日・受付時間）　月〜金　２０：００〜２３：００　土曜日　１４：００〜１７：００、１８：００〜翌８：００　日、祝、8月15日・16日、12月29日〜1月3日　１０：００〜１７：００、１８：００〜２３：００　【内科・眼科】（診療日・受付時間）　土曜日　１８：００〜２２：００　日、祝、8月15日・16日、12月29日〜1月3日　１０：００〜１７：００、１８：００〜２２：００　【耳鼻咽喉科】（診療日・受付時間）　 日、祝、8月15日・16日、12月29日〜1月3日　１０：００〜１７：００,,,ＪＲ「二条駅」下車　徒歩２分,,・受診の際は、健康保険証（マイナンバーカードの健康保険証利用も可）などを忘れずにご持参ください。・土曜日が祝日・お盆（8月15日・16日）・年末年始（12月29日〜1月3日）と重なった場合は、祝日・お盆・年末年始の受付時間帯となります。ただし、小児科については、深夜帯（23時〜翌日8時）も実施します（年末年始は除く）。,,,,,,,,,,,,,,,,,,,,,,,,,,,,,
保健福祉局,医療衛生企画課,1000000391,休日急病歯科中央診療所,きゅうじつきゅうびょうしかちゅうおうしんりょうしょ,35.01175,135.74218,119,4,休日や年末年始等における急病患者の医療を確保するための急病診療所です。,604-8418,京都市中京区西ﾉ京東栂尾町1　京都府歯科医師会口腔保健ｾﾝﾀｰ1階,,一般社団法人京都府歯科医師会,075-812-8493,,https://www.city.kyoto.lg.jp/hokenfukushi/page/0000136541.html,,【歯科】（診療日・受付時間）　日、祝、8月15日・16日、12月29日〜1月4日　１０：００〜１７：００,,,ＪＲ「二条駅」下車　徒歩２分,,・受診の際は、健康保険証（マイナンバーカードの健康保険証利用も可）などを忘れずにご持参ください。,,,,,,,,,,,,,,,,,,,,,,,,,,,,,
保健福祉局,障害保健福祉推進室,1000000395,障害者スポーツセンター,しょうがいしゃすぽーつせんたー,35.04577,135.78331,116,3,このセンターは障害のある人々のスポーツ・レクリエーション活動の推進拠点として、健康の維持・増進となお一層の社会参加を促すため、障害のない人々との共同利用による交流の場として設置されました。,606-8106,京都市左京区高野玉岡町5,,公益財団法人京都市障害者スポーツ協会,075-702-3370,075-702-3372,http://www.kyoto-syospo.or.jp/,プール（温水）、体育室（バレーボールコート2面の広さ）、トレーニング室、卓球室、アーチェリー場、会議室等,9：00〜21：00,毎週火曜日、毎月第3金曜日、祝日の翌日及び年末年始,"障害のある方及び介助者は無料です。その他の方は、プール　16歳以上800円、3歳以上16歳未満400円トレーニング室　300円卓球室　1台500円その他体育室や会議室等の詳細はお問合せください。","京都バス「高野玉岡町」下車すぐ地下鉄「北山」より無料定期リフトバス運行（詳細はお問合せください）。",個人利用は予約不要。ただし、初めて利用されるときは、障害者手帳を受付に提示し、利用証交付申請を行ってください。団体利用は、障害のある方の団体申込は3ヶ月前から受け付け、障害のない方の団体は1ヶ月前から指定の用紙にてお申込ください。,障害のない方のプールの利用時間は、毎週木曜日の午後及び夜間の時間帯です。,,,,,,,,,,,,,,,,,,,,,,,,,,,,,
保健福祉局,障害保健福祉推進室,1000000396,障害者教養文化･体育会館,しょうがいしゃきょうようぶんかたいいくかいかん,34.94801,135.73874,116,8,障害のある方の心身の健康の維持増進と、社会参加の促進を図ることを目的とした、教養文化活動及びスポーツその他の活動のための施設です。,601-8155,京都市南区上鳥羽塔ﾉ森上河原37-4,,社会福祉法人太陽の家,075-682-7140,075-682-7140,http://kaikan.kyoto-syospo.or.jp/,体育室、会議室、和室、視聴覚室,9：00〜21：00（日曜日は17：00まで）,毎週水曜日（水曜日が祝日に当たる場合はその翌日）及び年末年始,"利用施設・時間帯等により異なりますので、施設にお問合せください（例　第1体育室の全面利用（平日・全日）の場合　6,900円）。障害のある方及びその介護者は無料です。",市バス「上鳥羽塔ノ森」下車,直接窓口へお申し込みください。,,,,,,,,,,,,,,,,,,,,,,,,,,,,,,
子ども若者はぐくみ局,幼保総合支援室,1000000398,楽只保育所,らくしほいくしょ,35.03922,135.73994,113,1,,603-8226,京都市北区紫野西舟岡町２,,京都市,075-334-5355,075-432-3666,,,,,,,,,,,,,,,,,,,,,,,,,,,,,,,,,,,,,
子ども若者はぐくみ局,幼保総合支援室,1000000400,養正保育所,ようせいほいくしょ,35.0324,135.77634,113,3,,606-8201,京都市左京区田中玄京町149,,京都市,075-781-0743,075-781-3642,,,,,,,,,,,,,,,,,,,,,,,,,,,,,,,,,,,,,
子ども若者はぐくみ局,幼保総合支援室,1000000402,三条保育所,さんじょうほいくしょ,35.00825,135.77679,113,5,,605-0019,京都市東山区三条大橋東三丁目下る長光町621,,京都市,075-531-1017,075-531-9304,,,,,,,,,,,,,,,,,,,,,,,,,,,,,,,,,,,,,
子ども若者はぐくみ局,幼保総合支援室,1000000404,壬生保育所,みぶほいくしょ,35.00973,135.7323,113,4,,604-8434,京都市中京区西ﾉ京新建町1,,京都市,075-801-5083,075-801-5033,,,,,,,,,,,,,,,,,,,,,,,,,,,,,,,,,,,,,
子ども若者はぐくみ局,幼保総合支援室,1000000406,稚松保育園,わかまつほいくえん,34.992559,135.762995,113,7,,600-8198,京都市下京区若松町420,,社会福祉法人　錦会,075-343-4101,075-343-4102,,,,,,,,,,,,,,,,,,,,,,,,,,,,,,,,,,,,,
子ども若者はぐくみ局,幼保総合支援室,1000000407,改進保育所,かいしんほいくしょ,34.94683,135.75653,113,11,,612-8442,京都市伏見区竹田狩賀町153-1,,京都市,075-611-3268,075-611-3659,,,,,,,,,,,,,,,,,,,,,,,,,,,,,,,,,,,,,
子ども若者はぐくみ局,幼保総合支援室,1000000408,辰巳保育所,たつみほいくしょ,34.93999,135.81332,113,11,,601-1345,京都市伏見区醍醐外山街道町21-58,,京都市,075-571-5637,075-571-6932,,,,,,,,,,,,,,,,,,,,,,,,,,,,,,,,,,,,,
子ども若者はぐくみ局,幼保総合支援室,1000000409,錦林保育園,きんりんほいくえん,35.01569,135.79304,113,3,,606-8432,京都市左京区鹿ｹ谷高岸町3-8,,,075-761-3597,075-761-3565,,,,,,,,,,,,,,,,,,,,,,,,,,,,,,,,,,,,,
子ども若者はぐくみ局,幼保総合支援室,1000000410,久世保育所,くぜほいくしょ,34.96057,135.72126,113,8,,601-8202,京都市南区久世大築町50,,京都市,075-931-0501,075-931-0546,,,,,,,,,,,,,,,,,,,,,,,,,,,,,,,,,,,,,
子ども若者はぐくみ局,幼保総合支援室,1000000412,青い空保育園,あおいそらほいくえん,34.97066,135.73192,113,8,,601-8336,京都市南区吉祥院菅原町22-1,,,075-672-2040,075-672-6440,,,,,,,,,,,,,,,,,,,,,,,,,,,,,,,,,,,,,
子ども若者はぐくみ局,幼保総合支援室,1000000413,山ノ本こども園,やまのもとこどもえん,34.96151,135.73796,113,8,,601-8176,京都市南区上鳥羽山ﾉ本町331,,社会福祉法人　大原野児童福祉会,075-691-4244,075-691-6653,,,,,,,,,,,,,,,,,,,,,,,,,,,,,,,,,,,,,
子ども若者はぐくみ局,幼保総合支援室,1000000414,稲荷砂川保育園,いなりすながわほいくえん,34.97031,135.76771,113,11,,612-0008,京都市伏見区深草六反田町4-7,,社会福祉法人　稲荷保育園,075-748-8733,075-748-8747,,,,,,,,,,,,,,,,,,,,,,,,,,,,,,,,,,,,,
子ども若者はぐくみ局,幼保総合支援室,1000000415,こぐま白雲北保育園,こぐましらくもきたほいくえん,35.03024,135.75657,113,2,,602-0042,京都市上京区新町通今出川上る元新在家町163-1,,,075-441-1730,075-441-2024,,,,,,,,,,,,,,,,,,,,,,,,,,,,,,,,,,,,,
子ども若者はぐくみ局,幼保総合支援室,1000000416,永興くじょう保育園,えいこうくじょうほいくえん,34.98167,135.75428,113,8,,601-8413,京都市南区西九条春日町49,,,075-691-8302,075-691-4419,,,,,,,,,,,,,,,,,,,,,,,,,,,,,,,,,,,,,
子ども若者はぐくみ局,幼保総合支援室,1000000418,聚楽保育所,じゅらくほいくしょ,35.01918,135.7377,113,4,,604-8401,京都市中京区聚楽廻松下町9-4,,京都市,075-801-0452,075-801-0466,,,,,,,,,,,,,,,,,,,,,,,,,,,,,,,,,,,,,
子ども若者はぐくみ局,幼保総合支援室,1000000419,修学院保育園,しゅうがくいんほいくえん,35.05069,135.7934,113,3,,606-8083,京都市左京区修学院犬塚町30-1,,社会福祉法人　岩屋福祉会,075-781-5580,075-781-9929,,,,,,,,,,,,,,,,,,,,,,,,,,,,,,,,,,,,,
子ども若者はぐくみ局,幼保総合支援室,1000000420,鶴山保育所,つるやまほいくしょ,35.03472,135.76616,113,2,,602-0802,京都市上京区寺町通今出川上る五丁目鶴山町5-6,,京都市,075-231-6289,075-231-6454,,,,,,,,,,,,,,,,,,,,,,,,,,,,,,,,,,,,,
子ども若者はぐくみ局,幼保総合支援室,1000000421,鏡山保育園,かがみやまほいくえん,34.98867,135.80487,113,6,,607-8454,京都市山科区厨子奥苗代元町16-5,,（福）京都社会福祉協会,075-581-0438,075-581-9756,,,,,,,,,,,,,,,,,,,,,,,,,,,,,,,,,,,,,
子ども若者はぐくみ局,幼保総合支援室,1000000422,よど保育園,よどほいくえん,34.9023,135.72024,113,11,,613-0905,京都市伏見区淀下津町96,,社会福祉法人　淀福祉会,075-631-2215,075-631-0133,,,,,,,,,,,,,,,,,,,,,,,,,,,,,,,,,,,,,
子ども若者はぐくみ局,幼保総合支援室,1000000424,南保育所,みなみほいくしょ,34.97824,135.74725,113,8,,601-8441,京都市南区西九条南田町9,,京都市,075-671-6450,075-671-7297,,,,,,,,,,,,,,,,,,,,,,,,,,,,,,,,,,,,,
子ども若者はぐくみ局,幼保総合支援室,1000000425,月かげみどり保育園,つきかげみどりほいくえん,35.00943,135.73647,113,4,,604-8423,京都市中京区西ﾉ京西月光町19-1,,,075-821-5010,075-821-5011,,,,,,,,,,,,,,,,,,,,,,,,,,,,,,,,,,,,,
子ども若者はぐくみ局,幼保総合支援室,1000000426,ひかり保育所,ひかりほいくしょ,35.19807,135.68617,113,9,,601-0313,京都市右京区京北井戸町丸山110,,京都市,075-853-0031,075-853-0078,,,,,,,,,,,,,,,,,,,,,,,,,,,,,,,,,,,,,
子ども若者はぐくみ局,幼保総合支援室,1000000427,弓削保育所,ゆげほいくしょ,35.18711,135.63589,113,9,,601-0534,京都市右京区京北下弓削町狭間谷6-1,,京都市,075-854-0150,075-854-0040,,,,,,,,,,,,,,,,,,,,,,,,,,,,,,,,,,,,,
子ども若者はぐくみ局,幼保総合支援室,1000000428,周山保育所,しゅうざんほいくしょ,35.17388,135.62676,113,9,,601-0252,京都市右京区京北五本松町西山24-3,,京都市,075-852-0573,075-852-0590,,,,,,,,,,,,,,,,,,,,,,,,,,,,,,,,,,,,,
子ども若者はぐくみ局,幼保総合支援室,1000000429,おいけあした保育園,おいけあしたほいくえん,35.01131,135.76416,113,4,,604-0955,京都市中京区柳馬場通御池上る虎石町45-3,,（福）西京極保育福祉会,075-221-5122,075-221-5155,,,,,,,,,,,,,,,,,,,,,,,,,,,,,,,,,,,,,
子ども若者はぐくみ局,幼保総合支援室,1000000430,松ノ木保育園,まつのきほいくえん,34.97633,135.76554,113,8,,601-8023,京都市南区東九条南松ノ木町6,,（福）京都社会福祉協会,075-671-2431,075-671-3790,,,,,,,,,,,,,,,,,,,,,,,,,,,,,,,,,,,,,
子ども若者はぐくみ局,幼保総合支援室,1000000431,桂坂保育園,かつらざかほいくえん,34.98544,135.66586,113,10,,610-1102,京都市西京区御陵大枝山町四丁目30,,（福）京都社会福祉協会,075-333-6758,075-333-6759,,,,,,,,,,,,,,,,,,,,,,,,,,,,,,,,,,,,,
都市計画局,住宅政策課,1000000432,京安心すまいセンター,みやこあんしんすまいせんたー,34.9931,135.76512,134,8,住まいに関する相談対応・普及啓発・情報提供など、市民のみなさまにご利用いただける「すまいのワンストップ総合窓口」です。,600-8127,京都市下京区西木屋町通上ノ口上る梅湊町83番地の1（河原町五条下る東側）ひと・まち交流館　京都　地下１階,,京都市住宅供給公社,075-744-1670,075-744-1637,https://www.kyoto-jkosha.or.jp/sumai/index.html,,9:30〜17:00,水曜日・第３火曜日・祝日・年末年始,無料,・市バス４、７、２０５号系統「河原町正面」下車・京阪電車「清水五条」下車徒歩８分・地下鉄烏丸線「五条」下車徒歩１０分,ホームページを御覧ください。,ホームページを御覧ください。,安すまセンター,,,,,,,,,,,,,,,,,,,,,,,,,,,,
都市計画局,景観政策課,1000000433,嵯峨鳥居本町並み保存館,さがとりいもとまちなみほぞんかん,35.02778,135.66389,133,9,明治時代初期に建築された伝統的建造物の建物内部を公開するとともに、周辺の町並みや民家の模型、市内の伝統的建造物群保存地区の写真パネルを展示しています。,616-8437,京都市右京区嵯峨鳥居本仙翁町8,,嵯峨野保勝会,075-864-2406,075-864-2406,https://www.city.kyoto.lg.jp/tokei/page/0000281308.html,,10:00〜16:00,月曜日（月曜日が祝日・振替休日のときは翌日）、12/26〜1/6,無料,京都バス「鳥居本」バス停下車徒歩3分,どなたでもご利用いただけます。,,,,,,,,,,,,,,,,,,,,,,,,,,,,,,
都市計画局,住宅政策課,1000000434,京都市久我の杜生涯学習プラザ,きょうとしこがのもりしょうがいがくしゅうぷらざ,34.93548,135.7287,126,11,生涯学習にかかわる各種講座、サークル活動、会合等に御利用いただけます。,612-8494,京都市伏見区久我東町216　京都市久我のもり図書館2階,,久我の杜生涯学習プラザ管理運営協議会,075-934-3929,075-934-3929,https://www.city.kyoto.lg.jp/tokei/page/0000325336.html,研修室（100平方メートル、第1研修室・第2研修室分割可）第1研修室：音響設備・プロジェクター・100インチスクリーン第2研修室：ﾏｲｸ設備調理実習室：ｵｰﾌﾞﾝ、ｵｰﾌﾞﾝﾚﾝｼﾞ、給湯設備、流し設備、調理器具、圧力鍋、食器類　工芸学習室準備室：流し台、陶芸用電気窯・ろくろ等、木工用糸鋸、ﾎﾞｰﾙ盤・ﾄﾞﾘﾙ、ｸﾞﾗｲﾝﾀﾞｰ和室（かつら）：水屋（茶道炉）,午前9時〜午後9時,毎週火曜日及び祝日、年末年始（12月27日〜1月5日）,全施設、付属設備　有料（前払制）（直接施設にお問い合わせ願います。）,○地下鉄「竹田駅」西口から市バス「南2号」、「特南2号」系統○京阪「中書島」駅から（JR「長岡京」駅東口から）市バス「22号」系統　　　　それぞれ「久我の杜」バス停下車　東へ徒歩3分,申請書の提出使用しようとする日の3箇月前の日から受け付けます。,他の使用者に迷惑を掛け、又は、迷惑を掛けるおそれがあるとき、管理上支障がある場合は許可を取り消します。,,,,,,,,,,,,,,,,,,,,,,,,,,,,,
都市計画局,都市総務課,1000000435,醍醐交流会館,だいごこうりゅうかいかん,34.95066,135.81008,131,11,音楽・演劇・舞踊等の公演や研修・会議等にご利用ください。また、交流ロビーは、パセオ・ダイゴロー内の公共施設、民間施設を含めたエントランスで、子どもからお年寄りまで気軽に集えるコミュニティ空間です。                                             , 601-1375,京都市伏見区醍醐高畑町30-1,,京都醍醐センター（株）,075-575-2580, 075-575-2581,http://www.paseo-daigoro.co.jp,ホ−ル(200人・控室有）・第１会議室（45人）・第２会議室（45人）・第３会議室（30人）また、　第1会議室と第2会議室の間仕切りを取って１室にすれば、約100人の大会議室として使用可・和室Ａ（14帖）・和室Ｂ〈12帖）・音楽スタジオ（ピアノ有）・幼児コーナー・交流ロビー,9:00〜21:00 （夜間使用が無い場合は、17:30閉館）　　　　　　　　　　　,"年末年始 （12/28〜1/4）ホール・音楽スタジオ（毎週火曜日　定休）",各施設及び付属設備等は有料（京都市内の住民で組織する自治会が会議等で使用する場合や市民相互の間の交流を促進する活動のための使用の場合は、市の許可を得て、会館及び付属設備の使用料を減額・免除可）,地下鉄東西線「ＴＯ３醍醐駅」2階,"申請者が来館又は電話（郵送・メール・ＦＡＸ不可）平日の9:30〜17:00窓口で先着順。13:30〜17:00電話による仮申込み可 （土・日・休日を除く。）",ホール又はホールと併せて使用するホール以外の施設の申込み：使用希望日５箇月前の月初めの開館日。その他の施設：使用日の２箇月前の日,,,,,,,,,,,,,,,,,,,,,,,,,,,,,
都市計画局,住宅政策課,1000000436,洛西竹林公園,らくさいちくりんこうえん,34.95912,135.68694,128,10,竹の資料館と全国各地から集めた珍しい竹類を植栽した庭園からなる公園施設です。,610-1112,京都市西京区大枝北福西町二丁目300-3,,京都市住宅供給公社,075-331-3821,075-331-3821,http://www.rakusai-nt.com/tikurin/,竹の資料館、茶室、回遊式庭園、子供の広場、車いす用トイレ、駐車場,９：００〜１７：００,１２/２９〜１/３、水曜日,無料,市バス阪急桂駅より西３・西８系統、阪急洛西口駅・ＪＲ桂川駅より特西４系統「南福西町」下車徒歩５分,,,,,,,,,,,,,,,,,,,,,,,,,,,,,,,
都市計画局,まち再生・創造推進室,1000000437,景観・まちづくりセンター,けいかん・まちづくりせんたー,34.99337,135.76522,133,7,まちづくりに関する相談、交流、情報発信等の拠点施設です。印刷機等を備えたまちづくり工房や、まちづくりに関わる豊富な資料をそろえた図書コーナーもあります。,600-8127,京都市下京区西木屋町通上ノ口上る梅湊町83-1　ひと・まち交流館京都 地下１階,,京都市,075-354-8701,075-354-8704,http://machi.hitomachi-kyoto.jp,ホームページをご覧下さい。,月〜土　9:00〜21:30　日･祝日　9:00〜17:00,毎月第3火曜日 （国民の祝日にあたるときは翌日）、年末年始（12月29日〜1月4日）,無料,市バス１７号系統、２０５系統「河原町正面」下車京阪電車「清水五条」から徒歩８分地下鉄烏丸線「五条」から徒歩１０分,どなたでも利用いただけます。まちづくり工房ご利用の際は窓口までお申出下さい。,施設内のワークショップルーム、相談室の一般貸出は致しておりません。,,,,,,,,,,,,,,,,,,,,,,,,,,,,,
建設局,自転車政策推進室,1000000438,清水坂観光駐車場,きよみずざかかんこうちゅうしゃじょう,34.99629,135.77964,135,5,バス、普通車、二輪車が駐車可能な駐車場です。,605-0862,京都市東山区清水四丁目161-5,,(一財)京都市都市整備公社,075-561-4601,075-561-4601,http://www.kyotopublic.or.jp/,収容台数（バス５５台・普通車５９台）,0:00〜24:00,なし,京都市都市整備公社ホームページをご覧ください。,市バス「清水道」から徒歩５分,,,,,,,,,,,,,,,,,,,,,,,,,,,,,,,
建設局,自転車政策推進室,1000000439,嵐山観光駐車場,あらしやまかんこうちゅうしゃじょう,35.01407,135.67975,135,9,バス、普通車、二輪車が駐車可能な駐車場です。,616-8384,京都市右京区嵯峨天竜寺造路町31-1,,(一財)京都市都市整備公社,075-861-1215,075-861-1215,http://www.kyotopublic.or.jp/,収容台数（バス３７台・普通車１０５台）,8:00〜17:00,なし,京都市都市整備公社ホームページをご覧ください。,京福電鉄嵐山線「嵐山駅」徒歩５分,,,,,,,,,,,,,,,,,,,,,,,,,,,,,,,
建設局,自転車政策推進室,1000000440,銀閣寺観光駐車場,ぎんかくじかんこうちゅうしゃじょう,35.02664,135.79502,135,3,バス、普通車、二輪車が駐車可能な駐車場です。,606-8406,京都市左京区浄土寺石橋町62,,(一財)京都市都市整備公社,075-771-0783,075-771-0783,http://www.kyotopublic.or.jp/,収容台数（バス１２台・普通車４０台）,8:00〜17:00,なし,京都市都市整備公社ホームページをご覧ください。,市バス「銀閣寺前」から徒歩１分,,,,,,,,,,,,,,,,,,,,,,,,,,,,,,,
建設局,自転車政策推進室,1000000441,高雄観光駐車場,たかおかんこうちゅうしゃじょう,35.06049,135.67913,135,9,バス、普通車、二輪車が駐車可能な駐車場です。,616-8295,京都市右京区梅ヶ畑栂尾町1-1,,(一財)京都市都市整備公社,075-361-7431,,http://www.kyotopublic.or.jp/,収容台数（バス１４台・普通車４０台）,8:00〜17:00（11月のみ営業）,なし,京都市都市整備公社ホームページをご覧ください。,,,,,,,,,,,,,,,,,,,,,,,,,,,,,,,,
建設局,自転車政策推進室,1000000442,鴨東駐車場,おうとうちゅうしゃじょう,35.00418,135.77239,135,5,普通車が駐車可能な駐車場です。,605-0076,京都市東山区川端通四条上る川端町181,,(一財)京都市都市整備公社,075-551-2034,075-551-2034,http://www.kyotopublic.or.jp/,収容台数（普通車１３１台・内ハイルーフ車３０台）,0:00〜24:00,なし,京都市都市整備公社ホームページをご覧ください。,京阪電車「祇園四条駅」すぐ,,,,,,,,,,,,,,,,,,,,,,,,,,,,,,,
建設局,自転車政策推進室,1000000443,円山駐車場,まるやまちゅうしゃじょう,35.00433,135.77805,135,5,普通車、二輪車が駐車可能な駐車場です。,605-0073,京都市東山区祇園町北側,,(一財)京都市都市整備公社,075-541-6371,,http://www.park24.co.jp/japanese/index.cfm,収容台数（普通車１３４台）,0:00〜24:00,なし,京都市都市整備公社ホームページをご覧ください。,円山公園地下,,,,,,,,,,,,,,,,,,,,,,,,,,,,,,,
建設局,自転車政策推進室,1000000445,出町駐車場,でまちちゅうしゃじょう,35.03027,135.77001,135,2,自動車・自動二輪の駐車可能な地下５階自走式駐車場です。,602-0822,京都市上京区河原町通今出川上る青龍町,,（一財）京都市都市整備公社,075-251-0222,075-251-0222,http://www.kyotopublic.or.jp/http://times-info.net/,自動車収容台数　159台（うち身障者用スペース4台）自動二輪等収容台数　約80台自転車501台　,4:30〜1:00,なし,京都市都市整備公社のホームページをご覧ください。,京都御所から約500ｍ,,,,,,,,,,,,,,,,,,,,,,,,,,,,,,,
建設局,自転車政策推進室,1000000446,松ヶ崎駅自転車駐車場,まつがさきえきじてんしゃちゅうしゃじょう,35.05159,135.7758,135,3,-,606-0931,京都市左京区松ヶ崎井出ヶ海道町4-21,,（株）アーキエムズ,0800-3333-321,,https://kyoto-bicycle.com/parking/2,自転車駐車台数673台,5:00〜翌1:00,なし,上記ホームページをご覧ください。,地下鉄「松ヶ崎駅」併設(地下),上記ホームページをご覧ください。,,,,,,,,,,,,,,,,,,,,,,,,,,,,,,
建設局,自転車政策推進室,1000000447,国際会館駅自転車等駐車場,こくさいかいかんえきじてんしゃとうちゅうしゃじょう,35.06393,135.78522,135,3,-,606-0001,京都市左京区岩倉大鷺町550,,（株）アーキエムズ,0800-3333-321,,https://kyoto-bicycle.com/parking/1,自転車駐車台数2、033台原動機付自転車駐車台数254台,5:00〜翌1:00,なし,上記ホームページをご覧ください。,地下鉄「国際会館駅」併設(地下),上記ホームページをご覧ください。,,,,,,,,,,,,,,,,,,,,,,,,,,,,,,
建設局,自転車政策推進室,1000000448,御陵駅北自転車等駐車場,みささぎえききたじてんしゃとうちゅうしゃじょう,34.99582,135.80265,135,6,-,607-8424,京都市山科区御陵原西町12-12,,（株）アーキエムズ,0800-3333-321,,https://kyoto-bicycle.com/parking/50,自転車駐車台数30台原動機付自転車駐車台数28台,5:00〜翌1:00,なし,上記ホームページをご覧ください。,地下鉄「御陵駅」併設,上記ホームページをご覧ください。,,,,,,,,,,,,,,,,,,,,,,,,,,,,,,
建設局,自転車政策推進室,1000000449,御陵駅南自転車駐車場,みささぎえきみなみじてんしゃちゅうしゃじょう,34.99571,135.80208,135,6,-,607-8432,京都市山科区御陵鴨戸町51-7,,（株）アーキエムズ,0800-3333-321,,https://kyoto-bicycle.com/parking/51,自転車駐車台数218台,5:00〜翌1:00,なし,上記ホームページをご覧ください。,地下鉄「御陵駅」併設,上記ホームページをご覧ください。,,,,,,,,,,,,,,,,,,,,,,,,,,,,,,
建設局,自転車政策推進室,1000000450,東野駅自転車駐車場,ひがしのえきじてんしゃちゅうしゃじょう,34.98161,135.81668,135,6,-,607-8156,京都市山科区東野片下リ町27-4,,（株）アーキエムズ,0800-3333-321,,https://kyoto-bicycle.com/parking/46,自転車駐車台数679台,5:00〜翌1:00,なし,上記ホームページをご覧ください。,地下鉄「東野駅」併設(地下),上記ホームページをご覧ください。,,,,,,,,,,,,,,,,,,,,,,,,,,,,,,
建設局,自転車政策推進室,1000000451,椥辻駅自転車駐車場,なぎつじえきじてんしゃちゅうしゃじょう,34.97217,135.81415,135,6,-,607-8168,京都市山科区椥辻池尻町14-4,,（株）アーキエムズ,0800-3333-321,,https://kyoto-bicycle.com/parking/44,自転車駐車台数450台,5:00〜翌1:00,なし,上記ホームページをご覧ください。,地下鉄「椥辻駅」併設(地下),上記ホームページをご覧ください。,,,,,,,,,,,,,,,,,,,,,,,,,,,,,,
建設局,自転車政策推進室,1000000452,小野駅自転車等駐車場,おのえきじてんしゃとうちゅうしゃじょう,34.96133,135.81241,135,6,-,607-8261,京都市山科区小野鐘付田町120-2,,（株）アーキエムズ,0800-3333-321,,https://kyoto-bicycle.com/parking/43,自転車駐車台数427台原動機付自転車駐車台数16台,5:00〜翌1:00,なし,上記ホームページをご覧ください。,地下鉄「小野駅」徒歩1分,上記ホームページをご覧ください。,,,,,,,,,,,,,,,,,,,,,,,,,,,,,,
建設局,自転車政策推進室,1000000453,桂駅東口自転車駐車場,かつらえきひがしぐちじてんしゃちゅうしゃじょう,34.97982,135.7053,135,10,-,615-8073,京都市西京区桂野里町41-45,,?アーキエムズ,0800-3333-321,,https://kyoto-bicycle.com/parking/129,自転車駐車台数450台,4:30〜翌1:30,なし,上記ホームページをご覧ください。,阪急「桂駅」徒歩3分,上記ホームページをご覧ください。,,,,,,,,,,,,,,,,,,,,,,,,,,,,,,
建設局,自転車政策推進室,1000000454,桂駅南自転車等駐車場,かつらえきみなみじてんしゃとうちゅうしゃじょう,34.97727182,135.7033423,135,10,-,615-8107,京都市西京区川島北裏町116-7,,?アーキエムズ,0800-3333-321,,https://kyoto-bicycle.com/parking/130,自転車駐車台数321台原動機付自転車駐車台数142台,4:30〜翌1:30,なし,上記ホームページをご覧ください。,阪急「桂駅」徒歩3分,上記ホームページをご覧ください。,,,,,,,,,,,,,,,,,,,,,,,,,,,,,,
建設局,自転車政策推進室,1000000455,醍醐駅自転車駐車場,だいごえきじてんしゃちゅうしゃじょう,34.95102,135.81069,135,11,-,601-1375,京都市伏見区醍醐高畑町1-36,,?アーキエムズ,0800-3333-321,,https://kyoto-bicycle.com/parking/40,自転車駐車台数750台,5:00〜翌1:00,なし,上記ホームページをご覧ください。,地下鉄「醍醐駅」併設(地下),上記ホームページをご覧ください。,,,,,,,,,,,,,,,,,,,,,,,,,,,,,,
建設局,自転車政策推進室,1000000456,桂駅西口自転車駐車場,かつらえきにしぐちじてんしゃちゅうしゃじょう,34.9786,135.70219,135,10,-,615-8191,京都市西京区川島有栖川町52,,?アーキエムズ,0800-3333-321,,https://kyoto-bicycle.com/parking/128,自転車駐車台数1、283台,4:30〜翌1:30,なし,上記ホームページをご覧ください。,阪急「桂駅」徒歩2分,上記ホームページをご覧ください。,,,,,,,,,,,,,,,,,,,,,,,,,,,,,,
建設局,自転車政策推進室,1000000457,西院自転車駐車場,さいいんじてんしゃちゅうしゃじょう,35.004,135.73281,135,9,-,615-0012,京都市右京区西院高山寺町19,,?アーキエムズ,0800-3333-321,,https://kyoto-bicycle.com/parking/119,自転車駐車台数852台,4:30〜翌1:30,なし,上記ホームページをご覧ください。,阪急「西院駅」徒歩3分,上記ホームページをご覧ください。,,,,,,,,,,,,,,,,,,,,,,,,,,,,,,
建設局,自転車政策推進室,1000000458,西京極自転車駐車場,にしきょうごくじてんしゃちゅうしゃじょう,34.99355,135.71888,135,9,-,615-0862,京都市右京区西京極西大丸町80,,?アーキエムズ,0800-3333-321,,https://kyoto-bicycle.com/parking/123,自転車駐車台数780台,4:30〜翌1:30,なし,上記ホームページをご覧ください。,阪急「西京極駅」徒歩２分,上記ホームページをご覧ください。,,,,,,,,,,,,,,,,,,,,,,,,,,,,,,
建設局,自転車政策推進室,1000000459,二条駅南自転車駐車場,にじょうえきみなみじてんしゃちゅうしゃじょう,35.01014,135.74167,135,4,-,604-8415,京都市中京区西ノ京栂尾町2,,?アーキエムズ,0800-3333-321,,https://kyoto-bicycle.com/parking/66,自転車駐車台数839台,5:00〜翌1:00,なし,上記ホームページをご覧ください。,JR「二条駅」併設,上記ホームページをご覧ください。,,,,,,,,,,,,,,,,,,,,,,,,,,,,,,
建設局,自転車政策推進室,1000000460,花園駅自転車等駐車場,はなぞのえきじてんしゃとうちゅうしゃじょう,35.01847,135.71672,135,9,-,616-8043,京都市右京区花園寺ノ内町5,,?アーキエムズ,0800-3333-321,,https://kyoto-bicycle.com/parking/74,自転車駐車台数565台原動機付自転車駐車台数50台,5:00〜翌1:00,なし,上記ホームページをご覧ください。,JR「花園駅」併設,上記ホームページをご覧ください。,,,,,,,,,,,,,,,,,,,,,,,,,,,,,,
建設局,自転車政策推進室,1000000461,西大路駅北自転車駐車場,にしおおじえききたじてんしゃちゅうしゃじょう,34.98148,135.7317,135,8,-,601-8312,京都市南区吉祥院西ノ庄門口町29,,?アーキエムズ,0800-3333-321,,https://kyoto-bicycle.com/parking/83,自転車駐車台数218台,4:30〜翌1:30,なし,上記ホームページをご覧ください。,JR「西大路駅」徒歩3分,上記ホームページをご覧ください。,,,,,,,,,,,,,,,,,,,,,,,,,,,,,,
建設局,自転車政策推進室,1000000462,円町駅自転車等駐車場,えんまちえきじてんしゃとうちゅうしゃじょう,35.01818,135.73072,135,4,-,604-8363,京都市中京区西ノ京円町42-1,,?アーキエムズ,0800-3333-321,,https://kyoto-bicycle.com/parking/72,自転車駐車台数635台原動機付自転車駐車台数71台,5:00〜翌1:00,なし,上記ホームページをご覧ください。,JR「円町駅」併設,上記ホームページをご覧ください。,,,,,,,,,,,,,,,,,,,,,,,,,,,,,,
建設局,自転車政策推進室,1000000463,上鳥羽口駅自転車等駐車場,かみとばぐちえきじてんしゃとうちゅうしゃじょう,34.96509,135.75253,135,11,-,612-8418,京都市伏見区竹田向代町110-1,,?アーキエムズ,0800-3333-321,,https://kyoto-bicycle.com/parking/139,自転車駐車台数267台原動機付自転車駐車台数55台,5:00〜翌1:00,なし,上記ホームページをご覧ください。,近鉄「上鳥羽口駅」併設,上記ホームページをご覧ください。,,,,,,,,,,,,,,,,,,,,,,,,,,,,,,
建設局,自転車政策推進室,1000000464,近鉄十条駅自転車等駐車場,きんてつじゅうじょうえきじてんしゃとうちゅうしゃじょう,34.97432,135.75247,135,8,-,601-8436,京都市南区西九条西柳ノ内町91,,?アーキエムズ,0800-3333-321,,https://kyoto-bicycle.com/parking/138,自転車駐車台数238台原動機付自転車駐車台数42台,5:00〜翌1:00,なし,上記ホームページをご覧ください。,近鉄「十条駅」併設,上記ホームページをご覧ください。,,,,,,,,,,,,,,,,,,,,,,,,,,,,,,
建設局,自転車政策推進室,1000000465,太秦自転車等駐車場,うずまさじてんしゃとうちゅうしゃじょう,35.01712,135.701,135,9,-,616-8173,京都市右京区太秦上ノ段町19-2,,?アーキエムズ,0800-3333-321,,https://kyoto-bicycle.com/parking/75,自転車駐車台数641台原動機付自転車駐車台数60台,5:00〜翌1:00,なし,上記ホームページをご覧ください。,JR「太秦駅」併設,上記ホームページをご覧ください。,,,,,,,,,,,,,,,,,,,,,,,,,,,,,,
建設局,自転車政策推進室,1000000466,石田駅自転車等駐車場,いしだえきじてんしゃとうちゅうしゃじょう,34.94086,135.80394,135,11,-,601-1439,京都市伏見区石田森東町46,,（株）アーキエムズ,0800-3333-321,,https://kyoto-bicycle.com/parking/39,自転車駐車台数323台原動機付自転車駐車台数54台,5:00〜翌1:00,なし,上記ホームページをご覧ください。,地下鉄「石田駅」併設,上記ホームページをご覧ください。,,,,,,,,,,,,,,,,,,,,,,,,,,,,,,
建設局,自転車政策推進室,1000000467,東寺駅自転車等駐車場,とうじえきじてんしゃとうちゅうしゃじょう,34.97889,135.75255,135,8,-,601-8431,京都市南区西九条島町66-1,,?アーキエムズ,0800-3333-321,,https://kyoto-bicycle.com/parking/137,自転車駐車台数223台原動機付自転車駐車台数50台,5:00〜翌1:00,なし,上記ホームページをご覧ください。,近鉄「東寺駅」併設,上記ホームページをご覧ください。,,,,,,,,,,,,,,,,,,,,,,,,,,,,,,
建設局,市街地整備課,1000000469,山科駅前駐車場,やましなえきまえちゅうしゃじょう,34.99012,135.81676,135,6,ラクト山科B棟内にある自動車駐車場です。,607-8080,京都市山科区竹鼻竹ノ街道町91,,京都シティ開発株式会社,075-583-4010,,,収容台数２６４台,5:00〜翌1:00,なし,"昼間(5::00〜25:00)30分毎170円、平日のみ上限1,360円、夜間(21:00〜9:00)1,250円、１か月定期平日(5:00〜25:00)15,710円、１か月定期平日（00:00〜24:00)25,140円、１か月定期全日(17:00〜10:00)9,420円、1か月定期全日(5:00〜25:00)23,560円、1か月定期全日(00:00〜24:00)37,710円上記記載の平日は、土曜日を除く。",地下鉄「山科」から徒歩２分,,車両制限あり。（高さ2.3ｍ、長さ5.0ｍ、幅1.8mまで）,,,,,,,,,,,,,,,,,,,,,,,,,,,,,
建設局,市街地整備課,1000000470,山科駅自転車等駐車場,やましなえきじてんしゃとうちゅうしゃじょう,34.99164383,135.81651,135,6,地下鉄山科駅前に接続する地下道に接した自転車等駐車場です。,607-8012,京都市山科区安朱桟敷町200-2,,京都シティ開発株式会社,075-501-5206,,,収容台数　自転車1、668台、原動機付自転車248台,5:00〜翌1:00,なし,"自転車一時預かり150円、1か月定期(一般)2,700円、1か月定期（学生、障害者等）2,500円、原動機付自転車一時預かり250円、1か月定期4,700円、プリペイドカード2,700円(自転車・原付共用／3,000円分)",地下鉄「山科」から徒歩２分,,,,,,,,,,,,,,,,,,,,,,,,,,,,,,,
建設局,みどり政策推進室,1000000471,梅小路公園,うめこうじこうえん,34.98654,135.74537,128,7,"都市の中心に設置した13.7haの規模の都市公園です。公園内には日本庭園や貸会議室等の有料施設を設けています。",600-8835,京都市下京区観喜寺町他,,(公財）京都市都市緑化協会,075-352-2500,075-352-2561,http://www.kyoto-ga.jp/umekouji/index.html,芝生広場、緑の館、チンチン電車、朱雀の庭、いのちの森、河原遊び場、七条入口広場、すざくゆめ広場、市電ひろば、野外ステージ、駐車場,年中無休,,日本庭園、イベント室、和室、茶室、チンチン電車、駐車場は有料（詳細はホームページを御覧ください。）,市バス「梅小路公園・ＪＲ梅小路京都西駅前」「七条大宮・京都水族館前」「梅小路公園・京都鉄道博物館前」から徒歩１分,ホームページを御覧ください。,,,,,,,,,,,,,,,,,,,,,,,,,,,,,,
建設局,みどり政策推進室,1000000472,大宮交通公園,おおみやこうつうこうえん,35.05348,135.74359,128,1,自転車を通じて学び、楽しみ、交流する場、また市民憩いの場となる交通公園,603-8432,京都市北区大宮西脇台町,,大和リース株式会社京都支店グループ,075-493-1116,075-493-1117,http://omiya-trafficpark.com,模擬道路、自転車広場、コミュニティルーム、子ども用遊具、健康遊具、自転車店、おもしろ自転車、駐車場,終日ただし、管理事務所受付は、9:00〜16:00,なしただし、管理事務所は、毎週月曜日（祝日の場合は翌日）及び12/29〜1/3休館,コミュニティルーム、駐車場、おもしろ自転車は有料。（詳細はホームページを御覧ください。）,市バス４６号系統、特３７号系統「大宮交通公園前」下車すぐ１号系統、６号系統、北１号系統「玄琢下」下車　徒歩約５分,ホームページを御覧ください。,,,,,,,,,,,,,,,,,,,,,,,,,,,,,,
教育委員会事務局,学校歴史博物館,1000000474,京都市学校歴史博物館,きょうとしがっこうれきしはくぶつかん,35.00086,135.76584,126,7,京都の学校の歴史と、学校創設・経営に尽くされた人々の情熱を数多くの学校文化財（美術工芸品）や歴史資料によって伝える全国に例を見ない博物館です。,600-8044,京都市下京区御幸町通仏光寺下る橘町437,,京都市,075-344-1305,075-344-1327,https://www.edu.city.kyoto.jp/rekihaku/,京都の教育の歴史を紹介する常設展示と、年間約４回テーマを決めて実施する企画展、各種講演・講座・体験教室の開催,9:00〜17:00（入館は16:30まで）,12/28〜1/4、水曜日（祝日の場合は翌平日）,常設展のみの期間　大人300円　子ども（小・中・高）150円企画展開催中　　　大人400円　子ども（小・中・高）150円◆企画展・特別展期間中は、大人（個人・団体）の入館料が変更になる場合があります◆京都市内の小・中学生は土曜・日曜入館無料◆20名以上の団体は2割引き,市バス「四条河原町」から徒歩１０分地下鉄「四条」から徒歩１２分阪急「京都河原町」から徒歩１０分京阪「祇園四条」から徒歩１５分,,駐車場はありませんので、公共交通機関をご利用ください。,,,,,,,,,,,,,,,,,,,,,,,,,,,,,
教育委員会事務局,教育相談総合センター,1000000475,教育相談総合センター,きょういくそうだんそうごうせんたー,35.00946,135.76144,115,4,不登校をはじめとする、子どもたちの不安や悩み、保護者の心配や気がかりの相談に応じ、自立を促す効果的な支援を行うため、「教育相談」と「生徒指導」に係る部門を集約するとともに、不登校の子どもたちの活動の場である「ふれあいの杜」を充実させ、これらを一体化した全国初の専門機関,604-8184,京都市中京区姉小路通東洞院東入曇華院前町706-3,,京都市,075-254-7900,075-213-5237,http://www.edu.city.kyoto.jp/patona/index.html,ふれあいの杜（創造活動室、調理実習室、学習室等）、相談部門（相談室、プレイルーム）、事務ゾーン（生徒指導部門、管理部門）,"カウンセリングセンター月・火・木・金曜日：10:00〜21:00第1・3・5水曜日：10:00〜17:00土曜日： 9:00〜17:00　　　　　　　　　　　　　　　　　　　　　　　　　　　　　　　　　　　　　　　　　　　　　　　　　　　　　　　　　　　　　　　　　　　　　　　　　　　　　　　　　　　　　　　　　　　　　　　　　　　　　　　　　　　　　　　　　　",第2・第4水曜、第4日曜、祝日、年末年始,無料,"地下鉄「烏丸御池」から徒歩３分市バス・京都バス「烏丸御池」から徒歩３分",カウンセリング：事前に電話でお申し込みください。TEL：075-254-1108,,こども相談センターパトナ,,,,,,,,,,,,,,,,,,,,,,,,,,,,
教育委員会事務局,青少年科学センター,1000000476,青少年科学センター,せいしょうねんかがくせんたー,34.95599,135.76681,112,11,100点を超える体験型の展示品をとおして、楽しみながら理科・科学を学べる科学館です。プラネタリウムも人気です。,612-0031,京都市伏見区深草池ノ内町13,,京都市,075-642-1601,075-642-1605,http://www.edu.city.kyoto.jp/science/,展示場、屋外園、プラネタリウム、チョウの家、車いす用トイレ、駐車場(30台),9:00〜17:00※入館は16:30まで。,12/28〜1/3、木曜日(祝日の場合は翌平日。春・夏・冬休みの木曜日は開館。),"入場料　一般520円、中高生200円、小学生100円プラネタリウム観覧料　一般520円、中高生200円、小学生100円　(団体【30名以上】割引、各種減免制度有。)","京阪電車「藤森駅」から徒歩5分地下鉄・近鉄「竹田駅」から徒歩15分市バス・京阪バス「青少年科学センター前」から徒歩1分",,,,,,,,,,,,,,,,,,,,,,,,,,,,,,,
教育委員会事務局,生徒指導課,1000000478,日野野外活動施設,ひのやがいかつどうしせつ,34.93453,135.82032,128,11,学校をはじめ、学校教育の発展に関わる様々な市民の団体が、豊かな自然の中でスポーツ活動や飯盒炊さん等の野外活動を行う場として開設している施設です。,601-1403,京都市伏見区日野船尾2,,"京都市日野野外活動施設管理運営委員会",075-572-8405,075-572-8405,,運動広場、兼用コート、野外炊飯場、冒険の森、管理棟,9:00〜17:00　　　　　　　　　　　　　　　　　　　　　　　　　　　　　　　　　　　　　　　　　　　　　　　　　　　　　　　　　　　　　　　　　　　　　　　　　　　　　　　　　,年末年始,無料（ただし、炊事用まき代は使用者負担）,地下鉄東西線「石田」から徒歩30分、　　　　　　　　　　　　　　　　　　　　　　　　　　　　　　　　　　　　　　　　　　　　　　　　　　　　　　　　　　　　　　　　　　　醍醐コミュニティバス「恵福寺前」から徒歩10分,事前に電話で予約状況を確認のうえ、所定の申請書に必要事項を記入し、提出してください。,,,,,,,,,,,,,,,,,,,,,,,,,,,,,,
教育委員会事務局,総合育成支援課,1000000481,知的障害者学習ホーム　ひかり学園,ちてきしょうがいしゃがくしゅうほーむひかりがくえん,35.02073,135.78077,116,3,知的障害者の生涯にわたる学習の機会を拡充するための施設,606-8315,京都市左京区吉田近衛町26-72,,京都市,075-761-2285,075-761-2285,,,9：00〜21：00,12/28〜1/4、水曜日,無料,市バス京大正門前より徒歩3分,利用許可申請書をひかり学園に提出,,,,,,,,,,,,,,,,,,,,,,,,,,,,,,
教育委員会事務局,総合育成支援課,1000000482,北総合支援学校・総合育成支援教育相談センター,きたそうごうしえんがっこうそうごういくせいしえんきょういくそうだんせんたー,35.03528,135.75079,115,2,施設見学や障害のある子どもについての相談を受け付けています。,602-0074,京都市上京区堀川通寺之内上る二丁目下天神町650−1,,京都市,075-431-6636,075-414-1069,http://www.edu.city.kyoto.jp/hp/kita-y/,,9：30〜16：30,土、日、祝休日,無料,市バス堀川寺ノ内より徒歩1分,電話かホームページをご覧ください。,,,,,,,,,,,,,,,,,,,,,,,,,,,,,,
教育委員会事務局,総合育成支援課,1000000483,東総合支援学校・総合育成支援教育相談センター,ひがしそうごうしえんがっこうそうごういくせいしえんきょういくそうだんせんたー,34.97897,135.8318,115,6,施設見学や障害のある子どもについての相談を受け付けています。,607-8122,京都市山科区大塚高岩3,,京都市,074-594-6501,075-594-4214,http://www.edu.city.kyoto.jp/hp/higashi-y/,,9：30〜16：30,土、日、祝休日,無料,京阪バス国道大塚より徒歩15分,電話かホームページをご覧ください。,,,,,,,,,,,,,,,,,,,,,,,,,,,,,,
教育委員会事務局,総合育成支援課,1000000484,西総合支援学校・総合育成支援教育相談センター,にしそうごうしえんがっこうそうごういくせいしえんきょういくそうだんせんたー,34.98886,135.65448,115,10,施設見学や障害のある子どもについての相談を受け付けています。,610-1101,京都市西京区大枝北沓掛町一丁目21−21,,京都市,075-332-4275,075-331-9573,http://www.edu.city.kyoto.jp/hp/nishi-y/,,9：30〜16：30,土、日、祝休日,無料,市バスふれあいの里より徒歩5分,電話かホームページをご覧ください。,,,,,,,,,,,,,,,,,,,,,,,,,,,,,,
教育委員会事務局,総合育成支援課,1000000485,呉竹総合支援学校・総合育成支援教育相談センター,くれたけそうごうしえんがっこうそうごういくせいしえんきょういくそうだんせんたー,34.93917,135.77037,115,11,施設見学や障害のある子どもについての相談を受け付けています。,612-0061,京都市伏見区桃山福島太夫北町52,,京都市,075-601-9104,075-601-9037,http://www.edu.city.kyoto.jp/hp/kuretake-y/,,9：30〜16：30,土、日、祝休日,無料,京阪・近鉄丹波橋より徒歩5分,電話かホームページをご覧ください。,,,,,,,,,,,,,,,,,,,,,,,,,,,,,,
教育委員会事務局,総合育成支援課,1000000486,白河総合支援学校・総合育成支援教育相談センター,しらかわそうごうしえんがっこうそうごういくせいしえんきょういくそうだんせんたー,35.0203,135.78462,115,3,施設見学や障害のある子どもについての相談を受け付けています。,606-8321,京都市左京区岡崎東福ノ川町9−2,,京都市,075-771-5510,075-771-5169,http://www.edu.city.kyoto.jp/hp/shirakawa-y/,,9：30〜16：30,土、日、祝休日,無料,市バス岡崎道より徒歩5分,電話かホームページをご覧ください。,,,,,,,,,,,,,,,,,,,,,,,,,,,,,,
教育委員会事務局,総合育成支援課,1000000487,鳴滝総合支援学校・総合育成支援教育相談センター,なるたきそうごうしえんがっこうそうごういくせいしえんきょういくそうだんせんたー,35.02808,135.70386,115,9,施設見学や障害のある子どもについての相談を受け付けています。,616-8245,京都市右京区音戸山山ノ茶屋町9−2,,京都市,075-461-3221,075-462-1934,http://www.edu.city.kyoto.jp/hp/narutaki-y/,,9：30〜16：30,土、日、祝休日,無料,市バス宇多野病院前徒歩1分,電話かホームページをご覧ください。,,,,,,,,,,,,,,,,,,,,,,,,,,,,,,
教育委員会事務局,総合育成支援課,1000000488,桃陽総合支援学校・総合育成支援教育相談センター,とうようそうごうしえんがっこうそうごういくせいしえんきょういくそうだんせんたー,34.9423,135.78895,115,11,施設見学や障害のある子どもについての相談を受け付けています。,612-0833,京都市伏見区深草大亀谷岩山町48−1,,京都市,075-641-2634,075-641-2648,http://www.edu.city.kyoto.jp/hp/toyo-y/,,9：30〜16：30,土、日、祝休日,無料,JR藤森駅下車　東へ1.7km　徒歩２０分,電話かホームページをご覧ください。,,,,,,,,,,,,,,,,,,,,,,,,,,,,,,
教育委員会事務局,生涯学習部施設運営担当,1000000489,中央図書館,ちゅうおうとしょかん,35.01872,135.73836,125,4,-,604-8401　　,京都市中京区聚楽廻松下町9-2,,（公財）京都市生涯学習振興財団,075-802-3133,075-812-5816,https://www2.kyotocitylib.jp/,,9:30〜20:00(土日祝・12/28  9:30〜17:00）児童図書室17:00まで,火曜日（祝日の場合はその翌平日）、年末年始,,JR嵯峨野線「円町駅」、地下鉄東西線・JR嵯峨野線「二条駅」、市バス・京都バス・JRバス「丸太町七本松」,ホームページを御覧ください,,,,,,,,,,,,,,,,,,,,,,,,,,,,,,
教育委員会事務局,生涯学習部施設運営担当,1000000490,コミュニティプラザ深草図書館,こみゅにてぃぷらざふかくさとしょかん,34.95621,135.77249,125,11,-,612-0876　,京都市伏見区深草西伊達町82-3　京都市立深草小学校内,,教育委員会事務局,075-645-3383,075-645-3413,https://www2.kyotocitylib.jp/,,水木16:00〜19:00 (祝日の場合10:00〜16:00）土日10:00〜16:00,月・火・金曜日、年末年始,,京阪電車「藤森駅」,"※深草中学校区・藤森中学校区におすまいの方で、登録をしていただいた方（ホームページを御覧ください）",,,,,,,,,,,,,,,,,,,,,,,,,,,,,,
教育委員会事務局,生涯学習部施設運営担当,1000000491,伏見中央図書館,ふしみちゅうおうとしょかん,34.93548,135.76175,125,11,-,612-8051　　,京都市伏見区今町659-1,,（公財）京都市生涯学習振興財団,075-622-6700,075-622-6551,https://www2.kyotocitylib.jp/,,9:30〜20:00(土日祝・12/28  9:30〜17:00）児童だけの利用17:00まで,火曜日（祝日の場合はその翌平日）、年末年始,,京阪電車「伏見桃山駅」、近鉄電車「桃山御陵前駅」、市バス「肥後町」,ホームページを御覧ください,,,,,,,,,,,,,,,,,,,,,,,,,,,,,,
教育委員会事務局,生涯学習部施設運営担当,1000000492,醍醐中央図書館,だいごちゅうおうとしょかん,34.95061,135.81031,125,11,-,601-1375　,京都市伏見区醍醐高畑町30-1　パセオ・ダイゴロー西館4階,,（公財）京都市生涯学習振興財団,075-575-2584 ,075-575-2587,https://www2.kyotocitylib.jp/,,9:30〜20:00(土日祝・12/28  9:30〜17:00）児童だけの利用17:00まで,火曜日（祝日の場合はその翌平日）、年末年始,,地下鉄東西線「醍醐駅」、京阪バス「醍醐駅」,ホームページを御覧ください,,,,,,,,,,,,,,,,,,,,,,,,,,,,,,
教育委員会事務局,生涯学習部施設運営担当,1000000493,北図書館,きたとしょかん,35.04102,135.74965,125,1,-,603-8214　,京都市北区紫野雲林院町44-1　北合同福祉センター2階,,（公財）京都市生涯学習振興財団,075-492-8810 ,075-491-5033,https://www2.kyotocitylib.jp/,,9:30〜19:00 (土日祝・12/28  9:30〜17:00）児童だけの利用17:00まで,火曜日（祝日の場合はその翌平日）、年末年始,,地下鉄「北大路駅」下車：西へ徒歩約15分、市バス「大徳寺前」または「北大路堀川」,ホームページを御覧ください,,,,,,,,,,,,,,,,,,,,,,,,,,,,,,
教育委員会事務局,生涯学習部施設運営担当,1000000494,左京図書館,さきょうとしょかん,35.03808,135.77808,125,3,-,606-8103　,京都市左京区高野西開町5　左京合同福祉センター2階,,（公財）京都市生涯学習振興財団,075-722-4032,075-712-5955,https://www2.kyotocitylib.jp/,,9:30〜19:00(土日祝・12/28  9:30〜17:00）児童だけの利用17:00まで,火曜日（祝日の場合はその翌平日）、年末年始,,京阪電車「出町柳駅」から京都バス「蓼倉橋（たてくらばし）」下車：東へ約100m,ホームページを御覧ください,,,,,,,,,,,,,,,,,,,,,,,,,,,,,,
教育委員会事務局,生涯学習部施設運営担当,1000000495,岩倉図書館,いわくらとしょかん,35.07457,135.78587,125,3,-,606-0013　,京都市左京区岩倉下在地町16,,（公財）京都市生涯学習振興財団,075-702-8510,075-702-8633,https://www2.kyotocitylib.jp/,,月水金土日祝・12/28 9:30〜17:00 木 11:30〜19:00児童だけの利用17：00まで,火曜日（祝日の場合はその翌平日）、年末年始,,叡山電鉄「岩倉駅」下車：徒歩約10分、地下鉄「国際会館駅」から京都バス「岩倉農協前」下車：南へ徒歩約1分,ホームページを御覧ください,,,,,,,,,,,,,,,,,,,,,,,,,,,,,,
教育委員会事務局,生涯学習部施設運営担当,1000000496,東山図書館,ひがしやまとしょかん,34.99704,135.77619,125,5,-,605-0862　,京都市東山区清水五丁目130-8　東山区総合庁舎南館2階,,（公財）京都市生涯学習振興財団,075-541-5455,075-551-9888,https://www2.kyotocitylib.jp/,,月水金土日祝・12/28 9:30〜17:00 木 11:30〜19:00児童だけの利用17：00まで,火曜日（祝日の場合はその翌平日）、年末年始,,市バス・京阪バス「清水道」,ホームページを御覧ください,,,,,,,,,,,,,,,,,,,,,,,,,,,,,,
教育委員会事務局,生涯学習部施設運営担当,1000000497,山科図書館,やましなとしょかん,34.98658,135.81637,125,6,-,607-8086　,京都市山科区竹鼻四丁野町34-1　山科合同福祉センター4階,,（公財）京都市生涯学習振興財団,075-581-0503,075-591-5560,https://www2.kyotocitylib.jp/,,9:30〜19:00 (土日祝・12/28  9:30〜17:00）児童だけの利用17:00まで,火曜日（祝日の場合はその翌平日）、年末年始,,JR・地下鉄東西線「山科駅」・京阪電車「京阪山科駅」：外環状線を南へ行き渋谷街道を西へ徒歩約15分、京阪バス「竹鼻」または「地蔵寺」,ホームページを御覧ください,,,,,,,,,,,,,,,,,,,,,,,,,,,,,,
教育委員会事務局,生涯学習部施設運営担当,1000000498,下京図書館,しもぎょうとしょかん,34.9978,135.75687,125,7,-,600-8449　,京都市下京区新町通松原下る富永町110-1　下京修徳ふれあい福祉会館4階,,（公財）京都市生涯学習振興財団,075-351-8196,075-361-8566,https://www2.kyotocitylib.jp/,,9:30〜19:00 (土日祝・12/28  9:30〜17:00）児童だけの利用17:00まで,火曜日（祝日の場合はその翌平日）、年末年始,,地下鉄「五条駅」下車：西へ徒歩約5分、市バス「五条西洞院」下車：東へ徒歩約5分,ホームページを御覧ください,,,,,,,,,,,,,,,,,,,,,,,,,,,,,,
教育委員会事務局,生涯学習部施設運営担当,1000000499,南図書館,みなみとしょかん,34.98108,135.76151,125,8,-,601-8011　,京都市南区東九条南山王町5-5,,（公財）京都市生涯学習振興財団,075-691-6888,075-672-9181,https://www2.kyotocitylib.jp/,,9:30〜19:00 (土日祝・12/28  9:30〜17:00）児童だけの利用17:00まで,火曜日（祝日の場合はその翌平日）、年末年始,,地下鉄「九条駅」、市バス「大石橋」、JR・近鉄電車「京都駅」,ホームページを御覧ください,,,,,,,,,,,,,,,,,,,,,,,,,,,,,,
教育委員会事務局,生涯学習部施設運営担当,1000000500,吉祥院図書館,きっしょういんとしょかん,34.96808,135.73439,125,8,-,601-8349,京都市南区吉祥院池田町1　,,（公財）京都市生涯学習振興財団,075-681-1281,075-681-3202,https://www2.kyotocitylib.jp/,,月水金土日祝・12/28 9:30〜17:00 木 11:30〜19:00児童だけの利用17：00まで,火曜日（祝日の場合はその翌平日）、年末年始,,JR東海道本線「西大路駅」下車：南へ徒歩約20分、市バス「吉祥院前田町」,ホームページを御覧ください,,,,,,,,,,,,,,,,,,,,,,,,,,,,,,
教育委員会事務局,生涯学習部施設運営担当,1000000501,久世ふれあいセンター図書館,くぜふれあいせんたーとしょかん,34.95824,135.72442,125,8,-,601-8203　,京都市南区久世築山町328　久世ふれあいセンター1階,,（公財）京都市生涯学習振興財団,075-931-0035,075-931-0026,https://www2.kyotocitylib.jp/,,月水金土日祝・12/28 9:30〜17:00 木 11:30〜19:00児童だけの利用17：00まで,火曜日（祝日の場合はその翌平日）、年末年始,,市バス「築山」、市バス「久世橋西詰」：南へ徒歩約15分,ホームページを御覧ください,,,,,,,,,,,,,,,,,,,,,,,,,,,,,,
教育委員会事務局,生涯学習部施設運営担当,1000000502,右京中央図書館,うきょうちゅうおうとしょかん,35.01039,135.71593,125,9,-,616-8104,京都市右京区太秦下刑部町12　サンサ右京3階,,（公財）京都市生涯学習振興財団,075-871-5336,075-871-5341,https://www2.kyotocitylib.jp/,,月水金土日祝・12/28 9:30〜17:00 木 11:30〜19:00児童だけの利用17：00まで,火曜日（祝日の場合はその翌平日）、年末年始,,地下鉄東西線「太秦天神川駅」、市バス「太秦天神川駅前」、京福電車「嵐電天神川駅」,ホームページを御覧ください,,,,,,,,,,,,,,,,,,,,,,,,,,,,,,
教育委員会事務局,生涯学習部施設運営担当,1000000503,西京図書館,にしきょうとしょかん,34.98124,135.69059,125,10,-,615-8236　,京都市西京区山田大吉見町20-3,,（公財）京都市生涯学習振興財団,075-392-5558,075-381-8901,https://www2.kyotocitylib.jp/,,9:30〜19:00 (土日祝・12/28  9:30〜17:00）児童だけの利用17:00まで,火曜日（祝日の場合はその翌平日）、年末年始,,市バス・京阪京都交通バス「千代原口」、阪急京都線「桂駅」下車：徒歩約20分,ホームページを御覧ください,,,,,,,,,,,,,,,,,,,,,,,,,,,,,,
教育委員会事務局,生涯学習部施設運営担当,1000000504,洛西図書館,らくさいとしょかん,34.96417,135.67486,125,10,-,610-1143　,京都市西京区大原野東境谷町2-1-2　洛西総合庁舎1階,,（公財）京都市生涯学習振興財団,075-333-0577,075-333-0887,https://www2.kyotocitylib.jp/,,9:30〜19:00 (土日祝・12/28  9:30〜17:00）児童だけの利用17:00まで,火曜日（祝日の場合はその翌平日）、年末年始,,阪急京都本線「桂駅」から市バスまたはJR京都線「桂川駅」からヤサカバス・市バス「境谷大橋」,ホームページを御覧ください,,,,,,,,,,,,,,,,,,,,,,,,,,,,,,
教育委員会事務局,生涯学習部施設運営担当,1000000505,向島図書館,むかいじまとしょかん,34.9173,135.77306,125,11,-,612-8141　,京都市伏見区向島二ノ丸町151-35,,（公財）京都市生涯学習振興財団,075-622-7001,075-621-0930,https://www2.kyotocitylib.jp/,,月水金土日祝・12/28 9:30〜17:00 木 11:30〜19:00児童だけの利用17：00まで,火曜日（祝日の場合はその翌平日）、年末年始,,近鉄電車「向島駅」、京阪電車「観月橋駅」,ホームページを御覧ください,,,,,,,,,,,,,,,,,,,,,,,,,,,,,,
教育委員会事務局,生涯学習部施設運営担当,1000000506,醍醐図書館,だいごとしょかん,34.93866,135.80096,125,11,-,601-1436,京都市伏見区石田西ノ坪1-2　,,（公財）京都市生涯学習振興財団,075-572-0700,075-572-3511,https://www2.kyotocitylib.jp/,,月水金土日祝・12/28 9:30〜17:00 木 11:30〜19:00児童だけの利用17：00まで,火曜日（祝日の場合はその翌平日）、年末年始,,地下鉄東西線「石田駅」、JR・京阪電車「六地蔵駅」、京阪バス「武田総合病院」,ホームページを御覧ください,,,,,,,,,,,,,,,,,,,,,,,,,,,,,,
教育委員会事務局,生涯学習部施設運営担当,1000000507,久我のもり図書館,こがのもりとしょかん,34.93526,135.72873,125,11,-,612-8494,京都市伏見区久我東町216,,（公財）京都市生涯学習振興財団,075-934-2306,075-934-2232,https://www2.kyotocitylib.jp/,,月水金土日祝・12/28 9:30〜17:00 木 11:30〜19:00児童だけの利用17：00まで,火曜日（祝日の場合はその翌平日）、年末年始,,地下鉄・近鉄「竹田駅」またはJR「長岡京駅」または京阪「中書島駅」から市バス「久我の杜」,ホームページを御覧ください,,,,,,,,,,,,,,,,,,,,,,,,,,,,,,
教育委員会事務局,花背山の家,1000000508,野外活動施設　花背山の家,やがいかつどうしせつ　はなせやまのいえ,35.17229,135.78569,128,3,豊かな自然の中で野外活動を通して、健康で調和のとれた児童・生徒の人間形成を図るとともに、市民の野外活動の普及振興を図るための野外活動の拠点です。,601-1105,京都市左京区花脊別所町399,,京都市,075-746-0717,075-746-0392,http://web.kyoto-inet.or.jp/org/hanasell/,詳細はホームページを御覧ください,詳細はホームページを御覧ください,詳細はホームページを御覧ください,詳細はホームページを御覧ください。,京都バス「出町柳」から３２系統広河原行「花背山の家前」下車徒歩５分,ホームページを御覧ください。,ホームページを御覧ください。,,,,,,,,,,,,,,,,,,,,,,,,,,,,,
子ども若者はぐくみ局,子育て支援総合センターこどもみらい館,1000000509,子育て支援総合センター　こどもみらい館,こそだてしえんそうごうせんたーこどもみらいかん,35.01556,135.76135,115,4,大型遊具や木おもちゃなどで遊べる「こども元気ランド（要予約）」、乳幼児向け絵本を揃えた「子育て図書館」があるほか、子育て相談も受け付けます（要予約）。,604-0883,京都市中京区間之町通竹屋町下る楠町601-1,,京都市,075-254-5001,075-212-9909,https://www.kodomomirai.city.kyoto.lg.jp/,こども元気ランド（すべり台など大型総合遊具、木の砂場他）、喫茶コーナー、相談室、子育て図書館、研修室・会議室、駐車場,9時〜21時（日・祝日は9時〜17時）子育て図書館は、9時30分〜19時（土・日・祝日は9時30分〜17時）,12/28〜1/4、火曜日（祝日の場合は翌平日）,研修室・会議室、駐車場は有料,地下鉄「丸太町駅」、市バス「烏丸丸太町」から徒歩3分,ホームページを御覧ください。,ホームページを御覧ください。,,,,,,,,,,,,,,,,,,,,,,,,,,,,,
教育委員会事務局,生涯学習部施設運営担当,1000000510,生涯学習総合センター,しょうがいがくしゅうそうごうせんたー,35.01898,135.73839,126,4,京都市の生涯学習機関の中核として設置され、最新の研究結果を「わかりやすく」をモットーに京都の歴史や文化などに関する教養講座を開催。また、市民の自主的な学習活動拠点として貸館事業を行っている。,604-8401,京都市中京区聚楽廻松下町9-2,,（公財）京都市生涯学習振興財団,075-802-3141,075-803-3017,https://asny.ne.jp,ホール、会議室、小会議室、第１〜８研修室、第１・２実習室、第１〜３サークル活動室、視聴覚室、京都市平安京創生館、レストラン、駐車場,"（月〜土曜日）9:00〜21:00（日・祝日）9:00〜17:00",火曜日（祝日の場合は翌平日）、年末年始（12/29〜1/3）,研修室等及び駐車場は有料（詳しくはホームページを御覧ください。）,・市バス、京都バス、JRバス「丸太町七本松」すぐ又は「千本丸太町」西ヘ400m・JR、地下鉄東西線「二条駅」徒歩約15分・JR「円町駅」徒歩約10分,ホームページを御覧ください。,ホームページを御覧ください。,京都アスニー,,,,,,,,,,,,,,,,,,,,,,,,,,,,
教育委員会事務局,生涯学習部施設運営担当,1000000511,生涯学習総合センター山科,しょうがいがくしゅうそうごうせんたーやましな,34.99007,135.81765,126,6,無料講演会や有料講座を開催するとともに貸館事業を行っている。,607-8080,京都市山科区竹鼻竹ノ街道町92ラクト山科C棟2階,,（公財）京都市生涯学習振興財団,075-593-1515,075-583-0777,https://yamashina.asny.ne.jp,会議室・多目的室・和室・サークル活動室・研修室・実習室,平日AM9:00〜PM9:00    日祝日AM9:00〜PM5:00,第２・４火曜日（祝日の場合は翌日）・年末年始,詳細はホームページをご覧下さい。,地下鉄東西線「山科駅」下車　ＪＲ東海道線「山科駅」下車　京阪電鉄京津線「京阪山科駅」下車,使用希望日の６ヶ月前の月初めから受け付けます。,,アスニー山科,,,,,,,,,,,,,,,,,,,,,,,,,,,,
消防局,総務課,1000000512,市民防災センター,しみんぼうさいせんたー,34.97379,135.74643,106,8,さまざまな想定の体験設備や防災ゲームで地震発生時の対応方法などをまなぶことができます。,601-8445,京都市南区西九条菅田町7,,(財)京都市防災協会,075-662-1849,075-662-6050,http://web.kyoto-inet.or.jp/org/bousai_s/,ホームページをご覧ください,９：００〜１７：００（防災体験などの受付は１６：００まで）,ホームページをご覧ください,無料,"地下鉄「十条駅」より徒歩約18分近鉄「十条駅」より徒歩約8分市バス「市民防災センター前」バス停前（16・19・42系統）市バス「東寺南門前」バス停（78・202・208系統）下車徒歩南へ約8分",ホームページをご覧ください,,,,,,,,,,,,,,,,,,,,,,,,,,,,,,
子ども若者はぐくみ局,幼保総合支援室,1000000513,旭ヶ丘保育園,あさひがおかほいくえん,35.06552,135.74058,113,1,,603-8815,京都市北区西賀茂中川上町90,,,075-491-5143,,,,,,,,,,,,,,,,,,,,,,,,,,,,,,,,,,,,,,
子ども若者はぐくみ局,幼保総合支援室,1000000514,紫野保育園,むらさきのほいくえん,35.0512,135.748,113,1,,603-8427,京都市北区紫竹上緑町6-1,,,075-491-7610,,,,,,,,,,,,,,,,,,,,,,,,,,,,,,,,,,,,,,
子ども若者はぐくみ局,幼保総合支援室,1000000515,待鳳保育園,たいほうほいくえん,35.04579,135.74634,113,1,,603-8206,京都市北区紫竹西南町13,,,075-491-0276,,,,,,,,,,,,,,,,,,,,,,,,,,,,,,,,,,,,,,
子ども若者はぐくみ局,幼保総合支援室,1000000516,大徳寺保育園,だいとくじほいくえん,35.04261,135.74369,113,1,,603-8231,京都市北区紫野大徳寺町74,,,075-491-8818,,,,,,,,,,,,,,,,,,,,,,,,,,,,,,,,,,,,,,
子ども若者はぐくみ局,幼保総合支援室,1000000517,認定こども園　洛北幼児園,にんていこどもえん　らくほくようじえん,35.04953,135.75475,113,1,,603-8113,京都市北区小山西元町39,,,075-491-0457,,,,,,,,,,,,,,,,,,,,,,,,,,,,,,,,,,,,,,
子ども若者はぐくみ局,幼保総合支援室,1000000518,上総幼児園,かみふさようじえん,35.04329,135.76022,113,1,,603-8143,京都市北区小山上総町7,,,075-451-1196,,,,,,,,,,,,,,,,,,,,,,,,,,,,,,,,,,,,,,
子ども若者はぐくみ局,幼保総合支援室,1000000519,衣笠幼稚園,きぬがさようちえん,35.03605,135.72551,113,1,,603-8485,京都市北区衣笠衣笠山町12,,,075-461-3250,075-467-0581,,,,,,,,,認定こども園,,,,,,,,,,,,,,,,,,,,,,,,,,,,
子ども若者はぐくみ局,幼保総合支援室,1000000520,みょうりんえん,みょうりんえん,35.02476,135.73227,113,1,,603-8332,京都市北区大将軍川端町61,,,075-461-6714,,,,,,,,,,,,,,,,,,,,,,,,,,,,,,,,,,,,,,
子ども若者はぐくみ局,幼保総合支援室,1000000521,白い鳩保育園,しろいはとほいくえん,35.03659,135.73601,113,1,,603-8314,京都市北区紫野西土居町1の20,,,075-462-5703,,,,,,,,,,,,,,,,,,,,,,,,,,,,,,,,,,,,,,
子ども若者はぐくみ局,幼保総合支援室,1000000522,洛陽保育園,らくようほいくえん,35.03754,135.73858,113,1,,603-8304,京都市北区紫野郷ﾉ上町11,,,075-461-5300,,,,,,,,,,,,,,,,,,,,,,,,,,,,,,,,,,,,,,
子ども若者はぐくみ局,幼保総合支援室,1000000523,上賀茂こども園,かみがもこどもえん,35.05582,135.75417,113,1,,603-8066,京都市北区上賀茂池殿町55,,,075-781-0492,,,,,,,,,,,,,,,,,,,,,,,,,,,,,,,,,,,,,,
子ども若者はぐくみ局,幼保総合支援室,1000000524,さつき保育園,さつきほいくえん,35.04286,135.71938,113,1,,603-8487,京都市北区大北山原谷乾町121-1,,,075-463-4162,,,,,,,,,,,,,,,,,,,,,,,,,,,,,,,,,,,,,,
子ども若者はぐくみ局,幼保総合支援室,1000000525,のぞみ保育園,のぞみほいくえん,35.04606,135.7591,113,1,,603-8132,京都市北区小山下内河原町15,,,075-492-2044,,,,,,,,,,,,,,,,,,,,,,,,,,,,,,,,,,,,,,
子ども若者はぐくみ局,幼保総合支援室,1000000526,大宮保育園,おおみやほいくえん,35.05937,135.74693,113,1,,603-8837,京都市北区大宮中ﾉ社町35,,,075-491-4923,,,,,,,,,,,,,,,,,,,,,,,,,,,,,,,,,,,,,,
子ども若者はぐくみ局,幼保総合支援室,1000000527,柊野保育園,ひらぎのほいくえん,35.06863,135.75084,113,1,,603-8023,京都市北区上賀茂東上之段町36-2,,,075-721-2286,,,,,,,,,,,,,,,,,,,,,,,,,,,,,,,,,,,,,,
子ども若者はぐくみ局,幼保総合支援室,1000000528,たかがみねこども園,たかがみねこどもえん,35.05261,135.73254,113,1,,603-8465,京都市北区鷹峯土天井町53,,,075-491-3300,,,,,,,,,,,,,,,,,,,,,,,,,,,,,,,,,,,,,,
子ども若者はぐくみ局,幼保総合支援室,1000000529,たかつかさ保育園,たかつかさほいくえん,35.02524,135.72554,113,1,,603-8335,京都市北区大将軍坂田町8-1,,,075-461-8253,,,,,,,,,,,,,,,,,,,,,,,,,,,,,,,,,,,,,,
子ども若者はぐくみ局,幼保総合支援室,1000000530,妙秀こども園,みょうしゅうこどもえん,35.05091,135.73619,113,1,,603-8464,京都市北区鷹峯黒門町15-2,,,075-493-0131,,,,,,,,,,,,,,,,,,,,,,,,,,,,,,,,,,,,,,
子ども若者はぐくみ局,幼保総合支援室,1000000531,北野保育園,きたのほいくえん,35.03318758,135.73909,113,2,,602-8319,京都市上京区五辻通七本松西入上る老松町103-60,,,075-462-6491,,,,,,,,,,,,,,,,,,,,,,,,,,,,,,,,,,,,,,
子ども若者はぐくみ局,幼保総合支援室,1000000532,信愛保育園,しんあいほいくえん,35.01966857,135.7467699,113,2,,602-8151,京都市上京区丸太町日暮西入上る西院町747-20,,,075-841-5761,,,,,,,,,,,,,,,,,,,,,,,,,,,,,,,,,,,,,,
子ども若者はぐくみ局,幼保総合支援室,1000000533,正親こども園,せいしんこどもえん,35.02453,135.74627,113,2,,602-8267,京都市上京区裏門通中立売下る高台院竪町207,,,075-415-1234,,,,,,,,,,,,,,,,,,,,,,,,,,,,,,,,,,,,,,
子ども若者はぐくみ局,幼保総合支援室,1000000534,西陣和楽園,にしじんわらくえん,35.02169,135.73835,113,2,,602-8357,京都市上京区下長者町通七本松西入鳳瑞町247,,,075-461-2060,,,,,,,,,,,,,,,,,,,,,,,,,,,,,,,,,,,,,,
子ども若者はぐくみ局,幼保総合支援室,1000000535,京都市上京保育所,きょうとしかみぎょうほいくしょ,35.0375,135.74991,113,2,,602-0083,京都市上京区大宮通鞍馬口下る東入新ン町620,,,075-414-2351,,,,,,,,,,,,,,,,,,,,,,,,,,,,,,,,,,,,,,
子ども若者はぐくみ局,幼保総合支援室,1000000536,心月保育園,しんげつほいくえん,35.03547,135.76061,113,2,,602-8365,京都市上京区相国寺北門前下之町703,,,075-241-3321,,,,,,,,,,,,,,,,,,,,,,,,,,,,,,,,,,,,,,
子ども若者はぐくみ局,幼保総合支援室,1000000537,京都わかば園,きょうとわかばえん,35.01964,135.77052,113,2,,602-0863,京都市上京区東三本木通丸太町上る上之町488,,,075-256-2727,,,,,,,,,,,,,,,,,,,,,,,,,,,,,,,,,,,,,,
子ども若者はぐくみ局,幼保総合支援室,1000000538,中立保育園,ちゅうりつほいくえん,35.02439,135.7582,113,2,,602-0914,京都市上京区室町通中立売下る花立町493,,,075-441-2512,,,,,,,,,,,,,,,,,,,,,,,,,,,,,,,,,,,,,,
子ども若者はぐくみ局,幼保総合支援室,1000000539,上京陵和園,かみぎょうりょうわえん,35.02443,135.73802,113,2,,602-8344,京都市上京区仁和寺街道七本松西入る上る二番町194,,,075-462-6172,,,,,,,,,,,,,,,,,,,,,,,,,,,,,,,,,,,,,,
子ども若者はぐくみ局,幼保総合支援室,1000000540,第二わかば園,だいにわかばえん,35.01976,135.77051,113,2,,602-0863,京都市上京区東三本木通丸太町上る上之町488,,,075-256-2727,,,,,,,,,,,,,,,,,,,,,,,,,,,,,,,,,,,,,,
子ども若者はぐくみ局,幼保総合支援室,1000000541,第二せいしん幼児園,だいにせいしんようじえん,35.02453,135.74638,113,2,,602-8267,京都市上京区裏門通中立売下る高台院竪町207,,,075-415-1234,,,,,,,,,,,,,,,,,,,,,,,,,,,,,,,,,,,,,,
子ども若者はぐくみ局,幼保総合支援室,1000000542,ひまわり保育園,ひまわりほいくえん,35.01831,135.79225,113,3,,604-8447,京都市左京区鹿ｹ谷上宮ﾉ前町10,,,075-771-0991,,,,,,,,,,,,,,,,,,,,,,,,,,,,,,,,,,,,,,
子ども若者はぐくみ局,幼保総合支援室,1000000543,松ヶ崎こども園,まつがさきこどもえん,35.05425,135.78431,113,3,,606-0945,京都市左京区松ｹ崎堀町53涌泉寺内,,,075-722-1830,,,,,,,,,,,,,,,,,,,,,,,,,,,,,,,,,,,,,,
子ども若者はぐくみ局,幼保総合支援室,1000000544,ペスタロッチ保育園,ぺすたろっちほいくえん,35.02371,135.77443,113,3,,606-8306,京都市左京区吉田中阿達町20-3,,,075-771-4944,,,,,,,,,,,,,,,,,,,,,,,,,,,,,,,,,,,,,,
子ども若者はぐくみ局,幼保総合支援室,1000000545,聖水保育園,せいすいほいくえん,35.04308,135.79538,113,3,,606-8155,京都市左京区一乗寺薬師堂町34-3,,,075-781-5505,,,,,,,,,,,,,,,,,,,,,,,,,,,,,,,,,,,,,,
子ども若者はぐくみ局,幼保総合支援室,1000000546,メグミ幼児園,めぐみようじえん,35.02946,135.77442,113,3,,606-8203,京都市左京区田中関田町22,,,075-791-0578,,,,,,,,,,,,,,,,,,,,,,,,,,,,,,,,,,,,,,
子ども若者はぐくみ局,幼保総合支援室,1000000547,八瀬保育園,やせほいくえん,35.07959,135.8192,113,3,,601-1253,京都市左京区八瀬近衛町382,,,075-781-6750,,,,,,,,,,,,,,,,,,,,,,,,,,,,,,,,,,,,,,
子ども若者はぐくみ局,幼保総合支援室,1000000548,だん王保育園,だんのうほいくえん,35.01009,135.77299,113,3,,606-8387,京都市左京区川端通り三条上る法林寺門前町36,,,075-761-2211,,,,,,,,,,,,,,,,,,,,,,,,,,,,,,,,,,,,,,
子ども若者はぐくみ局,幼保総合支援室,1000000549,岡崎幼児園,おかざきようじえん,35.01481,135.77908,113,3,,606-8342,京都市左京区岡崎最勝寺町1-1,,,075-771-2323,,,,,,,,,,,,,,,,,,,,,,,,,,,,,,,,,,,,,,
子ども若者はぐくみ局,幼保総合支援室,1000000550,鞍馬山保育園,くらまやまほいくえん,35.1146,135.77286,113,3,,601-1111,京都市左京区鞍馬本町1074鞍馬寺内,,,075-741-2212,,,,,,,,,,,,,,,,,,,,,,,,,,,,,,,,,,,,,,
子ども若者はぐくみ局,幼保総合支援室,1000000551,百萬遍保育園,ひゃくまんべんほいくえん,35.02901,135.78075,113,3,,606-8225,京都市左京区田中門前町103-27,,,075-781-3910,,,,,,,,,,,,,,,,,,,,,,,,,,,,,,,,,,,,,,
子ども若者はぐくみ局,幼保総合支援室,1000000552,高野川保育園,たかのがわほいくえん,35.04717,135.78463,113,3,,606-8111,京都市左京区高野泉町4,,,075-781-8308,,,,,,,,,,,,,,,,,,,,,,,,,,,,,,,,,,,,,,
子ども若者はぐくみ局,幼保総合支援室,1000000553,岩倉こひつじ保育園,いわくらこひつじほいくえん,35.06654,135.79132,113,3,,606-0022,京都市左京区岩倉三宅町58-2,,,075-791-1234,,,,,,,,,,,,,,,,,,,,,,,,,,,,,,,,,,,,,,
子ども若者はぐくみ局,幼保総合支援室,1000000554,朱い実保育園,あかいみほいくえん,35.02816,135.77745,113,3,,606-8301,京都市左京区吉田泉殿町6-1,,,075-761-7065,,,,,,,,,,,,,,,,,,,,,,,,,,,,,,,,,,,,,,
子ども若者はぐくみ局,幼保総合支援室,1000000555,一乗寺保育園,いちじょうじほいくえん,35.04189,135.78651,113,3,,606-8162,京都市左京区一乗寺御祭田町4,,,075-711-7097,,,,,,,,,,,,,,,,,,,,,,,,,,,,,,,,,,,,,,
子ども若者はぐくみ局,幼保総合支援室,1000000556,風の子保育園,かぜのこほいくえん,35.0226,135.77614,113,3,,606-8304,京都市左京区吉田下阿達町2,,,075-761-1269,,,,,,,,,,,,,,,,,,,,,,,,,,,,,,,,,,,,,,
子ども若者はぐくみ局,幼保総合支援室,1000000557,市原野保育園,いちはらのほいくえん,35.08452,135.76185,113,3,,601-1123,京都市左京区静市市原町1136,,,075-741-2993,,,,,,,,,,,,,,,,,,,,,,,,,,,,,,,,,,,,,,
子ども若者はぐくみ局,幼保総合支援室,1000000558,村松保育園,むらまつほいくえん,35.08456,135.7858,113,3,,606-0027,京都市左京区岩倉中在地町32,,,075-721-9495,,,,,,,,,,,,,,,,,,,,,,,,,,,,,,,,,,,,,,
子ども若者はぐくみ局,幼保総合支援室,1000000559,北白川いずみ保育園,きたしらかわいずみほいくえん,35.03421,135.79673,113,3,,606-8273,京都市左京区北白川山ﾉ元町47-2,,,075-791-6947,,,,,,,,,,,,,,,,,,,,,,,,,,,,,,,,,,,,,,
子ども若者はぐくみ局,幼保総合支援室,1000000560,セヴァ子ども学園,せう゛ぁこどもがくえん,35.07868,135.78164,113,3,,606-0017,京都市左京区岩倉上蔵町116,,,075-722-2639,,,,,,,,,,,,,,,,,,,,,,,,,,,,,,,,,,,,,,
子ども若者はぐくみ局,幼保総合支援室,1000000561,高野保育園,たかのほいくえん,35.04006,135.78203,113,3,,606-8107,京都市左京区高野東開町1の3,,,075-722-5660,,,,,,,,,,,,,,,,,,,,,,,,,,,,,,,,,,,,,,
子ども若者はぐくみ局,幼保総合支援室,1000000562,葵保育園,あおいほいくえん,35.0617,135.7902,113,3,,606-0043,京都市左京区上高野古川町8,,,075-722-7838,,,,,,,,,,,,,,,,,,,,,,,,,,,,,,,,,,,,,,
子ども若者はぐくみ局,幼保総合支援室,1000000563,子どものその保育園,こどものそのほいくえん,35.04436,135.78314,113,3,,606-8106,京都市左京区高野玉岡町1-1,,,075-722-7382,,,,,,,,,,,,,,,,,,,,,,,,,,,,,,,,,,,,,,
子ども若者はぐくみ局,幼保総合支援室,1000000564,吉田山保育園,よしだやまほいくえん,35.02334,135.78903,113,3,,606-8311,京都市左京区吉田神楽岡町169,,,075-761-0610,,,,,,,,,,,,,,,,,,,,,,,,,,,,,,,,,,,,,,
子ども若者はぐくみ局,幼保総合支援室,1000000565,聖護院保育園,しょうごいんほいくえん,35.01636,135.77655,113,3,,606-8357,京都市左京区聖護院蓮華蔵町2-3,,,075-761-7766,,,,,,,,,,,,,,,,,,,,,,,,,,,,,,,,,,,,,,
子ども若者はぐくみ局,幼保総合支援室,1000000566,だん王夜間保育園,だんのうやかんほいくえん,35.01009,135.77314,113,3,,606-8387,京都市左京区川端通り三条上る法林寺門前町36,,,075-761-2211,,,,,,,,,,,,,,,,,,,,,,,,,,,,,,,,,,,,,,
子ども若者はぐくみ局,幼保総合支援室,1000000567,二条保育園,にじょうほいくえん,35.0178,135.74186,113,4,,604-8404,京都市中京区千本旧丸太町西入聚楽廻東町7,,,075-841-0139,,,,,,,,,,,,,,,,,,,,,,,,,,,,,,,,,,,,,,
子ども若者はぐくみ局,幼保総合支援室,1000000568,月かげ保育園,つきかげほいくえん,35.01705,135.73472,113,4,,604-8493,京都市中京区西ﾉ京南両町22,,,075-821-0055,,,,,,,,,,,,,,,,,,,,,,,,,,,,,,,,,,,,,,
子ども若者はぐくみ局,幼保総合支援室,1000000569,壬生寺保育園,みぶでらほいくえん,35.00213,135.74364,113,4,,604-8821,京都市中京区壬生梛ﾉ宮町31,,,075-822-2529,,,,,,,,,,,,,,,,,,,,,,,,,,,,,,,,,,,,,,
子ども若者はぐくみ局,幼保総合支援室,1000000570,六満こども園,ろくまんこどもえん,35.00695,135.74786,113,4,,604-8336,京都市中京区六角通大宮西入る三条大宮町242,,,075-841-1196,,,,,,,,,,,,,,,,,,,,,,,,,,,,,,,,,,,,,,
子ども若者はぐくみ局,幼保総合支援室,1000000571,カトリック聖母保育園,かとりっくせいぼほいくえん,35.00433,135.73373,113,4,,604-8854,京都市中京区壬生淵田町28,,,075-821-5503,,,,,,,,,,,,,,,,,,,,,,,,,,,,,,,,,,,,,,
子ども若者はぐくみ局,幼保総合支援室,1000000572,円町まぶね隣保園,えんまちまぶねりんぽえん,35.01975,135.73286,113,4,,604-8462,京都市中京区西ﾉ京北円町50,,,075-462-8829,,,,,,,,,,,,,,,,,,,,,,,,,,,,,,,,,,,,,,
子ども若者はぐくみ局,幼保総合支援室,1000000573,朱七保育所,しゅしちほいくしょ,34.99854,135.73372,113,4,,604-8845,京都市中京区壬生東高田町1-2,,,075-311-1411,,,,,,,,,,,,,,,,,,,,,,,,,,,,,,,,,,,,,,
子ども若者はぐくみ局,幼保総合支援室,1000000574,洛西保育園,らくさいほいくえん,35.01457,135.7264,113,4,,604-8454,京都市中京区西ﾉ京小堀池町16,,,075-811-4548,,,,,,,,,,,,,,,,,,,,,,,,,,,,,,,,,,,,,,
子ども若者はぐくみ局,幼保総合支援室,1000000576,朱一保育園,しゅいちほいくえん,35.00534,135.74534,113,4,,604-8804,京都市中京区壬生坊城町48-3壬生坊城第2団地内,,,075-801-5555,,,,,,,,,,,,,,,,,,,,,,,,,,,,,,,,,,,,,,
子ども若者はぐくみ局,幼保総合支援室,1000000577,六満こどもの家,ろくまんこどものいえ,35.00694,135.74776,113,4,,604-8336,京都市中京区六角通大宮西入る三条大宮町242,,,075-841-1196,,,,,,,,,,,,,,,,,,,,,,,,,,,,,,,,,,,,,,
子ども若者はぐくみ局,幼保総合支援室,1000000578,昭和保育園,しょうわほいくえん,34.98814,135.76899,113,5,,605-0902,京都市東山区鞘町七条下る宮ノ内町15-4,,,075-561-0091,,,,,,,,,,,,,,,,,,,,,,,,,,,,,,,,,,,,,,
子ども若者はぐくみ局,幼保総合支援室,1000000579,しんかくじこども園,しんかくじこどもえん,34.99799,135.77886,113,5,,605-0853,京都市東山区東大路松原上る東入る星野町89,,,075-561-6011,,,,,,,,,,,,,,,,,,,,,,,,,,,,,,,,,,,,,,
子ども若者はぐくみ局,幼保総合支援室,1000000580,善立寺保育園,ぜんりゅうじほいくえん,34.99739,135.77508,113,5,,605-0001,京都市東山区松原通大和大路東入2-119-2,,,075-561-1715,,,,,,,,,,,,,,,,,,,,,,,,,,,,,,,,,,,,,,
子ども若者はぐくみ局,幼保総合支援室,1000000581,認定こども園　小松谷保育園,にんていこどもえん　こまつだにほいくえん,34.99035,135.78126,113,5,,605-0927,京都市東山区渋谷通東大路東入る三丁目上馬町553-5,,,075-541-8389,,,,,,,,,,,,,,,,,,,,,,,,,,,,,,,,,,,,,,
子ども若者はぐくみ局,幼保総合支援室,1000000582,光保育園,ひかりほいくえん,35.00273,135.77381,113,5,,605-0811,京都市東山区大和大路通四条下る東入る小松町586,,,075-531-0200,,,,,,,,,,,,,,,,,,,,,,,,,,,,,,,,,,,,,,
子ども若者はぐくみ局,幼保総合支援室,1000000584,永興こども園,えいこうこどもえん,34.98548,135.77785,113,5,,605-0952,京都市東山区今熊野宝蔵町27,,,075-561-0102,,,,,,,,,,,,,,,,,,,,,,,,,,,,,,,,,,,,,,
子ども若者はぐくみ局,幼保総合支援室,1000000585,愛友保育園,あいゆうほいくえん,34.98038,135.77368,113,5,,605-0975,京都市東山区泉涌寺雀ｹ森町15-1,,,075-525-2575,,,,,,,,,,,,,,,,,,,,,,,,,,,,,,,,,,,,,,
子ども若者はぐくみ局,幼保総合支援室,1000000586,西念寺こども園,さいねんじこどもえん,34.98581,135.81766,113,6,,607-8076,京都市山科区音羽役出町1,,,075-581-3331,,,,,,,,,,,,,,,,,,,,,,,,,,,,,,,,,,,,,,
子ども若者はぐくみ局,幼保総合支援室,1000000587,岩屋こども園アカンパニ,いわやこどもえんあかんぱに,34.96972,135.82619,113,6,,607-8176,京都市山科区大宅中小路町65-8,,,075-571-5790,,,,,,,,,,認定こども園,,,,,,,,,,,,,,,,,,,,,,,,,,,,
子ども若者はぐくみ局,幼保総合支援室,1000000588,東野こども園,ひがしのこどもえん,34.97749,135.81384,113,6,,607-8145,京都市山科区東野八反畑町37-1,,,075-581-1003,,,,,,,,,,,,,,,,,,,,,,,,,,,,,,,,,,,,,,
子ども若者はぐくみ局,幼保総合支援室,1000000589,まんいんじこども園,まんいんじこどもえん,34.98105,135.80126,113,6,,607-8358,京都市山科区西野楳本町127,,,075-581-0601,075-581-0602,,,,,,,,,,,,,,,,,,,,,,,,,,,,,,,,,,,,,
子ども若者はぐくみ局,幼保総合支援室,1000000590,なかとみこども園,なかとみこどもえん,34.97124,135.80386,113,6,,607-8305,京都市山科区西野山中臣町44,,,075-581-0944,,,,,,,,,,,,,,,,,,,,,,,,,,,,,,,,,,,,,,
子ども若者はぐくみ局,幼保総合支援室,1000000591,鏡山保育園　分園,かがみやまほいくえん　ぶんえん,34.98921,135.80424,113,6,,607-8454,京都市山科区厨子奥苗代元町31,,,075-581-9090,,,,,,,,,,,,,,,,,,,,,,,,,,,,,,,,,,,,,,
子ども若者はぐくみ局,幼保総合支援室,1000000592,おおやけこども園,おおやけこどもえん,34.97486,135.82402,113,6,,607-8178,京都市山科区大宅五反畑町69-5,,,075-581-6879,,,,,,,,,,認定こども園,,,,,,,,,,,,,,,,,,,,,,,,,,,,
子ども若者はぐくみ局,幼保総合支援室,1000000593,安朱保育園,あんしゅほいくえん,34.9916,135.8185,113,6,,607-8009,京都市山科区安朱北屋敷町9,,,075-581-1312,,,,,,,,,,,,,,,,,,,,,,,,,,,,,,,,,,,,,,
子ども若者はぐくみ局,幼保総合支援室,1000000594,西野山保育園,にしのやまほいくえん,34.96651,135.80215,113,6,,607-8242,京都市山科区勧修寺柴山8-162,,,075-581-1820,,,,,,,,,,,,,,,,,,,,,,,,,,,,,,,,,,,,,,
子ども若者はぐくみ局,幼保総合支援室,1000000595,勧修保育園,かんしゅうほいくえん,34.96689,135.80568,113,6,,607-8231,京都市山科区勧修寺西金ケ崎26-5,,,075-592-3351,,,,,,,,,,,,,,,,,,,,,,,,,,,,,,,,,,,,,,
子ども若者はぐくみ局,幼保総合支援室,1000000596,こばとこども園,こばとこどもえん,34.98003,135.8171,113,6,,607-8154,京都市山科区東野門口町7-1,,,075-593-3601,,,,,,,,,,,,,,,,,,,,,,,,,,,,,,,,,,,,,,
子ども若者はぐくみ局,幼保総合支援室,1000000597,陵ヶ岡こども園,りょうがおかこどもえん,34.99162,135.80229,113,6,,607-8429,京都市山科区御陵荒巻町50-1,,,075-593-3935,,,,,,,,,,,,,,,,,,,,,,,,,,,,,,,,,,,,,,
子ども若者はぐくみ局,幼保総合支援室,1000000598,山階保育園,さんかいほいくえん,34.98499,135.80873,113,6,,607-8342,京都市山科区西野様子見町1-8,,,075-593-3648,,,,,,,,,,,,,,,,,,,,,,,,,,,,,,,,,,,,,,
子ども若者はぐくみ局,幼保総合支援室,1000000599,椥辻こども園,なぎつじこどもえん,34.97263,135.81204,113,6,,607-8168,京都市山科区椥辻池尻町44-1,,,075-594-1095,,,,,,,,,,,,,,,,,,,,,,,,,,,,,,,,,,,,,,
子ども若者はぐくみ局,幼保総合支援室,1000000600,さくら保育園,さくらほいくえん,34.97598,135.82105,113,6,,607-8143,京都市山科区東野南井ﾉ上町9-2,,,075-593-2600,,,,,,,,,,,,,,,,,,,,,,,,,,,,,,,,,,,,,,
子ども若者はぐくみ局,幼保総合支援室,1000000601,永興小金塚こども園,えいこうこがねづかこどもえん,35.00427,135.83295,113,6,,607-8022,京都市山科区四ﾉ宮小金塚1-169,,,075-591-0102,,,,,,,,,,認定こども園,,,,,,,,,,,,,,,,,,,,,,,,,,,,
子ども若者はぐくみ局,幼保総合支援室,1000000602,認定こども園　ももの木学園,にんていこどもえん　もものきがくえん,34.9772,135.81123,113,6,,607-8145,京都市山科区東野八反畑町57-8,,,075-593-7557,,,,,,,,,,認定こども園,,,,,,,,,,,,,,,,,,,,,,,,,,,,
子ども若者はぐくみ局,幼保総合支援室,1000000603,若林保育園,わかばやしほいくえん,34.98723,135.80974,113,6,,607-8451,京都市山科区厨子奥若林町33-1,,,075-501-6184,,,,,,,,,,,,,,,,,,,,,,,,,,,,,,,,,,,,,,
子ども若者はぐくみ局,幼保総合支援室,1000000604,こばと夜間保育園,こばとやかんほいくえん,34.98003,135.81717,113,6,,607-8154,京都市山科区東野門口町7-1,,,075-593-3601,,,,,,,,,,,,,,,,,,,,,,,,,,,,,,,,,,,,,,
子ども若者はぐくみ局,幼保総合支援室,1000000605,知真保育園,ちしんほいくえん,34.99164,135.7477,113,7,,600-8822,京都市下京区櫛笥通花屋町下る裏片町198-2,,,075-351-5013,,,,,,,,,,,,,,,,,,,,,,,,,,,,,,,,,,,,,,
子ども若者はぐくみ局,幼保総合支援室,1000000606,たかせ保育園,たかせほいくえん,34.98989,135.76536,113,7,,600-8141,京都市下京区西木屋町七条上る新日吉町126,,,075-371-0840,,,,,,,,,,,,,,,,,,,,,,,,,,,,,,,,,,,,,,
子ども若者はぐくみ局,幼保総合支援室,1000000607,五条愛児園,ごじょうあいじえん,34.99589,135.74672,113,7,,600-8804,京都市下京区中堂寺前田町39,,,075-351-3990,,,,,,,,,,,,,,,,,,,,,,,,,,,,,,,,,,,,,,
子ども若者はぐくみ局,幼保総合支援室,1000000608,光林保育園,こうりんほいくえん,35.00237,135.74786,113,7,,600-8383,京都市下京区綾小路通大宮西入る綾大宮町39,,,075-841-2124,,,,,,,,,,,,,,,,,,,,,,,,,,,,,,,,,,,,,,
子ども若者はぐくみ局,幼保総合支援室,1000000609,大谷保育園,おおたにほいくえん,34.99376,135.75873,113,7,,600-8164,京都市下京区諏訪町通六条下る上柳町215,,,075-353-7755,,,,,,,,,,,,,,,,,,,,,,,,,,,,,,,,,,,,,,
子ども若者はぐくみ局,幼保総合支援室,1000000610,たちばな保育園,たちばなほいくえん,34.99777,135.74764,113,7,,600-8801,京都市下京区中堂寺西寺町1-4,,,075-841-9791,,,,,,,,,,,,,,,,,,,,,,,,,,,,,,,,,,,,,,
子ども若者はぐくみ局,幼保総合支援室,1000000611,下京ひかり保育園,しもぎょうひかりほいくえん,34.9945,135.7463,113,7,,600-8804,京都市下京区中堂寺前田町7-3,,,075-351-6287,,,,,,,,,,,,,,,,,,,,,,,,,,,,,,,,,,,,,,
子ども若者はぐくみ局,幼保総合支援室,1000000612,西七条保育園,にしななじょうほいくえん,34.99197,135.72883,113,7,,600-8887,京都市下京区西七条名倉町17,,,075-313-1570,,,,,,,,,,,,,,,,,,,,,,,,,,,,,,,,,,,,,,
子ども若者はぐくみ局,幼保総合支援室,1000000613,上鳥羽保育園,かみとばほいくえん,34.96249,135.74152,113,8,,601-8172,京都市南区上鳥羽鍋ｹ淵町633,,,075-691-5007,,,,,,,,,,,,,,,,,,,,,,,,,,,,,,,,,,,,,,
子ども若者はぐくみ局,幼保総合支援室,1000000614,吉祥院こども園,きっしょういんこどもえん,34.97364,135.73515,113,8,,601-8331,京都市南区吉祥院政所町3-3,,,075-691-2863,,,,,,,,,,,,,,,,,,,,,,,,,,,,,,,,,,,,,,
子ども若者はぐくみ局,幼保総合支援室,1000000615,塔南保育園,とうなんほいくえん,34.97516,135.75052,113,8,,601-8442,京都市南区西九条御幸田町15,,,075-682-5510,,,,,,,,,,,,,,,,,,,,,,,,,,,,,,,,,,,,,,
子ども若者はぐくみ局,幼保総合支援室,1000000616,東寺保育園,とうじほいくえん,34.9832,135.74814,113,8,,601-8473,京都市南区大宮通八条下る九条町399-35,,,075-691-0247,,,,,,,,,,,,,,,,,,,,,,,,,,,,,,,,,,,,,,
子ども若者はぐくみ局,幼保総合支援室,1000000617,隨林寺保育園,ずいりんじほいくえん,34.97706,135.75393,113,8,,601-8432,京都市南区西九条東島町21,,,075-661-3388,,,,,,,,,,,,,,,,,,,,,,,,,,,,,,,,,,,,,,
子ども若者はぐくみ局,幼保総合支援室,1000000618,洛南保育園,らくなんほいくえん,34.9815,135.76039,113,8,,601-8017,京都市南区東九条北烏丸町20,,,075-691-6898,,,,,,,,,,,,,,,,,,,,,,,,,,,,,,,,,,,,,,
子ども若者はぐくみ局,幼保総合支援室,1000000619,法光院保育園,ほうこういんほいくえん,34.9776,135.76473,113,8,,601-8021,京都市南区東九条宇賀辺町57,,,075-691-0225,,,,,,,,,,,,,,,,,,,,,,,,,,,,,,,,,,,,,,
子ども若者はぐくみ局,幼保総合支援室,1000000620,東和保育園,とうわほいくえん,34.9735,135.75856,113,8,,601-8031,京都市南区東九条河辺町6,,,075-691-8601,,,,,,,,,,,,,,,,,,,,,,,,,,,,,,,,,,,,,,
子ども若者はぐくみ局,幼保総合支援室,1000000622,共栄保育園,きょうえいほいくえん,34.97991,135.74274,113,8,,601-8464,京都市南区唐橋高田町58-4,,,075-672-4572,,,,,,,,,,,,,,,,,,,,,,,,,,,,,,,,,,,,,,
子ども若者はぐくみ局,幼保総合支援室,1000000623,カトリック希望の家こども園,かとりっくきぼうのいえこどもえん,34.98269,135.76519,113,8,,601-8006,京都市南区東九条東岩本町28,,,075-681-6881,,,,,,,,,,,,,,,,,,,,,,,,,,,,,,,,,,,,,,
子ども若者はぐくみ局,幼保総合支援室,1000000624,くぜにしこども園,くぜにしこどもえん,34.96848256,135.7136714,113,8,,601-8212,京都市南区久世上久世町30-1,,,075-922-0007,,,,,,,,,,,,,,,,,,,,,,,,,,,,,,,,,,,,,,
子ども若者はぐくみ局,幼保総合支援室,1000000625,あらぐさ保育園,あらぐさほいくえん,34.97697,135.73309,113,8,,601-8328,京都市南区吉祥院九条町7,,,075-671-7896,,,,,,,,,,,,,,,,,,,,,,,,,,,,,,,,,,,,,,
子ども若者はぐくみ局,幼保総合支援室,1000000626,ひかり保育園,ひかりほいくえん,34.98088,135.75123,113,8,,601-8423,京都市南区西九条唐橋町28,,,075-691-1212,,,,,,,,,,,,,,,,,,,,,,,,,,,,,,,,,,,,,,
子ども若者はぐくみ局,幼保総合支援室,1000000627,こども園いしはら,こどもえんいしはら,34.96204,135.73051,113,8,,601-8364,京都市南区吉祥院石原南町51,,,075-691-2494,,,,,,,,,,認定こども園,,,,,,,,,,,,,,,,,,,,,,,,,,,,
子ども若者はぐくみ局,幼保総合支援室,1000000628,久世南保育園,くぜみなみほいくえん,34.94937,135.71859,113,8,,601-8206,京都市南区久世大薮町489-4,,,075-933-1911,,,,,,,,,,,,,,,,,,,,,,,,,,,,,,,,,,,,,,
子ども若者はぐくみ局,幼保総合支援室,1000000629,久世築山保育園,くぜつきやまほいくえん,34.95616,135.72439,113,8,,601-8203,京都市南区久世築山町159-1,,,075-934-3511,,,,,,,,,,,,,,,,,,,,,,,,,,,,,,,,,,,,,,
子ども若者はぐくみ局,幼保総合支援室,1000000630,祥南保育園,しょうなんほいくえん,34.96894,135.73117,113,8,,601-8335,京都市南区吉祥院砂ﾉ町43,,,075-672-0010,,,,,,,,,,,,,,,,,,,,,,,,,,,,,,,,,,,,,,
子ども若者はぐくみ局,幼保総合支援室,1000000631,殿城保育園,とのしろほいくえん,34.95402,135.71824,113,8,,601-8205,京都市南区久世殿城町550,,,075-933-6600,,,,,,,,,,,,,,,,,,,,,,,,,,,,,,,,,,,,,,
子ども若者はぐくみ局,幼保総合支援室,1000000632,村山保育園,むらやまほいくえん,34.96726,135.74045,113,8,,601-8187,京都市南区上鳥羽北村山町1,,,075-672-4200,,,,,,,,,,,,,,,,,,,,,,,,,,,,,,,,,,,,,,
子ども若者はぐくみ局,幼保総合支援室,1000000633,祥豊保育園,しょうほうほいくえん,34.98362,135.72556,113,8,,601-8304,京都市南区吉祥院前河原町6,,,075-321-4511,,,,,,,,,,,,,,,,,,,,,,,,,,,,,,,,,,,,,,
子ども若者はぐくみ局,幼保総合支援室,1000000634,上久世保育園,かみくぜほいくえん,34.96291,135.72074,113,8,,601-8201,京都市南区久世川原町208-3,,,075-921-0018,,,,,,,,,,,,,,,,,,,,,,,,,,,,,,,,,,,,,,
子ども若者はぐくみ局,幼保総合支援室,1000000635,みのり園,みのりえん,34.97978,135.7428,113,8,,601-8464,京都市南区唐橋高田町58-4,,,075-672-4572,,,,,,,,,,,,,,,,,,,,,,,,,,,,,,,,,,,,,,
子ども若者はぐくみ局,幼保総合支援室,1000000636,妙覚保育園,みょうかくほいくえん,34.99969,135.73143,113,9,,615-0023,京都市右京区西院西平町23,,,075-312-1490,,,,,,,,,,,,,,,,,,,,,,,,,,,,,,,,,,,,,,
子ども若者はぐくみ局,幼保総合支援室,1000000637,蜂ヶ岡保育園,はちがおかほいくえん,35.01256,135.70165,113,9,,616-8152,京都市右京区太秦堀ｹ内町13-11,,,075-861-0919,,,,,,,,,,,,,,,,,,,,,,,,,,,,,,,,,,,,,,
子ども若者はぐくみ局,幼保総合支援室,1000000638,双丘保育園,ならびがおかほいくえん,35.01915,135.71568,113,9,,616-8044,京都市右京区花園扇野町49,,,075-461-9428,,,,,,,,,,,,,,,,,,,,,,,,,,,,,,,,,,,,,,
子ども若者はぐくみ局,幼保総合支援室,1000000639,西本願寺保育園,にしほんがんじほいくえん,35.01115,135.72202,113,9,,615-0091,京都市右京区山ﾉ内御堂殿町22-3,,,075-801-6376,,,,,,,,,,,,,,,,,,,,,,,,,,,,,,,,,,,,,,
子ども若者はぐくみ局,幼保総合支援室,1000000640,認定こども園　まこと幼児園,にんていこどもえん　まことようじえん,35.02689,135.67882,113,9,,616-8412,京都市右京区嵯峨大覚寺門前登り町2,,,075-881-5788,,,,,,,,,,,,,,,,,,,,,,,,,,,,,,,,,,,,,,
子ども若者はぐくみ局,幼保総合支援室,1000000641,太秦保育園,うずまさほいくえん,35.01294,135.70482,113,9,,616-8167,京都市右京区太秦多薮町30,,,075-881-9511,,,,,,,,,,,,,,,,,,,,,,,,,,,,,,,,,,,,,,
子ども若者はぐくみ局,幼保総合支援室,1000000642,こども園ゆりかご,こどもえんゆりかご,35.02494,135.72067,113,9,,616-8035,京都市右京区花園妙心寺町48,,,075-462-5019,,,,,,,,,,,,,,,,,,,,,,,,,,,,,,,,,,,,,,
子ども若者はぐくみ局,幼保総合支援室,1000000643,若竹保育園,わかたけほいくえん,35.01549,135.68453,113,9,,616-8367,京都市右京区嵯峨北堀町25,,,075-882-2960,,,,,,,,,,,,,,,,,,,,,,,,,,,,,,,,,,,,,,
子ども若者はぐくみ局,幼保総合支援室,1000000644,向上社保育園,こうじょうしゃほいくえん,35.00166,135.7293,113,9,,615-0026,京都市右京区西院北矢掛町22,,,075-311-3606,,,,,,,,,,,,,,,,,,,,,,,,,,,,,,,,,,,,,,
子ども若者はぐくみ局,幼保総合支援室,1000000645,聖徳保育園,しょうとくほいくえん,35.01179,135.71079,113,9,,616-8123,京都市右京区太秦海正寺町30,,,075-871-3415,,,,,,,,,,,,,,,,,,,,,,,,,,,,,,,,,,,,,,
子ども若者はぐくみ局,幼保総合支援室,1000000646,山ノ内保育園,やまのうちほいくえん,35.01027,135.72342,113,9,,615-0092,京都市右京区山ﾉ内宮脇町9,,,075-841-2570,,,,,,,,,,,,,,,,,,,,,,,,,,,,,,,,,,,,,,
子ども若者はぐくみ局,幼保総合支援室,1000000647,花園保育園,はなぞのほいくえん,35.02058,135.7247,113,9,,616-8051,京都市右京区花園巽南町15-6,,,075-463-7302,,,,,,,,,,,,,,,,,,,,,,,,,,,,,,,,,,,,,,
子ども若者はぐくみ局,幼保総合支援室,1000000648,つわぶき園,つわぶきえん,34.99769,135.71869,113,9,,615-0882,京都市右京区西京極葛野町4,,,075-313-3663,,,,,,,,,,,,,,,,,,,,,,,,,,,,,,,,,,,,,,
子ども若者はぐくみ局,幼保総合支援室,1000000650,富士保育園,ふじほいくえん,35.00109,135.69403,113,9,,615-0924,京都市右京区梅津尻溝町28,,,075-862-5106,,,,,,,,,,,,,,,,,,,,,,,,,,,,,,,,,,,,,,
子ども若者はぐくみ局,幼保総合支援室,1000000651,このしま保育園,このしまほいくえん,35.01411,135.71317,113,9,,616-8102,京都市右京区太秦森ｹ東町50-2,,,075-872-1863,,,,,,,,,,,,,,,,,,,,,,,,,,,,,,,,,,,,,,
子ども若者はぐくみ局,幼保総合支援室,1000000652,うぐいす保育園,うぐいすほいくえん,35.02243,135.6809,113,9,,616-8413,京都市右京区嵯峨大覚寺門前堂ﾉ前町22,,,075-861-2344,,,,,,,,,,,,,,,,,,,,,,,,,,,,,,,,,,,,,,
子ども若者はぐくみ局,幼保総合支援室,1000000653,嵯峨野こども園,さがのこどもえん,35.01257,135.6941,113,9,,616-8321,京都市右京区嵯峨野千代ﾉ道町14-3,,,075-881-2037,,,,,,,,,,,,,,,,,,,,,,,,,,,,,,,,,,,,,,
子ども若者はぐくみ局,幼保総合支援室,1000000654,安井保育園,やすいほいくえん,35.01669,135.71908,113,9,,616-8064,京都市右京区太秦安井北御所町15,,,075-821-4666,,,,,,,,,,,,,,,,,,,,,,,,,,,,,,,,,,,,,,
子ども若者はぐくみ局,幼保総合支援室,1000000655,西京極保育園,にしきょうごくほいくえん,34.99217,135.71915,113,9,,615-0851,京都市右京区西京極西池田町13-6,,,075-311-2516,,,,,,,,,,,,,,,,,,,,,,,,,,,,,,,,,,,,,,
子ども若者はぐくみ局,幼保総合支援室,1000000656,御室保育園,おむろほいくえん,35.02641,135.71785,113,9,,616-8021,京都市右京区花園天授ｹ岡町3-15,,,075-463-9430,,,,,,,,,,,,,,,,,,,,,,,,,,,,,,,,,,,,,,
子ども若者はぐくみ局,幼保総合支援室,1000000657,西院保育園,さいいんほいくえん,34.99865,135.72808,113,9,,615-0036,京都市右京区西院太田町80,,,075-311-3412,,,,,,,,,,,,,,,,,,,,,,,,,,,,,,,,,,,,,,
子ども若者はぐくみ局,幼保総合支援室,1000000658,嵯峨こばと保育園,さがこばとほいくえん,35.01845,135.67552,113,9,,616-8375,京都市右京区嵯峨天龍寺立石町1-36,,,075-882-0843,,,,,,,,,,,,,,,,,,,,,,,,,,,,,,,,,,,,,,
子ども若者はぐくみ局,幼保総合支援室,1000000659,ときわ保育園,ときわほいくえん,35.01838,135.70212,113,9,,616-8177,京都市右京区太秦馬塚町1-4,,,075-872-6001,,,,,,,,,,,,,,,,,,,,,,,,,,,,,,,,,,,,,,
子ども若者はぐくみ局,幼保総合支援室,1000000660,梅ノ宮保育園,うめのみやほいくえん,35.00598,135.6948,113,9,,615-0921,京都市右京区梅津ﾌｹﾉ川町9,,,075-881-0606,,,,,,,,,,,,,,,,,,,,,,,,,,,,,,,,,,,,,,
子ども若者はぐくみ局,幼保総合支援室,1000000661,川勝寺保育園,せんしょうじほいくえん,34.99044,135.72503,113,9,,615-0818,京都市右京区西京極三反田町1,,,075-321-0871,,,,,,,,,,,,,,,,,,,,,,,,,,,,,,,,,,,,,,
子ども若者はぐくみ局,幼保総合支援室,1000000662,富士夜間保育園,ふじやかんほいくえん,35.0011,135.69386,113,9,,615-0924,京都市右京区梅津尻溝町28,,,075-862-5106,,,,,,,,,,,,,,,,,,,,,,,,,,,,,,,,,,,,,,
子ども若者はぐくみ局,幼保総合支援室,1000000663,山田保育園,やまだほいくえん,34.9869403,135.6891755,113,10,,615-8267,京都市西京区山田北山田町19,,,075-381-2604,,,,,,,,,,,,,,,,,,,,,,,,,,,,,,,,,,,,,,
子ども若者はぐくみ局,幼保総合支援室,1000000664,桂保育園,かつらほいくえん,34.98051,135.70458,113,10,,615-8073,京都市西京区桂野里町5-45,,,075-391-6105,,,,,,,,,,,,,,,,,,,,,,,,,,,,,,,,,,,,,,
子ども若者はぐくみ局,幼保総合支援室,1000000665,嵐山保育園,あらしやまほいくえん,35.00625,135.68389,113,10,,616-0014,京都市西京区嵐山谷ｹ辻子町27-2,,,075-861-0797,,,,,,,,,,,,,,,,,,,,,,,,,,,,,,,,,,,,,,
子ども若者はぐくみ局,幼保総合支援室,1000000666,京都白百合保育園,きょうとしらゆりほいくえん,34.97195,135.6903,113,10,,615-8151,京都市西京区樫原杉原町14-2,,,075-392-1979,,,,,,,,,,,,,,,,,,,,,,,,,,,,,,,,,,,,,,
子ども若者はぐくみ局,幼保総合支援室,1000000667,川岡保育園,かわおかほいくえん,34.97429,135.70141,113,10,,615-8193,京都市西京区川島玉頭町78-2,,,075-381-9660,,,,,,,,,,,,,,,,,,,,,,,,,,,,,,,,,,,,,,
子ども若者はぐくみ局,幼保総合支援室,1000000668,川島保育園,かわしまほいくえん,34.97595,135.69838,113,10,,615-8194,京都市西京区川島粟田町40-4,,,075-391-5390,,,,,,,,,,,,,,,,,,,,,,,,,,,,,,,,,,,,,,
子ども若者はぐくみ局,幼保総合支援室,1000000669,西嶺保育園,せいりょうほいくえん,34.9841,135.68892,113,10,,615-8265,京都市西京区山田御道路町19,,,075-391-6286,,,,,,,,,,,,,,,,,,,,,,,,,,,,,,,,,,,,,,
子ども若者はぐくみ局,幼保総合支援室,1000000670,樫原保育園,かたぎはらほいくえん,34.97185,135.6957,113,10,,615-8131,京都市西京区樫原五反田5-30,,,075-381-9100,,,,,,,,,,,,,,,,,,,,,,,,,,,,,,,,,,,,,,
子ども若者はぐくみ局,幼保総合支援室,1000000671,くすのき保育園,くすのきほいくえん,34.97488,135.71251,113,10,,615-8036,京都市西京区下津林南大般若町16,,,075-392-8507,,,,,,,,,,,,,,,,,,,,,,,,,,,,,,,,,,,,,,
子ども若者はぐくみ局,幼保総合支援室,1000000672,牛ヶ瀬保育園,うしがせほいくえん,34.9729,135.71698,113,10,,615-8041,京都市西京区牛ｹ瀬青柳町23,,,075-381-8083,,,,,,,,,,,,,,,,,,,,,,,,,,,,,,,,,,,,,,
子ども若者はぐくみ局,幼保総合支援室,1000000673,つみき保育園,つみきほいくえん,34.99507,135.69292,113,10,,615-8203,京都市西京区松室荒堀町126,,,075-392-0221,,,,,,,,,,,,,,,,,,,,,,,,,,,,,,,,,,,,,,
子ども若者はぐくみ局,幼保総合支援室,1000000674,樫原ふじ保育園,かたぎはらふじほいくえん,34.97656,135.69226,113,10,,615-8232,京都市西京区御陵南荒木町19-1,,,075-391-1428,,,,,,,,,,,,,,,,,,,,,,,,,,,,,,,,,,,,,,
子ども若者はぐくみ局,幼保総合支援室,1000000675,桂東こども園,かつらひがしこどもえん,34.98019,135.71226,113,10,,615-8022,京都市西京区桂北滝川町30,,,075-391-1588,,,,,,,,,,認定こども園,,,,,,,,,,,,,,,,,,,,,,,,,,,,
子ども若者はぐくみ局,幼保総合支援室,1000000676,みつばち保育園,みつばちほいくえん,34.98838,135.70517,113,10,,615-8302,京都市西京区桂徳大寺南町5,,,075-383-5566,,,,,,,,,,,,,,,,,,,,,,,,,,,,,,,,,,,,,,
子ども若者はぐくみ局,幼保総合支援室,1000000677,京都にじこども園,きょうとにじこどもえん,34.99508,135.70188,113,10,,615-8002,京都市西京区桂上野中町242,,,075-392-8222,,,,,,,,,,,,,,,,,,,,,,,,,,,,,,,,,,,,,,
子ども若者はぐくみ局,幼保総合支援室,1000000678,こぐま上野保育園,こぐまうえのほいくえん,34.99759,135.69997,113,10,,615-8007,京都市西京区桂上野今井町124-7,,,075-391-2405,,,,,,,,,,,,,,,,,,,,,,,,,,,,,,,,,,,,,,
子ども若者はぐくみ局,幼保総合支援室,1000000679,桃嶺保育園,とうれいほいくえん,34.9341,135.78965,113,11,,612-8013,京都市伏見区桃山町西町1,,,075-611-2820,,,,,,,,,,,,,,,,,,,,,,,,,,,,,,,,,,,,,,
子ども若者はぐくみ局,幼保総合支援室,1000000680,向島保育園,むかいじまほいくえん,34.92406,135.77127,113,11,,612-8112,京都市伏見区向島本丸町68,,,075-601-1761,,,,,,,,,,,,,,,,,,,,,,,,,,,,,,,,,,,,,,
子ども若者はぐくみ局,幼保総合支援室,1000000681,世光保育園,せこうほいくえん,34.93284,135.77283,113,11,,612-8033,京都市伏見区桃山町松平武蔵2-2,,,075-621-2739,,,,,,,,,,,,,,,,,,,,,,,,,,,,,,,,,,,,,,
子ども若者はぐくみ局,幼保総合支援室,1000000682,伏見幼児園,ふしみようじえん,34.93182,135.76173,113,11,,612-8048,京都市伏見区大阪町609,,,075-621-0768,,,,,,,,,,,,,,,,,,,,,,,,,,,,,,,,,,,,,,
子ども若者はぐくみ局,幼保総合支援室,1000000683,板橋保育園,いたばしほいくえん,34.93708,135.76065,113,11,,612-8062,京都市伏見区鷹匠町4,,,075-603-1900,,,,,,,,,,,,,,,,,,,,,,,,,,,,,,,,,,,,,,
子ども若者はぐくみ局,幼保総合支援室,1000000684,みどり保育園,みどりほいくえん,34.93694,135.76015,113,11,,612-8065,京都市伏見区御駕篭町132,,,075-601-4835,,,,,,,,,,,,,,,,,,,,,,,,,,,,,,,,,,,,,,
子ども若者はぐくみ局,幼保総合支援室,1000000685,住吉保育園,すみよしほいくえん,34.94278,135.76411,113,11,,612-8082,京都市伏見区両替町13-197,,,075-601-4895,,,,,,,,,,,,,,,,,,,,,,,,,,,,,,,,,,,,,,
子ども若者はぐくみ局,幼保総合支援室,1000000686,住吉西保育園,すみよしにしほいくえん,34.94254,135.75645,113,11,,612-8338,京都市伏見区舞台町43,,,075-611-2485,,,,,,,,,,,,,,,,,,,,,,,,,,,,,,,,,,,,,,
子ども若者はぐくみ局,幼保総合支援室,1000000687,横大路こども園,よこおおじこどもえん,34.92609,135.737,113,11,,612-8296,京都市伏見区横大路柿ﾉ本町1,,,075-601-4012,,,,,,,,,,,,,,,,,,,,,,,,,,,,,,,,,,,,,,
子ども若者はぐくみ局,幼保総合支援室,1000000688,下鳥羽こども園,しもとばこどもえん,34.93888,135.74407,113,11,,612-8471,京都市伏見区下鳥羽長田町210,,,075-601-3963,,,,,,,,,,,,,,,,,,,,,,,,,,,,,,,,,,,,,,
子ども若者はぐくみ局,幼保総合支援室,1000000689,神川保育園,かみかわほいくえん,34.94107,135.73015,113,11,,612-8495,京都市伏見区久我森の宮町8-129,,,075-921-0203,,,,,,,,,,,,,,,,,,,,,,,,,,,,,,,,,,,,,,
子ども若者はぐくみ局,幼保総合支援室,1000000690,桃陵乳児保育園,とうりょうにゅうじほいくえん,34.93112,135.76677,113,11,,612-8104,京都市伏見区西奉行町1,,,075-611-3307,,,,,,,,,,,,,,,,,,,,,,,,,,,,,,,,,,,,,,
子ども若者はぐくみ局,幼保総合支援室,1000000691,桃陵保育園,とうりょうほいくえん,34.92874,135.76568,113,11,,612-8107,京都市伏見区桃陵町1,,,075-601-3749,,,,,,,,,,,,,,,,,,,,,,,,,,,,,,,,,,,,,,
子ども若者はぐくみ局,幼保総合支援室,1000000692,淀白鳥保育園,よどはくちょうほいくえん,34.90402,135.72019,113,11,,613-0904,京都市伏見区淀池上町151-10,,,075-631-1211,,,,,,,,,,,,,,,,,,,,,,,,,,,,,,,,,,,,,,
子ども若者はぐくみ局,幼保総合支援室,1000000693,城之内保育園,しろのうちほいくえん,34.90882,135.72186,113,11,,612-8276,京都市伏見区納所薬師堂27-306,,,075-631-1570,,,,,,,,,,,,,,,,,,,,,,,,,,,,,,,,,,,,,,
子ども若者はぐくみ局,幼保総合支援室,1000000694,二の丸保育園,にのまるほいくえん,34.92078,135.7737,113,11,,612-8141,京都市伏見区向島二ﾉ丸町373-1,,,075-622-3295,,,,,,,,,,,,,,,,,,,,,,,,,,,,,,,,,,,,,,
子ども若者はぐくみ局,幼保総合支援室,1000000695,野の百合保育園,ののゆりほいくえん,34.91767,135.77339,113,11,,612-8141,京都市伏見区向島二ﾉ丸町151,,,075-622-8545,,,,,,,,,,,,,,,,,,,,,,,,,,,,,,,,,,,,,,
子ども若者はぐくみ局,幼保総合支援室,1000000696,みぎわ保育園,みぎわほいくえん,34.92614,135.78929,113,11,,612-8006,京都市伏見区桃山町大島38-110,,,075-621-5211,,,,,,,,,,,,,,,,,,,,,,,,,,,,,,,,,,,,,,
子ども若者はぐくみ局,幼保総合支援室,1000000697,第二あけぼの保育園,だいにあけぼのほいくえん,34.94089,135.75999,113,11,,612-8325,京都市伏見区清水町877,,,075-621-5628,,,,,,,,,,,,,,,,,,,,,,,,,,,,,,,,,,,,,,
子ども若者はぐくみ局,幼保総合支援室,1000000698,白菊こども園,しらぎくこどもえん,34.9151,135.771,113,11,,612-8141,京都市伏見区向島二ﾉ丸町151-59,,,075-621-1861,,,,,,,,,,,,,,,,,,,,,,,,,,,,,,,,,,,,,,
子ども若者はぐくみ局,幼保総合支援室,1000000699,つぼみ保育園,つぼみほいくえん,34.88988,135.71882,113,11,,613-0915,京都市伏見区淀際目町183-1,,,075-631-8833,,,,,,,,,,,,,,,,,,,,,,,,,,,,,,,,,,,,,,
子ども若者はぐくみ局,幼保総合支援室,1000000700,羽束師保育園,はずかしほいくえん,34.92635,135.7279,113,11,,612-8486,京都市伏見区羽束師古川町647-16,,,075-933-3340,,,,,,,,,,,,,,,,,,,,,,,,,,,,,,,,,,,,,,
子ども若者はぐくみ局,幼保総合支援室,1000000701,城南保育園,じょうなんほいくえん,34.92113,135.77832,113,11,,612-8132,京都市伏見区向島藤ﾉ木町85-7,,,075-611-3299,,,,,,,,,,,,,,,,,,,,,,,,,,,,,,,,,,,,,,
子ども若者はぐくみ局,幼保総合支援室,1000000702,ピノキオ保育園,ぴのきおほいくえん,34.91004,135.72487,113,11,,612-8267,京都市伏見区納所下野1-7,,,075-631-7482,,,,,,,,,,,,,,,,,,,,,,,,,,,,,,,,,,,,,,
子ども若者はぐくみ局,幼保総合支援室,1000000703,城南第二保育園,じょうなんだいにほいくえん,34.91772,135.78168,113,11,,612-8134,京都市伏見区向島清水町115-10,,,075-602-2165,,,,,,,,,,,,,,,,,,,,,,,,,,,,,,,,,,,,,,
子ども若者はぐくみ局,幼保総合支援室,1000000704,たんぽぽ保育園,たんぽぽほいくえん,34.93735,135.72624,113,11,,612-8495,京都市伏見区久我森の宮町13-142,,,075-925-0200,,,,,,,,,,,,,,,,,,,,,,,,,,,,,,,,,,,,,,
子ども若者はぐくみ局,幼保総合支援室,1000000705,まごころ保育園,まごころほいくえん,34.92314,135.72052,113,11,,612-8486,京都市伏見区羽束師古川町578-3,,,075-932-8556,,,,,,,,,,,,,,,,,,,,,,,,,,,,,,,,,,,,,,
子ども若者はぐくみ局,幼保総合支援室,1000000706,西福寺幼児園,さいふくじようじえん,34.94885,135.77522,113,11,,612-0849,京都市伏見区深草大亀谷西寺町58,,,075-641-1531,,,,,,,,,,,,,,,,,,,,,,,,,,,,,,,,,,,,,,
子ども若者はぐくみ局,幼保総合支援室,1000000707,うづらこども園,うづらこどもえん,34.95472,135.77059,113,11,,612-0889,京都市伏見区深草直違橋二丁目452-4,,,075-641-5815,,,,,,,,,,認定こども園,,,,,,,,,,,,,,,,,,,,,,,,,,,,
子ども若者はぐくみ局,幼保総合支援室,1000000708,稲荷こども園,いなりこどもえん,34.96945,135.77448,113,11,,612-0805,京都市伏見区深草開土口町7、8合地,,,075-641-2824,,,,,,,,,,,,,,,,,,,,,,,,,,,,,,,,,,,,,,
子ども若者はぐくみ局,幼保総合支援室,1000000709,墨染保育園,すみぞめほいくえん,34.94619,135.76662,113,11,,612-0084,京都市伏見区深草墨染町44-9,,,075-643-4089,,,,,,,,,,,,,,,,,,,,,,,,,,,,,,,,,,,,,,
子ども若者はぐくみ局,幼保総合支援室,1000000710,深草保育園,ふかくさほいくえん,34.95881,135.7751,113,11,,612-0877,京都市伏見区深草僧坊町46-1,,,075-641-3033,,,,,,,,,,,,,,,,,,,,,,,,,,,,,,,,,,,,,,
子ども若者はぐくみ局,幼保総合支援室,1000000711,醍醐保育園,だいごほいくえん,34.94748,135.81574,113,11,,601-1351,京都市伏見区醍醐和泉町17,,,075-571-1313,,,,,,,,,,,,,,,,,,,,,,,,,,,,,,,,,,,,,,
子ども若者はぐくみ局,幼保総合支援室,1000000712,誕生院保育園,たんじょういんほいくえん,34.9339498,135.8126455,113,11,,601-1417,京都市伏見区日野西大道町21,,,075-571-0174,,,,,,,,,,,,,,,,,,,,,,,,,,,,,,,,,,,,,,
子ども若者はぐくみ局,幼保総合支援室,1000000713,あけぼのこども園,あけぼのこどもえん,34.94831,135.80865,113,11,,601-1375,京都市伏見区醍醐大構町1-5,,,075-571-0368,,,,,,,,,,認定こども園,,,,,,,,,,,,,,,,,,,,,,,,,,,,
子ども若者はぐくみ局,幼保総合支援室,1000000714,つくし保育園,つくしほいくえん,34.94241,135.8166,113,11,,601-1336,京都市伏見区醍醐柏森町25,,,075-571-7673,,,,,,,,,,,,,,,,,,,,,,,,,,,,,,,,,,,,,,
子ども若者はぐくみ局,幼保総合支援室,1000000715,石田保育園,いしだほいくえん,34.94079,135.80815,113,11,,601-1432,京都市伏見区石田内里町14,,,075-571-5887,,,,,,,,,,,,,,,,,,,,,,,,,,,,,,,,,,,,,,
子ども若者はぐくみ局,幼保総合支援室,1000000716,光の子保育園,ひかりのこほいくえん,34.94255,135.79491,113,11,,601-1463,京都市伏見区小栗栖中山田町59,,,075-571-6845,,,,,,,,,,,,,,,,,,,,,,,,,,,,,,,,,,,,,,
子ども若者はぐくみ局,幼保総合支援室,1000000717,おぐりすこども園,おぐりすこどもえん,34.94389,135.80284,113,11,,601-1456,京都市伏見区小栗栖南後藤町6,,,075-572-2221,,,,,,,,,,,,,,,,,,,,,,,,,,,,,,,,,,,,,,
子ども若者はぐくみ局,幼保総合支援室,1000000718,はなぶさ保育園,はなぶさほいくえん,34.94288,135.80201,113,11,,601-1438,京都市伏見区石田川向町1-7,,,075-572-9393,,,,,,,,,,,,,,,,,,,,,,,,,,,,,,,,,,,,,,
子ども若者はぐくみ局,幼保総合支援室,1000000719,くりのみ保育園,くりのみほいくえん,34.94301,135.79603,113,11,,601-1463,京都市伏見区小栗栖中山田町21-11,,,075-572-2887,,,,,,,,,,,,,,,,,,,,,,,,,,,,,,,,,,,,,,
子ども若者はぐくみ局,幼保総合支援室,1000000720,かすがのえんこども園,かすがのえんこどもえん,34.93807,135.81202,113,11,,601-1425,京都市伏見区日野田中町16,,,075-571-6111,075-573-5849,,,,,,,,,,,,,,,,,,,,,,,,,,,,,,,,,,,,,
子ども若者はぐくみ局,幼保総合支援室,1000000721,桜木こども園,さくらぎこどもえん,34.93609,135.80184,113,11,,601-1435,京都市伏見区石田桜木町3,,,075-571-5555,,,,,,,,,,認定こども園,,,,,,,,,,,,,,,,,,,,,,,,,,,,
子ども若者はぐくみ局,幼保総合支援室,1000000722,端山の丘こども園,はやまのおかこどもえん,34.94542,135.82023,113,11,,601-1333,京都市伏見区醍醐上端山町1-47,,,075-572-8702,,,,,,,,,,認定こども園,,,,,,,,,,,,,,,,,,,,,,,,,,,,
子ども若者はぐくみ局,幼保総合支援室,1000000723,大受保育園,おおうけほいくえん,34.94188,135.80496,113,11,,601-1431,京都市伏見区石田大受町77-4,,,075-572-9015,,,,,,,,,,,,,,,,,,,,,,,,,,,,,,,,,,,,,,
子ども若者はぐくみ局,幼保総合支援室,1000000724,中山保育園,なかやまほいくえん,34.95234,135.81403,113,11,,601-1373,京都市伏見区醍醐中山町39-13,,,075-571-6456,,,,,,,,,,,,,,,,,,,,,,,,,,,,,,,,,,,,,,
子ども若者はぐくみ局,幼保総合支援室,1000000726,かがやき保育園,かがやきほいくえん,34.9477,135.80485,113,11,,601-1446,京都市伏見区小栗栖北後藤町1,,,075-573-0150,,,,,,,,,,,,,,,,,,,,,,,,,,,,,,,,,,,,,,
子ども若者はぐくみ局,幼保総合支援室,1000000727,新林保育園,しんばやしほいくえん,34.96912,135.66955,113,10,,610-1141,京都市西京区大枝西新林町4-3,,,075-331-9087,,,,,,,,,,,,,,,,,,,,,,,,,,,,,,,,,,,,,,
子ども若者はぐくみ局,幼保総合支援室,1000000728,さふらん保育園,さふらんほいくえん,34.96468,135.67019,113,10,,610-1146,京都市西京区大原野西境谷町2-7,,,075-331-7622,,,,,,,,,,,,,,,,,,,,,,,,,,,,,,,,,,,,,,
子ども若者はぐくみ局,幼保総合支援室,1000000729,大原野こども園,おおはらのこどもえん,34.94752,135.67271,113,10,,610-1131,京都市西京区大原野上羽町318-2,,,075-332-0666,,,,,,,,,,認定こども園,,,,,,,,,,,,,,,,,,,,,,,,,,,,
子ども若者はぐくみ局,幼保総合支援室,1000000730,福西保育園,ふくにしほいくえん,34.95929,135.68227,113,10,,610-1113,京都市西京区大枝南福西町1-2,,,075-332-2660,,,,,,,,,,,,,,,,,,,,,,,,,,,,,,,,,,,,,,
子ども若者はぐくみ局,幼保総合支援室,1000000731,竹の里保育園,たけのさとほいくえん,34.95687,135.6749,113,10,,610-1145,京都市西京区大原野西竹の里町2-4,,,075-332-3512,,,,,,,,,,,,,,,,,,,,,,,,,,,,,,,,,,,,,,
子ども若者はぐくみ局,幼保総合支援室,1000000732,上里竹の子こども園,かみさとたけのここどもえん,34.95175,135.68689,113,10,,610-1121,京都市西京区大原野上里北ﾉ町648,,,075-332-7920,,,,,,,,,,認定こども園,,,,,,,,,,,,,,,,,,,,,,,,,,,,
子ども若者はぐくみ局,幼保総合支援室,1000000733,東桂坂保育園,ひがしかつらざかほいくえん,34.98264,135.67441,113,10,,610-1103,京都市西京区御陵峰ヶ堂町二丁目14,,,075-382-1050,,,,,,,,,,,,,,,,,,,,,,,,,,,,,,,,,,,,,,
子ども若者はぐくみ局,育成推進課,1000000734,こども体育館,こどもたいいくかん,35.05446,135.77674,132,3,京都市こども体育館は、児童スポーツの機会提供を目的にされた体育館です。市民のスポーツ活動の一層の振興を図るため、高校生・学生・大人の団体の皆様にもご利用いただけるようになっております。,606-0921,京都市左京区松ケ崎平田町,,京都市,075-723-5283,075-723-7932,http://www.city.kyoto.lg.jp/hagukumi/page/0000135508.html,アリーナ、会議室、更衣室、観覧席75席等,利用時間：9:00〜18:00,年末年始（12月29日〜1月3日）,こどもの団体（中学生以下の団体）は無料、一般の団体は有料（詳細はホームページを御覧ください）,地下鉄「松ヶ崎駅」より徒歩５分,ホームページを御覧ください。,ホームページを御覧ください。,,,,,,,,,,,,,,,,,,,,,,,,,,,,,
教育委員会事務局,生徒指導課,1000000735,京都万華鏡ミュージアム姉小路館,きょうとまんげきょうみゅーじあむあねやこうじかん,35.00973,135.7619,126,4,万華鏡を専門に収集・展示しているミュージアムです。万華鏡の展示・販売の他、万華鏡の手作り体験教室等も実施しています。,604-8184,京都市中京区姉小路通東洞院東入曇華院前町706-3,,特定非営利活動法人　京都万華鏡こう房,075-254-7902,075-254-7902,http://k-kaleido.org/,万華鏡展示スペース、ミュージアムショップ、カフェテリア、アートギャラリー,10:00 〜 18:00 (最終入館 17:30）,毎週月曜日（祝日の場合は開館、翌日閉館）、年末年始,ホームページを御覧ください。,"地下鉄「烏丸御池」から徒歩３分市バス・京都バス「烏丸御池」から徒歩３分",,,,,,,,,,,,,,,,,,,,,,,,,,,,,,,
消防局,支援課,1000000737,消防活動総合センター,しょうぼうかつどうそうごうせんたー,34.9542,135.7333,106,8,,601-8166,京都市南区上鳥羽塔ノ森下開ノ内94-4,,,075-671-2119,075-671-2137,,,,,,,,,,,,,,,,,,,,,,,,,,,,,,,,,,,,,
消防局,教育管理課,1000000738,京都市消防学校,きょうとししょうぼうがっこう,34.95620151,135.732286,106,11,,601-8166,京都市南区上鳥羽塔ノ森下開ノ内21番地の3,,,075-682-0119,075-671-1195,,,,,,,,,,,,,,,,,,,,,,,,,,,,,,,,,,,,,
消防局,消防救助課,1000000739,京都消防へリポート,きょうとしょうぼうへりぽーと,34.91815,135.73862,106,11,,612-8244,京都市伏見区横大路千両松町,,,075-621-1834,075-621-1683,,,,,,,,,,,,,,,,,,,,,,,,,,,,,,,,,,,,,
教育委員会事務局,総務部　学校事務支援室,1000000740,元町小学校,もとまちしょうがっこう,35.050445,135.7541881,122,1,,603-8113,京都市北区小山西元町14,,,075-491-7690,075-491-7921,http://www.edu.city.kyoto.jp/hp/motomachi-s/,,,,,,,,,,,,,,,,,,,,,,,,,,,,,,,,,,,,
教育委員会事務局,総務部　学校事務支援室,1000000741,上賀茂小学校,かみがもしょうがっこう,35.056704,135.757638,122,1,,603-8073,京都市北区上賀茂烏帽子ヶ垣内町1,,,075-711-0804,075-781-0480,http://www.edu.city.kyoto.jp/hp/kamigamo-s/,,,,,,,,,,,,,,,,,,,,,,,,,,,,,,,,,,,,
教育委員会事務局,総務部　学校事務支援室,1000000742,柊野小学校,ひらぎのしょうがっこう,35.069468,135.745635,122,1,,603-8031,京都市北区上賀茂女夫岩町21,,,075-791-4700,075-722-7310,http://www.edu.city.kyoto.jp/hp/hiragino-s/,,,,,,,,,,,,,,,,,,,,,,,,,,,,,,,,,,,,
教育委員会事務局,総務部　学校事務支援室,1000000743,大宮小学校,おおみやしょうがっこう,35.05895,135.746661,122,1,,603-8837,京都市北区大宮中ノ社町37,,,075-491-0783,075-492-4221,http://www.edu.city.kyoto.jp/hp/omiya-s/,,,,,,,,,,,,,,,,,,,,,,,,,,,,,,,,,,,,
教育委員会事務局,総務部　学校事務支援室,1000000745,待鳳小学校,たいほうしょうがっこう,35.04932694,135.7464861,122,1,,603-8426,京都市北区紫竹西北町1-3,,,075-491-4343,075-491-4344,http://www.edu.city.kyoto.jp/hp/taiho-s/,,,,,,,,,,,,,,,,,,,,,,,,,,,,,,,,,,,,
教育委員会事務局,総務部　学校事務支援室,1000000746,鳳徳小学校,ほうとくしょうがっこう,35.045198,135.752303,122,1,,603-8176,京都市北区紫野上鳥田町30,,,075-491-3592,075-491-0616,http://www.edu.city.kyoto.jp/hp/hotoku-s/,,,,,,,,,,,,,,,,,,,,,,,,,,,,,,,,,,,,
教育委員会事務局,総務部　学校事務支援室,1000000747,紫竹小学校,しちくしょうがっこう,35.053564,135.750458,122,1,,603-8422,京都市北区紫竹下園生町26,,,075-491-6005,075-491-6125,http://www.edu.city.kyoto.jp/hp/shichiku-s/,,,,,,,,,,,,,,,,,,,,,,,,,,,,,,,,,,,,
教育委員会事務局,総務部　学校事務支援室,1000000748,鷹峯小学校,たかがみねしょうがっこう,35.05447,135.73095,122,1,,603-8468,京都市北区鷹峯北鷹峯町12,,,075-491-3607,075-491-3697,http://www.edu.city.kyoto.jp/hp/takagamine-s/,,,,,,,,,,,,,,,,,,,,,,,,,,,,,,,,,,,,
教育委員会事務局,総務部　学校事務支援室,1000000749,紫明小学校,しめいしょうがっこう,35.042653,135.756657,122,1,,603-8162,京都市北区小山東大野町55,,,075-451-2156,075-431-5811,http://www.edu.city.kyoto.jp/hp/shimei-s/,,,,,,,,,,,,,,,,,,,,,,,,,,,,,,,,,,,,
教育委員会事務局,総務部　学校事務支援室,1000000750,紫野小学校,むらさきのしょうがっこう,35.03988611,135.7455531,122,1,,603-8222,京都市北区紫野下築山町21,,,075-441-4606,075-451-6631,http://www.edu.city.kyoto.jp/hp/murasakino-s/,,,,,,,,,,,,,,,,,,,,,,,,,,,,,,,,,,,,
教育委員会事務局,総務部　学校事務支援室,1000000753,衣笠小学校,きぬがさしょうがっこう,35.030084,135.732724,122,1,,603-8322,京都市北区平野宮本町19-6,,,075-462-0034,075-462-0618,http://www.edu.city.kyoto.jp/hp/kinugasa-s/,,,,,,,,,,,,,,,,,,,,,,,,,,,,,,,,,,,,
教育委員会事務局,総務部　学校事務支援室,1000000754,金閣小学校,きんかくしょうがっこう,35.03642194,135.7281931,122,1,,603-8355,京都市北区平野上柳町61-1,,,075-462-1700,075-462-1701,http://www.edu.city.kyoto.jp/hp/kinkaku-s/,,,,,,,,,,,,,,,,,,,,,,,,,,,,,,,,,,,,
教育委員会事務局,総務部　学校事務支援室,1000000755,大将軍小学校,だいしょうぐんしょうがっこう,35.024233,135.728729,122,1,,603-8337,京都市北区大将軍南一条町48-2,,,075-461-4310　,075-461-4342,http://www.edu.city.kyoto.jp/hp/daishogun-s/,,,,,,,,,,,,,,,,,,,,,,,,,,,,,,,,,,,,
教育委員会事務局,総務部　学校事務支援室,1000000756,中川小学校,なかがわしょうがっこう,35.09007,135.68813,122,1,,601-0122,京都市北区中川北山町46,,,075-406-2331　,075-406-2334,http://www.edu.city.kyoto.jp/hp/nakagawa-s/,,,,,,,,,,,,,,,,,,,,,,,,,,,,,,,,,,,,
教育委員会事務局,総務部　学校事務支援室,1000000757,室町小学校,むろまちしょうがっこう,35.03355,135.7585,122,2,,602-0029,京都市上京区室町通上立売上ル室町頭町261,,,075-431-0358,075-431-0359,http://www.edu.city.kyoto.jp/hp/muromachi-s/,,,,,,,,,,,,,,,,,,,,,,,,,,,,,,,,,,,,
教育委員会事務局,総務部　学校事務支援室,1000000758,京極小学校,きょうごくしょうがっこう,35.027335,135.7676039,122,2,,602-0844,京都市上京区寺町通石薬師下る西側染殿町658,,,075-231-0959,075-231-7319,http://www.edu.city.kyoto.jp/hp/kyogoku-s/,,,,,,,,,,,,,,,,,,,,,,,,,,,,,,,,,,,,
教育委員会事務局,総務部　学校事務支援室,1000000759,新町小学校,しんまちしょうがっこう,35.02519306,135.756105,122,2,,602-0915,京都市上京区中立売通室町西入三丁町457,,,075-432-4190　,075-432-4191,http://www.edu.city.kyoto.jp/hp/shinmachi-s/,,,,,,,,,,,,,,,,,,,,,,,,,,,,,,,,,,,,
教育委員会事務局,総務部　学校事務支援室,1000000760,西陣中央小学校,にしじんちゅうおうしょうがっこう,35.0304,135.74812,122,2,,602-8441,京都市上京区大宮通今出川上ル観世町135-1,,,075-432-5522,075-432-5523,http://www.edu.city.kyoto.jp/hp/nishijinchuo-s/,,,,,,,,,,,,,,,,,,,,,,,,,,,,,,,,,,,,
教育委員会事務局,総務部　学校事務支援室,1000000761,乾隆小学校,けんりゅうしょうがっこう,35.033761,135.74258,122,2,,602-8303,京都市上京区寺之内通千本東入1丁目下る姥ヶ寺之前町919-3,,,075-451-0085,075-451-1319,http://www.edu.city.kyoto.jp/hp/kenryu-s/,,,,,,,,,,,,,,,,,,,,,,,,,,,,,,,,,,,,
教育委員会事務局,総務部　学校事務支援室,1000000762,翔鸞小学校,しょうらんしょうがっこう,35.03194,135.73813,122,2,,602-8393,京都市上京区御前通今出川上ル鳥居前町671,,,075-462-0084,075-462-0086,http://www.edu.city.kyoto.jp/hp/syoran-s/,,,,,,,,,,,,,,,,,,,,,,,,,,,,,,,,,,,,
教育委員会事務局,総務部　学校事務支援室,1000000763,仁和小学校,にんなしょうがっこう,35.02469306,135.7367431,122,2,,602-8377,京都市上京区御前通一条下る東竪町132-1,,,075-462-0092,075-462-0572,http://www.edu.city.kyoto.jp/hp/ninna-s/,,,,,,,,,,,,,,,,,,,,,,,,,,,,,,,,,,,,
教育委員会事務局,総務部　学校事務支援室,1000000764,正親小学校,せいしんしょうがっこう,35.024642,135.745504,122,2,,602-8266,京都市上京区浄福寺通中立売下る菱丸町173,,,075-451-009１,075-432-0852,http://www.edu.city.kyoto.jp/hp/seishin-s/,,,,,,,,,,,,,,,,,,,,,,,,,,,,,,,,,,,,
教育委員会事務局,総務部　学校事務支援室,1000000765,二条城北小学校,にじょうじょうきたしょうがっこう,35.01911,135.74516,122,2,,602-8158,京都市上京区浄福寺通下立売下る中務町487,,,075-841-8684,075- 841-8685,http://www.edu.city.kyoto.jp/hp/nijojokita-s/,,,,,,,,,,,,,,,,,,,,,,,,,,,,,,,,,,,,
教育委員会事務局,総務部　学校事務支援室,1000000766,御所南小学校,ごしょみなみしょうがっこう,35.0159,135.76448,122,4,,604-0973,京都市中京区柳馬場通夷川上ル五丁目242,,,075-223-0148,075-223-0149 ,http://www.edu.city.kyoto.jp/hp/goshominami-s/,,,,,,,,,,,,,,,,,,,,,,,,,,,,,,,,,,,,
教育委員会事務局,総務部　学校事務支援室,1000000767,高倉小学校,たかくらしょうがっこう,35.006971,135.762144,122,4,,604-8116,京都市中京区高倉通六角下る和久屋町343,,,075-211-8784,075-211-8785,http://www.edu.city.kyoto.jp/hp/takakura-s/,,,,,,,,,,,,,,,,,,,,,,,,,,,,,,,,,,,,
教育委員会事務局,総務部　学校事務支援室,1000000768,洛中小学校,らくちゅうしょうがっこう,35.00598,135.74728,122,4,,604-8804,京都市中京区壬生坊城町57-1,,,075-841-0260,075-841-0396,http://www.edu.city.kyoto.jp/hp/rakuchu-s/,,,,,,,,,,,,,,,,,,,,,,,,,,,,,,,,,,,,
教育委員会事務局,総務部　学校事務支援室,1000000769,朱雀第一小学校,すざくだいいちしょうがっこう,35.007564,135.743275,122,4,,604-8871,京都市中京区壬生朱雀町8-2,,,075-841-3201,075-841-3207,http://www.edu.city.kyoto.jp/hp/suzakudai1-s/,,,,,,,,,,,,,,,,,,,,,,,,,,,,,,,,,,,,
教育委員会事務局,総務部　学校事務支援室,1000000770,朱雀第二小学校,すざくだいにしょうがっこう,35.01801,135.736494,122,4,,604-8491,京都市中京区西ノ京左馬寮町3-1,,,075-841-3202  ,075-841-3216,http://www.edu.city.kyoto.jp/hp/suzakudai2-s/,,,,,,,,,,,,,,,,,,,,,,,,,,,,,,,,,,,,
教育委員会事務局,総務部　学校事務支援室,1000000771,朱雀第三小学校,すざくだいさんしょうがっこう,34.99824,135.740008,122,4,,604-8823,京都市中京区壬生松原町81,,,075-312-3203  ,075-312-3343,http://www.edu.city.kyoto.jp/hp/suzakudai3-s/,,,,,,,,,,,,,,,,,,,,,,,,,,,,,,,,,,,,
教育委員会事務局,総務部　学校事務支援室,1000000772,朱雀第四小学校,すざくだいよんしょうがっこう,35.01406889,135.7336519,122,4,,604-8482,京都市中京区西ノ京笠殿町164,,,075-841-3204,075-841-3208,http://www.edu.city.kyoto.jp/hp/suzakudai4-s/,,,,,,,,,,,,,,,,,,,,,,,,,,,,,,,,,,,,
教育委員会事務局,総務部　学校事務支援室,1000000773,朱雀第六小学校,すざくだいろくしょうがっこう,35.01649111,135.7384681,122,4,,604-8405,京都市中京区西ノ京車坂町15-5,,,075-841-3206,075-841-3218,http://www.edu.city.kyoto.jp/hp/suzakudai6-s/,,,,,,,,,,,,,,,,,,,,,,,,,,,,,,,,,,,,
教育委員会事務局,総務部　学校事務支援室,1000000774,朱雀第七小学校,すざくだいななしょうがっこう,35.003032,135.735628,122,4,,604-8841,京都市中京区壬生東土居ノ内町20,,,075-311-0307,075-311-4697,http://www.edu.city.kyoto.jp/hp/suzakudai7-s/,,,,,,,,,,,,,,,,,,,,,,,,,,,,,,,,,,,,
教育委員会事務局,総務部　学校事務支援室,1000000775,朱雀第八小学校,すざくだいはちしょうがっこう,35.016644,135.728786,122,4,,604-8475,京都市中京区西ノ京中御門西町25,,,075-841-0080,075-841-0227,http://www.edu.city.kyoto.jp/hp/suzakudai8-s/,,,,,,,,,,,,,,,,,,,,,,,,,,,,,,,,,,,,
教育委員会事務局,総務部　学校事務支援室,1000000776,洛央小学校,らくおうしょうがっこう,35.001529,135.761852,122,7,,600-8094,京都市下京区仏光寺通東洞院東入仏光寺西町345-1,,,075-344-2093　,075-344-2097,http://www.edu.city.kyoto.jp/hp/rakuo-s/,,,,,,,,,,,,,,,,,,,,,,,,,,,,,,,,,,,,
教育委員会事務局,総務部　学校事務支援室,1000000782,梅小路小学校,うめこうじしょうがっこう,34.988367,135.745474,122,7,,600-8835,京都市下京区観喜寺町3,,,075-371-7303,075-371-6019,http://www.edu.city.kyoto.jp/hp/umekouji-s/,,,,,,,,,,,,,,,,,,,,,,,,,,,,,,,,,,,,
教育委員会事務局,総務部　学校事務支援室,1000000783,光徳小学校,こうとくしょうがっこう,34.996739,135.743822,122,7,,600-8811,京都市下京区中堂寺坊城町26-1,,,075-841-3992,075-841-3978,http://www.edu.city.kyoto.jp/hp/kotoku-s/,,,,,,,,,,,,,,,,,,,,,,,,,,,,,,,,,,,,
教育委員会事務局,総務部　学校事務支援室,1000000784,七条小学校,しちじょうしょうがっこう,34.987183,135.734968,122,7,,600-8875,京都市下京区西七条石井町61,,,075-313-0077,075-313-0094,http://www.edu.city.kyoto.jp/hp/shitijo-s/,,,,,,,,,,,,,,,,,,,,,,,,,,,,,,,,,,,,
教育委員会事務局,総務部　学校事務支援室,1000000785,西大路小学校,にしおおじしょうがっこう,34.986998,135.727619,122,7,,600-8865,京都市下京区七条御所ノ内西町71-1,,,075-313-0501,075-313-4912,http://www.edu.city.kyoto.jp/hp/nishioji-s/,,,,,,,,,,,,,,,,,,,,,,,,,,,,,,,,,,,,
教育委員会事務局,総務部　学校事務支援室,1000000786,七条第三小学校,しちじょうだいさんしょうがっこう,34.99335111,135.7336111,122,7,,600-8896,京都市下京区西七条西石ヶ坪町5,,,075-313-7380,075-313-6156,http://www.edu.city.kyoto.jp/hp/shitijodai3-s/,,,,,,,,,,,,,,,,,,,,,,,,,,,,,,,,,,,,
教育委員会事務局,総務部　学校事務支援室,1000000787,九条弘道小学校,くじょうこうどうしょうがっこう,34.98107389,135.7545381,122,8,,601-8413,京都市南区西九条春日町13,,,075-671-6981,075-691-3458,http://www.edu.city.kyoto.jp/hp/kujokodo-s/,,,,,,,,,,,,,,,,,,,,,,,,,,,,,,,,,,,,
教育委員会事務局,総務部　学校事務支援室,1000000788,九条塔南小学校,くじょうとうなんしょうがっこう,34.975966,135.748669,122,8,,601-8442,京都市南区西九条御幸田町109,,,075-691-1540,075-691-1575,http://www.edu.city.kyoto.jp/hp/kujotonan-s/,,,,,,,,,,,,,,,,,,,,,,,,,,,,,,,,,,,,
教育委員会事務局,総務部　学校事務支援室,1000000789,南大内小学校,みなみおおうちしょうがっこう,34.980265,135.744485,122,8,,601-8475,京都市南区八条内田町20-2,,,075-691-8458,075-691-8476,http://www.edu.city.kyoto.jp/hp/minamiouchi-s/,,,,,,,,,,,,,,,,,,,,,,,,,,,,,,,,,,,,
教育委員会事務局,総務部　学校事務支援室,1000000790,唐橋小学校,からはししょうがっこう,34.97958,135.737805,122,8,,601-8466,京都市南区唐橋西寺町65,,,075-691-8001,075-691-6798,http://www.edu.city.kyoto.jp/hp/karahashi-s/,,,,,,,,,,,,,,,,,,,,,,,,,,,,,,,,,,,,
教育委員会事務局,総務部　学校事務支援室,1000000794,吉祥院小学校,きっしょういんしょうがっこう,34.97484194,135.7324581,122,8,,601-8330,京都市南区吉祥院船戸町34,,,075-671-5395,075-671-5396,http://www.edu.city.kyoto.jp/hp/kisyoin-s/,,,,,,,,,,,,,,,,,,,,,,,,,,,,,,,,,,,,
教育委員会事務局,総務部　学校事務支援室,1000000795,祥栄小学校,しょうえいしょうがっこう,34.96763694,135.7372369,122,8,,601-8344,京都市南区吉祥院蒔絵町14,,,075-681-1556,075-681-1557,http://www.edu.city.kyoto.jp/hp/syouei-s/,,,,,,,,,,,,,,,,,,,,,,,,,,,,,,,,,,,,
教育委員会事務局,総務部　学校事務支援室,1000000796,祥豊小学校,しょうほうしょうがっこう,34.977533,135.728027,122,8,,601-8319,京都市南区吉祥院三ノ宮町23,,,075-691-2486,075-691-2079,http://www.edu.city.kyoto.jp/hp/syoho-s/,,,,,,,,,,,,,,,,,,,,,,,,,,,,,,,,,,,,
教育委員会事務局,総務部　学校事務支援室,1000000797,上鳥羽小学校,かみとばしょうがっこう,34.96430194,135.743625,122,8,,601-8137,京都市南区上鳥羽城ヶ前町236,,,075-691-0393,075-691-6060,http://www.edu.city.kyoto.jp/hp/kamitoba-s/,,,,,,,,,,,,,,,,,,,,,,,,,,,,,,,,,,,,
教育委員会事務局,総務部　学校事務支援室,1000000798,大藪小学校,おおやぶしょうがっこう,34.96024,135.718548,122,8,,601-8206,京都市南区久世大藪町62,,,075-921-3303,075-933-3600,http://www.edu.city.kyoto.jp/hp/oyabu-s/,,,,,,,,,,,,,,,,,,,,,,,,,,,,,,,,,,,,
教育委員会事務局,総務部　学校事務支援室,1000000799,久世西小学校,くぜにししょうがっこう,34.963058,135.714401,122,8,,601-8212,京都市南区久世上久世町454,,,075-934-0460,075-934-0479,http://www.edu.city.kyoto.jp/hp/kuzenishi-s/,,,,,,,,,,,,,,,,,,,,,,,,,,,,,,,,,,,,
教育委員会事務局,総務部　学校事務支援室,1000000800,明徳小学校,めいとくしょうがっこう,35.075459,135.786531,122,3,,606-0021,京都市左京区岩倉忠在地町221,,,075-701-0111,075-701-0112,http://www.edu.city.kyoto.jp/hp/meitoku-s/,,,,,,,,,,,,,,,,,,,,,,,,,,,,,,,,,,,,
教育委員会事務局,総務部　学校事務支援室,1000000801,岩倉南小学校,いわくらみなみしょうがっこう,35.067027,135.784482,122,3,,606-0010,京都市左京区岩倉北四ノ坪町33,,,075-791-3207,075-791-3208,http://www.edu.city.kyoto.jp/hp/iwakuraminami-s/,,,,,,,,,,,,,,,,,,,,,,,,,,,,,,,,,,,,
教育委員会事務局,総務部　学校事務支援室,1000000802,岩倉北小学校,いわくらきたしょうがっこう,35.08543111,135.7880489,122,3,,606-0021,京都市左京区岩倉忠在地町5,,,075-721-5618,075-722-0690,http://www.edu.city.kyoto.jp/hp/iwakurakita-s/,,,,,,,,,,,,,,,,,,,,,,,,,,,,,,,,,,,,
教育委員会事務局,総務部　学校事務支援室,1000000803,八瀬小学校,やせしょうがっこう,35.084915,135.81738,122,3,,601-1252,京都市左京区八瀬秋元町324-１,,,075-781-5092,075-781-6049,http://www.edu.city.kyoto.jp/hp/yase-s/,,,,,,,,,,,,,,,,,,,,,,,,,,,,,,,,,,,,
教育委員会事務局,総務部　学校事務支援室,1000000804,大原小中学校,おおはらしょうちゅうがっこう,35.121205,135.828848,139,3,,601-1242,京都市左京区大原来迎院町22,,,075-744-2004,075-744-2079,http://www.edu.city.kyoto.jp/hp/ohara-s/,,,,,,,,,,,,,,,,,,,,,,,,,,,,,,,,,,,,
教育委員会事務局,総務部　学校事務支援室,1000000805,市原野小学校,いちはらのしょうがっこう,35.08986889,135.7645939,122,3,,601-1122,京都市左京区静市野中町105,,,075-741-2450,075-741-2195,http://www.edu.city.kyoto.jp/hp/ichiharano-s/,,,,,,,,,,,,,,,,,,,,,,,,,,,,,,,,,,,,
教育委員会事務局,総務部　学校事務支援室,1000000808,花背小中学校,はなせしょうちゅうがっこう,35.208824,135.774485,139,3,,601-1104,京都市左京区花脊大布施町797,,,075-746-0131,075-746-0272,http://www.edu.city.kyoto.jp/hp/hanase-sc/,,,,,,,,,,,,,,,,,,,,,,,,,,,,,,,,,,,,
教育委員会事務局,総務部　学校事務支援室,1000000809,錦林小学校,きんりんしょうがっこう,35.018116,135.782368,122,3,,606-8322,京都市左京区岡崎入江町1-1,,,075-771-0921,075-771-3622,http://www.edu.city.kyoto.jp/hp/kinrin-s/,,,,,,,,,,,,,,,,,,,,,,,,,,,,,,,,,,,,
教育委員会事務局,総務部　学校事務支援室,1000000810,第三錦林小学校,だいさんきんりんしょうがっこう,35.018845,135.792992,122,3,,606-8424,京都市左京区鹿ヶ谷宮ノ前町6,,,075-771-4844,075-771-0923,http://www.edu.city.kyoto.jp/hp/dai3kinrin-s/,,,,,,,,,,,,,,,,,,,,,,,,,,,,,,,,,,,,
教育委員会事務局,総務部　学校事務支援室,1000000811,第四錦林小学校,だいよんきんりんしょうがっこう,35.02546,135.77484,122,3,,606-8307,京都市左京区吉田上阿達町15-2,,,075-771-0384,075-761-0004,http://www.edu.city.kyoto.jp/hp/dai4kinrin-s/,,,,,,,,,,,,,,,,,,,,,,,,,,,,,,,,,,,,
教育委員会事務局,総務部　学校事務支援室,1000000813,北白川小学校,きたしらかわしょうがっこう,35.032037,135.792684,122,3,,606-8276,京都市左京区北白川別当町70,,,075-791-1158,075-791-1159,http://www.edu.city.kyoto.jp/hp/kitashirakawa-s/,,,,,,,,,,,,,,,,,,,,,,,,,,,,,,,,,,,,
教育委員会事務局,総務部　学校事務支援室,1000000814,養正小学校,ようせいしょうがっこう,35.0322,135.77878,122,3,,606-8226,京都市左京区田中飛鳥井町1,,,075-791-7184,075-791-7185,http://www.edu.city.kyoto.jp/hp/yousei-s/,,,,,,,,,,,,,,,,,,,,,,,,,,,,,,,,,,,,
教育委員会事務局,総務部　学校事務支援室,1000000815,養徳小学校,ようとくしょうがっこう,35.037714,135.783739,122,3,,606-8237,京都市左京区田中上大久保町24,,,075-721-6623,075-721-6624,http://www.edu.city.kyoto.jp/hp/yotoku-s/,,,,,,,,,,,,,,,,,,,,,,,,,,,,,,,,,,,,
教育委員会事務局,総務部　学校事務支援室,1000000816,下鴨小学校,しもがもしょうがっこう,35.037413,135.768453,122,3,,606-0802,京都市左京区下鴨宮崎町4-2,,,075-781-0382,075-781-6976,http://www.edu.city.kyoto.jp/hp/shimogamo-s/,,,,,,,,,,,,,,,,,,,,,,,,,,,,,,,,,,,,
教育委員会事務局,総務部　学校事務支援室,1000000817,葵小学校,あおいしょうがっこう,35.045455,135.7731919,122,3,,606-0852,京都市左京区下鴨東梅ノ木町8,,,075-701-7151,075-701-7152,http://www.edu.city.kyoto.jp/hp/aoi-s/,,,,,,,,,,,,,,,,,,,,,,,,,,,,,,,,,,,,
教育委員会事務局,総務部　学校事務支援室,1000000818,修学院小学校,しゅうがくいんしょうがっこう,35.05299194,135.7942661,122,3,,606-8021,京都市左京区修学院沖殿町1,,,075-781-4439,075-781-5422,http://www.edu.city.kyoto.jp/hp/syugakuin-s/,,,,,,,,,,,,,,,,,,,,,,,,,,,,,,,,,,,,
教育委員会事務局,総務部　学校事務支援室,1000000819,上高野小学校,かみたかのしょうがっこう,35.06129806,135.7952711,122,3,,606-0083,京都市左京区上高野松田町8,,,075-701-3995,075-711-1990,http://www.edu.city.kyoto.jp/hp/kamitakano-s/,,,,,,,,,,,,,,,,,,,,,,,,,,,,,,,,,,,,
教育委員会事務局,総務部　学校事務支援室,1000000820,修学院第二小学校,しゅうがくいんだいにしょうがっこう,35.04504306,135.7886611,122,3,,606-8115,京都市左京区一乗寺里ノ西町35,,,075-781-5400,075-791-5400,http://www.edu.city.kyoto.jp/hp/syugakuindai2-s/,,,,,,,,,,,,,,,,,,,,,,,,,,,,,,,,,,,,
教育委員会事務局,総務部　学校事務支援室,1000000821,松ヶ崎小学校,まつがさきしょうがっこう,35.05300611,135.7820269,122,3,,606-0945,京都市左京区松ヶ崎堀町40,,,075-781-3380,075-781-3252,http://www.edu.city.kyoto.jp/hp/matsugasaki-s/,,,,,,,,,,,,,,,,,,,,,,,,,,,,,,,,,,,,
教育委員会事務局,総務部　学校事務支援室,1000000830,山階小学校,さんかいしょうがっこう,34.98379,135.81332,122,6,,607-8344,京都市山科区西野大手先町21,,,075-581-2143,075-581-2144,http://www.edu.city.kyoto.jp/hp/sankai-s/,,,,,,,,,,,,,,,,,,,,,,,,,,,,,,,,,,,,
教育委員会事務局,総務部　学校事務支援室,1000000831,西野小学校,にしのしょうがっこう,34.98228889,135.8032511,122,6,,607-8357,京都市山科区西野櫃川町34,,,075-501-5700,075-501-5371,http://www.edu.city.kyoto.jp/hp/nishino-s/,,,,,,,,,,,,,,,,,,,,,,,,,,,,,,,,,,,,
教育委員会事務局,総務部　学校事務支援室,1000000832,山階南小学校,さんかいみなみしょうがっこう,34.977285,135.807409,122,6,,607-8152,京都市山科区東野八代10,,,075-592-2849,075-592-2851,http://www.edu.city.kyoto.jp/hp/sankaiminami-s/,,,,,,,,,,,,,,,,,,,,,,,,,,,,,,,,,,,,
教育委員会事務局,総務部　学校事務支援室,1000000833,安朱小学校,あんしゅしょうがっこう,34.99621694,135.8182589,122,6,,607-8015,京都市山科区安朱山川町17,,,075-591-0001,075-591-7972,http://www.edu.city.kyoto.jp/hp/ansyu-s/,,,,,,,,,,,,,,,,,,,,,,,,,,,,,,,,,,,,
教育委員会事務局,総務部　学校事務支援室,1000000834,鏡山小学校,かがみやましょうがっこう,34.990547,135.806023,122,6,,607-8428,京都市山科区御陵血洗町18,,,075-581-2183,075-581-2184,http://www.edu.city.kyoto.jp/hp/kagamiyama-s/,,,,,,,,,,,,,,,,,,,,,,,,,,,,,,,,,,,,
教育委員会事務局,総務部　学校事務支援室,1000000835,陵ヶ岡小学校,りょうがおかしょうがっこう,34.99273611,135.802975,122,6,,607-8431,京都市山科区御陵岡町45,,,075-591-0002,075-581-2980,http://www.edu.city.kyoto.jp/hp/ryogaoka-s/,,,,,,,,,,,,,,,,,,,,,,,,,,,,,,,,,,,,
教育委員会事務局,総務部　学校事務支援室,1000000836,音羽小学校,おとわしょうがっこう,34.98582611,135.82501,122,6,,607-8066,京都市山科区音羽森廻リ町32,,,075-592-0001,075-592-0002,http://www.edu.city.kyoto.jp/hp/otowa-s/,,,,,,,,,,,,,,,,,,,,,,,,,,,,,,,,,,,,
教育委員会事務局,総務部　学校事務支援室,1000000837,音羽川小学校,おとわがわしょうがっこう,34.98282389,135.8208181,122,6,,607-8073,京都市山科区音羽西林36,,,075-501-4414,075-501-4415,http://www.edu.city.kyoto.jp/hp/otowagawa-s/,,,,,,,,,,,,,,,,,,,,,,,,,,,,,,,,,,,,
教育委員会事務局,総務部　学校事務支援室,1000000838,大塚小学校,おおつかしょうがっこう,34.983035,135.829915,122,6,,607-8135,京都市山科区大塚野溝町59,,,075-592-6141,075-592-6029,http://www.edu.city.kyoto.jp/hp/otuka-s/,,,,,,,,,,,,,,,,,,,,,,,,,,,,,,,,,,,,
教育委員会事務局,総務部　学校事務支援室,1000000839,勧修小学校,かんしゅうしょうがっこう,34.969946,135.808367,122,6,,607-8211,京都市山科区勧修寺東栗栖野町42,,,075-591-0003,075-591-0004,http://www.edu.city.kyoto.jp/hp/kansyu-s/,,,,,,,,,,,,,,,,,,,,,,,,,,,,,,,,,,,,
教育委員会事務局,総務部　学校事務支援室,1000000840,小野小学校,おのしょうがっこう,34.963585,135.81161,122,6,,607-8251,京都市山科区小野蚊ヶ瀬町2,,,075-571-8282,075-571-8199,http://www.edu.city.kyoto.jp/hp/ono-s/,,,,,,,,,,,,,,,,,,,,,,,,,,,,,,,,,,,,
教育委員会事務局,総務部　学校事務支援室,1000000841,百々小学校,どどしょうがっこう,34.97667111,135.7962961,122,6,,607-8301,京都市山科区西野山百々町173-1,,,075-593-3250,075-593-3259,http://www.edu.city.kyoto.jp/hp/dodo-s/,,,,,,,,,,,,,,,,,,,,,,,,,,,,,,,,,,,,
教育委員会事務局,総務部　学校事務支援室,1000000842,大宅小学校,おおやけしょうがっこう,34.974184,135.823773,122,6,,607-8178,京都市山科区大宅五反畑町69-2,,,075-591-0015,075-591-0096,http://www.edu.city.kyoto.jp/hp/oyake-s/,,,,,,,,,,,,,,,,,,,,,,,,,,,,,,,,,,,,
教育委員会事務局,総務部　学校事務支援室,1000000843,嵯峨小学校,さがしょうがっこう,35.021654,135.676062,122,9,,616-8422,京都市右京区嵯峨釈迦堂大門町35-1,,,075-861-1543,075-861-1544,http://www.edu.city.kyoto.jp/hp/saga-s/,,,,,,,,,,,,,,,,,,,,,,,,,,,,,,,,,,,,
教育委員会事務局,総務部　学校事務支援室,1000000844,広沢小学校,ひろさわしょうがっこう,35.02248694,135.6874719,122,9,,616-8306,京都市右京区嵯峨広沢西裏町25,,,075-881-4978,075-881-4947,http://www.edu.city.kyoto.jp/hp/hirosawa-s/,,,,,,,,,,,,,,,,,,,,,,,,,,,,,,,,,,,,
教育委員会事務局,総務部　学校事務支援室,1000000845,嵐山小学校,あらしやましょうがっこう,35.01347,135.68651,122,9,,616-8363,京都市右京区嵯峨柳田町35-1,,,075-872-1466,075-872-1467,http://www.edu.city.kyoto.jp/hp/arashiyama-s/,,,,,,,,,,,,,,,,,,,,,,,,,,,,,,,,,,,,
教育委員会事務局,総務部　学校事務支援室,1000000846,宕陰小中学校,とういんしょうちゅうがっこう,35.08300194,135.6107989,139,9,,616-8486,京都市右京区嵯峨越畑南ノ町32-2,,,0771-44-0310,0771-44-0097,http://www.edu.city.kyoto.jp/hp/toin-s/,,,,,,,,,,,,,,,,,,,,,,,,,,,,,,,,,,,,
教育委員会事務局,総務部　学校事務支援室,1000000847,常磐野小学校,ときわのしょうがっこう,35.021911,135.702623,122,9,,616-8181,京都市右京区太秦京ノ道町20-5,,,075-872-9735,075-872-9751,http://www.edu.city.kyoto.jp/hp/tokiwano-s/,,,,,,,,,,,,,,,,,,,,,,,,,,,,,,,,,,,,
教育委員会事務局,総務部　学校事務支援室,1000000848,嵯峨野小学校,さがのしょうがっこう,35.012195,135.696023,122,9,,616-8321,京都市右京区嵯峨野千代ノ道町53,,,075-861-4177,075-861-4178,http://www.edu.city.kyoto.jp/hp/sagano-s/,,,,,,,,,,,,,,,,,,,,,,,,,,,,,,,,,,,,
教育委員会事務局,総務部　学校事務支援室,1000000849,御室小学校,おむろしょうがっこう,35.027001,135.716161,122,9,,616-8093,京都市右京区御室竪町19,,,075-462-0008,075-462-0199,http://www.edu.city.kyoto.jp/hp/omuro-s/,,,,,,,,,,,,,,,,,,,,,,,,,,,,,,,,,,,,
教育委員会事務局,総務部　学校事務支援室,1000000850,宇多野小学校,うたのしょうがっこう,35.03143611,135.7084519,122,9,,616-8252,京都市右京区宇多野上ノ谷8,,,075-462-8136,075-462-8140,http://www.edu.city.kyoto.jp/hp/utano-s/,,,,,,,,,,,,,,,,,,,,,,,,,,,,,,,,,,,,
教育委員会事務局,総務部　学校事務支援室,1000000851,花園小学校,はなぞのしょうがっこう,35.01901806,135.7221739,122,9,,616-8055,京都市右京区花園車道町1,,,075-841-6900,075-841-6904,http://www.edu.city.kyoto.jp/hp/hanazono-s/,,,,,,,,,,,,,,,,,,,,,,,,,,,,,,,,,,,,
教育委員会事務局,総務部　学校事務支援室,1000000852,高雄小学校,たかおしょうがっこう,35.045385,135.68196,122,9,,616-8283,京都市右京区梅ヶ畑奥殿町15,,,075-861-1028,075-871-2081,http://www.edu.city.kyoto.jp/hp/takao-s/,,,,,,,,,,,,,,,,,,,,,,,,,,,,,,,,,,,,
教育委員会事務局,総務部　学校事務支援室,1000000856,太秦小学校,うずまさしょうがっこう,35.01224611,135.7070789,122,9,,616-8127,京都市右京区太秦奥殿町1-1,,,075-861-1594,075-861-1595,http://www.edu.city.kyoto.jp/hp/uzumasa-s/,,,,,,,,,,,,,,,,,,,,,,,,,,,,,,,,,,,,
教育委員会事務局,総務部　学校事務支援室,1000000857,南太秦小学校,みなみうずまさしょうがっこう,35.009507,135.703405,122,9,,616-8146,京都市右京区太秦前ノ田町22,,,075-881-7781,075-872-1821,http://www.edu.city.kyoto.jp/hp/minamiuzumasa-s/,,,,,,,,,,,,,,,,,,,,,,,,,,,,,,,,,,,,
教育委員会事務局,総務部　学校事務支援室,1000000858,安井小学校,やすいしょうがっこう,35.014482,135.720385,122,9,,616-8075,京都市右京区太秦安井柳通町15,,,075-841-3130,075-811-3333,http://www.edu.city.kyoto.jp/hp/yasui-s/,,,,,,,,,,,,,,,,,,,,,,,,,,,,,,,,,,,,
教育委員会事務局,総務部　学校事務支援室,1000000859,西院小学校,さいいんしょうがっこう,35.005609,135.729011,122,9,,615-0015,京都市右京区西院春日町3-1,,,075-312-3993,075-312-3648,http://www.edu.city.kyoto.jp/hp/saiin-s/,,,,,,,,,,,,,,,,,,,,,,,,,,,,,,,,,,,,
教育委員会事務局,総務部　学校事務支援室,1000000860,山ノ内小学校,やまのうちしょうがっこう,35.00562,135.721627,122,9,,615-0084,京都市右京区山ノ内山ノ下町22,,,075-311-3546,075-311-3818,http://www.edu.city.kyoto.jp/hp/yamanouchi-s/,,,,,,,,,,,,,,,,,,,,,,,,,,,,,,,,,,,,
教育委員会事務局,総務部　学校事務支援室,1000000861,梅津小学校,うめづしょうがっこう,35.001432,135.69989,122,9,,615-0916,京都市右京区梅津中村町38,,,075-861-0009,075-881-0465,http://www.edu.city.kyoto.jp/hp/umedu-s/,,,,,,,,,,,,,,,,,,,,,,,,,,,,,,,,,,,,
教育委員会事務局,総務部　学校事務支援室,1000000862,梅津北小学校,うめづきたしょうがっこう,35.0062,135.7002631,122,9,,615-0931,京都市右京区梅津開キ町16,,,075-881-5130,075-881-5324,http://www.edu.city.kyoto.jp/hp/umedukita-s/,,,,,,,,,,,,,,,,,,,,,,,,,,,,,,,,,,,,
教育委員会事務局,総務部　学校事務支援室,1000000863,西京極小学校,にしきょうごくしょうがっこう,34.987485,135.7193281,122,9,,615-0826,京都市右京区西京極芝ノ下町31,,,075-313-1319,075-314-0009,http://www.edu.city.kyoto.jp/hp/nishikyogoku-s/,,,,,,,,,,,,,,,,,,,,,,,,,,,,,,,,,,,,
教育委員会事務局,総務部　学校事務支援室,1000000864,西京極西小学校,にしきょうごくにししょうがっこう,34.986223,135.716072,122,9,,615-0842,京都市右京区西京極藪開町4-1,,,075-315-1844,075-315-6471,http://www.edu.city.kyoto.jp/hp/nishikyogokunishi-s/,,,,,,,,,,,,,,,,,,,,,,,,,,,,,,,,,,,,
教育委員会事務局,総務部　学校事務支援室,1000000865,葛野小学校,かどのしょうがっこう,34.998266,135.718073,122,9,,615-0882,京都市右京区西京極葛野町2,,,075-311-3510,075-311-3557,http://www.edu.city.kyoto.jp/hp/kadono-s/,,,,,,,,,,,,,,,,,,,,,,,,,,,,,,,,,,,,
教育委員会事務局,総務部　学校事務支援室,1000000866,川岡小学校,かわおかしょうがっこう,34.975632,135.703624,122,10,,615-8106,京都市西京区川島滑樋町14,,,075-381-2032,075-391-5031,http://www.edu.city.kyoto.jp/hp/kawaoka-s/,,,,,,,,,,,,,,,,,,,,,,,,,,,,,,,,,,,,
教育委員会事務局,総務部　学校事務支援室,1000000867,川岡東小学校,かわおかひがししょうがっこう,34.975815,135.715007,122,10,,615-8033,京都市西京区下津林東大般若町44,,,075-392-8820,075-392-8827,http://www.edu.city.kyoto.jp/hp/kawaokahigashi-s/,,,,,,,,,,,,,,,,,,,,,,,,,,,,,,,,,,,,
教育委員会事務局,総務部　学校事務支援室,1000000868,樫原小学校,かたぎはらしょうがっこう,34.97258194,135.6969761,122,10,,615-8124,京都市西京区樫原三宅町24,,,075-391-5683,075-391-5675,http://www.edu.city.kyoto.jp/hp/katagihara-s/,,,,,,,,,,,,,,,,,,,,,,,,,,,,,,,,,,,,
教育委員会事務局,総務部　学校事務支援室,1000000869,松尾小学校,まつおしょうがっこう,34.992576,135.689427,122,10,,615-8283,京都市西京区松尾井戸町32,,,075-391-0221,075-391-0222,http://www.edu.city.kyoto.jp/hp/matsuo-s/,,,,,,,,,,,,,,,,,,,,,,,,,,,,,,,,,,,,
教育委員会事務局,総務部　学校事務支援室,1000000870,嵐山東小学校,あらしやまひがししょうがっこう,35.00746111,135.6864139,122,10,,616-0012,京都市西京区嵐山東海道町46,,,075-881-5120,075-881-5691,http://www.edu.city.kyoto.jp/hp/arashiyamahigashi-s/,,,,,,,,,,,,,,,,,,,,,,,,,,,,,,,,,,,,
教育委員会事務局,総務部　学校事務支援室,1000000871,松陽小学校,しょうようしょうがっこう,34.981836,135.689306,122,10,,615-8252,京都市西京区御陵北山下町15,,,075-391-3583,075-391-8883,http://www.edu.city.kyoto.jp/hp/syoyou-s/,,,,,,,,,,,,,,,,,,,,,,,,,,,,,,,,,,,,
教育委員会事務局,総務部　学校事務支援室,1000000872,桂小学校,かつらしょうがっこう,34.98277694,135.7004019,122,10,,615-8075,京都市西京区桂巽町75-5,,,075-391-1331,075-391-1587,http://www.edu.city.kyoto.jp/hp/katsura-s/,,,,,,,,,,,,,,,,,,,,,,,,,,,,,,,,,,,,
教育委員会事務局,総務部　学校事務支援室,1000000873,桂徳小学校,けいとくしょうがっこう,34.98919,135.70596,122,10,,615-8302,京都市西京区桂徳大寺南町2,,,075-381-7037,075-381-7038,http://www.edu.city.kyoto.jp/hp/keitoku-s/,,,,,,,,,,,,,,,,,,,,,,,,,,,,,,,,,,,,
教育委員会事務局,総務部　学校事務支援室,1000000874,桂川小学校,かつらがわしょうがっこう,34.99521,135.6999,122,10,,615-8006,京都市西京区桂上野西町274,,,075-392-0890,075-392-2541,http://www.edu.city.kyoto.jp/hp/katsuragawa-s/,,,,,,,,,,,,,,,,,,,,,,,,,,,,,,,,,,,,
教育委員会事務局,総務部　学校事務支援室,1000000875,桂東小学校,かつらひがししょうがっこう,34.97783,135.707765,122,10,,615-8026,京都市西京区桂市ノ前町31,,,075-381-2415,075-381-2009,http://www.edu.city.kyoto.jp/hp/katsurahigashi-s/,,,,,,,,,,,,,,,,,,,,,,,,,,,,,,,,,,,,
教育委員会事務局,総務部　学校事務支援室,1000000876,大枝小学校,おおえしょうがっこう,34.973686,135.672393,122,10,,610-1105,京都市西京区大枝塚原町4-44,,,075-331-0330,075-331-0173,http://www.edu.city.kyoto.jp/hp/ooe-s/,,,,,,,,,,,,,,,,,,,,,,,,,,,,,,,,,,,,
教育委員会事務局,総務部　学校事務支援室,1000000877,桂坂小学校,かつらざかしょうがっこう,34.986188,135.663812,122,10,,610-1102,京都市西京区御陵大枝山町二丁目1-52,,,075-333-1101,075-333-1102,http://www.edu.city.kyoto.jp/hp/katsurazaka-s/,,,,,,,,,,,,,,,,,,,,,,,,,,,,,,,,,,,,
教育委員会事務局,総務部　学校事務支援室,1000000878,新林小学校,しんばやししょうがっこう,34.968595,135.669906,122,10,,610-1141,京都市西京区大枝西新林町四丁目4,,,075-331-5811,075-331-5812,http://www.edu.city.kyoto.jp/hp/shinbayashi-s/,,,,,,,,,,,,,,,,,,,,,,,,,,,,,,,,,,,,
教育委員会事務局,総務部　学校事務支援室,1000000879,境谷小学校,さかいだにしょうがっこう,34.96286,135.671244,122,10,,610-1146,京都市西京区大原野西境谷町三丁目5,,,075-331-7423,075-331-7481,http://www.edu.city.kyoto.jp/hp/sakaidani-s/,,,,,,,,,,,,,,,,,,,,,,,,,,,,,,,,,,,,
教育委員会事務局,総務部　学校事務支援室,1000000881,上里小学校,かみざとしょうがっこう,34.952148,135.684736,122,10,,610-1123,京都市西京区大原野上里南ノ町300,,,075-333-2002,075-333-2003,http://www.edu.city.kyoto.jp/hp/kamizato-s/,,,,,,,,,,,,,,,,,,,,,,,,,,,,,,,,,,,,
教育委員会事務局,総務部　学校事務支援室,1000000883,大原野小学校,おおはらのしょうがっこう,34.953635,135.66676,122,10,,610-1132,京都市西京区大原野灰方町439,,,075-331-0005,075-331-0065,http://www.edu.city.kyoto.jp/hp/oharano-s/,,,,,,,,,,,,,,,,,,,,,,,,,,,,,,,,,,,,
教育委員会事務局,総務部　学校事務支援室,1000000884,深草小学校,ふかくさしょうがっこう,34.95605306,135.77199,122,11,,612-0876,京都市伏見区深草西伊達町82-3,,,075-641-0951,075-641-0798,http://www.edu.city.kyoto.jp/hp/fukakusa-s/,,,,,,,,,,,,,,,,,,,,,,,,,,,,,,,,,,,,
教育委員会事務局,総務部　学校事務支援室,1000000885,稲荷小学校,いなりしょうがっこう,34.969342,135.771596,122,11,,612-0806,京都市伏見区深草開土町12-1,,,075-641-0057,075-641-7660,http://www.edu.city.kyoto.jp/hp/inari-s/,,,,,,,,,,,,,,,,,,,,,,,,,,,,,,,,,,,,
教育委員会事務局,総務部　学校事務支援室,1000000886,藤ノ森小学校,ふじのもりしょうがっこう,34.948613,135.770896,122,11,,612-0045,京都市伏見区深草石橋町11-2,,,075-641-6305,075-641-7135,http://www.edu.city.kyoto.jp/hp/fujinomori-s/,,,,,,,,,,,,,,,,,,,,,,,,,,,,,,,,,,,,
教育委員会事務局,総務部　学校事務支援室,1000000887,藤城小学校,ふじしろしょうがっこう,34.941913,135.776054,122,11,,612-0852,京都市伏見区深草大亀谷五郎太町37,,,075-621-5580,075-621-5585,http://www.edu.city.kyoto.jp/hp/fujishiro-s/,,,,,,,,,,,,,,,,,,,,,,,,,,,,,,,,,,,,
教育委員会事務局,総務部　学校事務支援室,1000000888,砂川小学校,すながわしょうがっこう,34.96426306,135.7691569,122,11,,612-0016,京都市伏見区深草ケナサ町25-5,,,075-641-7118,075-641-7119,http://www.edu.city.kyoto.jp/hp/sunagawa-s/,,,,,,,,,,,,,,,,,,,,,,,,,,,,,,,,,,,,
教育委員会事務局,総務部　学校事務支援室,1000000889,竹田小学校,たけだしょうがっこう,34.955291,135.757212,122,11,,612-8421,京都市伏見区竹田桶ノ井町8-2,,,075-641-6278,075-641-6279,http://www.edu.city.kyoto.jp/hp/takeda-s/,,,,,,,,,,,,,,,,,,,,,,,,,,,,,,,,,,,,
教育委員会事務局,総務部　学校事務支援室,1000000890,桃山小学校,ももやましょうがっこう,34.932872,135.775204,122,11,,612-8027,京都市伏見区桃山町本多上野107,,,075-601-7286,075-601-7287,http://www.edu.city.kyoto.jp/hp/momoyama-s/,,,,,,,,,,,,,,,,,,,,,,,,,,,,,,,,,,,,
教育委員会事務局,総務部　学校事務支援室,1000000891,桃山東小学校,ももやまひがししょうがっこう,34.93546389,135.7869131,122,11,,612-8011,京都市伏見区桃山町伊庭12,,,075-621-1411,075-621-1422,http://www.edu.city.kyoto.jp/hp/momoyamahigashi-s/,,,,,,,,,,,,,,,,,,,,,,,,,,,,,,,,,,,,
教育委員会事務局,総務部　学校事務支援室,1000000892,桃山南小学校,ももやまみなみしょうがっこう,34.926204,135.788116,122,11,,612-8006,京都市伏見区桃山町大島38-109,,,075-621-6841,075-621-6842,http://www.edu.city.kyoto.jp/hp/momoyamaminami-s/,,,,,,,,,,,,,,,,,,,,,,,,,,,,,,,,,,,,
教育委員会事務局,総務部　学校事務支援室,1000000893,醍醐小学校,だいごしょうがっこう,34.950028,135.817926,122,11,,601-1325,京都市伏見区醍醐東大路町31-1,,,075-571-0001,075-571-7022,http://www.edu.city.kyoto.jp/hp/daigo-s/,,,,,,,,,,,,,,,,,,,,,,,,,,,,,,,,,,,,
教育委員会事務局,総務部　学校事務支援室,1000000896,池田小学校,いけだしょうがっこう,34.94563,135.8079519,122,11,,601-1363,京都市伏見区醍醐鍵尾町17,,,075-571-6872,075-571-6896,http://www.edu.city.kyoto.jp/hp/ikeda-s/,,,,,,,,,,,,,,,,,,,,,,,,,,,,,,,,,,,,
教育委員会事務局,総務部　学校事務支援室,1000000897,池田東小学校,いけだひがししょうがっこう,34.944875,135.8126581,122,11,,601-1355,京都市伏見区醍醐多近田町2-2,,,075-572-4505,075-572-4506,http://www.edu.city.kyoto.jp/hp/ikedahigashi-s/,,,,,,,,,,,,,,,,,,,,,,,,,,,,,,,,,,,,
教育委員会事務局,総務部　学校事務支援室,1000000898,春日野小学校,かすがのしょうがっこう,34.939589,135.81205,122,11,,601-1425,京都市伏見区日野田中町31,,,075-571-5550,075-571-7021,http://www.edu.city.kyoto.jp/hp/kasugano-s/,,,,,,,,,,,,,,,,,,,,,,,,,,,,,,,,,,,,
教育委員会事務局,総務部　学校事務支援室,1000000899,日野小学校,ひのしょうがっこう,34.938316,135.81625,122,11,,601-1406,京都市伏見区日野谷寺町78,,,075-573-1567,075-573-5491,http://www.edu.city.kyoto.jp/hp/hino-s/,,,,,,,,,,,,,,,,,,,,,,,,,,,,,,,,,,,,
教育委員会事務局,総務部　学校事務支援室,1000000901,醍醐西小学校,だいごにししょうがっこう,34.953435,135.8120881,122,11,,601-1378,京都市伏見区醍醐川久保町1,,,075-571-0221,075-571-4629,http://www.edu.city.kyoto.jp/hp/daigonishi-s/,,,,,,,,,,,,,,,,,,,,,,,,,,,,,,,,,,,,
教育委員会事務局,総務部　学校事務支援室,1000000902,北醍醐小学校,きただいごしょうがっこう,34.95708806,135.8221139,122,11,,601-1312,京都市伏見区醍醐片山町11,,,075-572-5353,075-572-2104,http://www.edu.city.kyoto.jp/hp/kitadaigo-s/,,,,,,,,,,,,,,,,,,,,,,,,,,,,,,,,,,,,
教育委員会事務局,総務部　学校事務支援室,1000000903,伏見板橋小学校,ふしみいたはししょうがっこう,34.938822,135.761259,122,11,,612-8073,京都市伏見区下板橋町610,,,075-611-5158,075-611-5290,http://www.edu.city.kyoto.jp/hp/itahashi-s/,,,,,,,,,,,,,,,,,,,,,,,,,,,,,,,,,,,,
教育委員会事務局,総務部　学校事務支援室,1000000904,伏見南浜小学校,ふしみみなみはましょうがっこう,34.928579,135.762681,122,11,,612-8044,京都市伏見区丹後町142,,,075-611-0091,075-611-5107,http://www.edu.city.kyoto.jp/hp/minamihama-s/,,,,,,,,,,,,,,,,,,,,,,,,,,,,,,,,,,,,
教育委員会事務局,総務部　学校事務支援室,1000000905,伏見住吉小学校,ふしみすみよししょうがっこう,34.94377389,135.7625589,122,11,,612-8314,京都市伏見区住吉町455,,,075-611-5243,075-611-6209,http://www.edu.city.kyoto.jp/hp/sumiyoshi-s/,,,,,,,,,,,,,,,,,,,,,,,,,,,,,,,,,,,,
教育委員会事務局,総務部　学校事務支援室,1000000906,下鳥羽小学校,しもとばしょうがっこう,34.939334,135.743995,122,11,,612-8471,京都市伏見区下鳥羽長田町203,,,075-611-0357,075-611-0419,http://www.edu.city.kyoto.jp/hp/shimotoba-s/,,,,,,,,,,,,,,,,,,,,,,,,,,,,,,,,,,,,
教育委員会事務局,総務部　学校事務支援室,1000000907,横大路小学校,よこおおじしょうがっこう,34.928127,135.734356,122,11,,612-8483,京都市伏見区横大路草津町54-1,,,075-601-0356,075-601-0384,http://www.edu.city.kyoto.jp/hp/yokooji-s/,,,,,,,,,,,,,,,,,,,,,,,,,,,,,,,,,,,,
教育委員会事務局,総務部　学校事務支援室,1000000908,納所小学校,のうそしょうがっこう,34.90978806,135.7195811,122,11,,612-8277,京都市伏見区納所妙徳寺1,,,075-631-2032,075-631-7201,http://www.edu.city.kyoto.jp/hp/nouso-s/,,,,,,,,,,,,,,,,,,,,,,,,,,,,,,,,,,,,
教育委員会事務局,総務部　学校事務支援室,1000000909,向島小学校,むかいじましょうがっこう,34.92654306,135.7707989,122,11,,612-8121,京都市伏見区向島善阿弥町2-3,,,075-601-8221,075-601-8222,http://www.edu.city.kyoto.jp/hp/mukaijima-s/,,,,,,,,,,,,,,,,,,,,,,,,,,,,,,,,,,,,
教育委員会事務局,総務部　学校事務支援室,1000000910,向島藤の木小学校,むかいじまふじのきしょうがっこう,34.920322,135.779984,122,11,,612-8132,京都市伏見区向島藤ノ木町82-5,,,075-623-0046,075-623-0049,http://www.edu.city.kyoto.jp/hp/fujinoki-s/,,,,,,,,,,,,,,,,,,,,,,,,,,,,,,,,,,,,
教育委員会事務局,総務部　学校事務支援室,1000000914,神川小学校,かみかわしょうがっこう,34.93865389,135.7329039,122,11,,612-8494,京都市伏見区久我東町60-2,,,075-921-0154,075-921-0162,http://www.edu.city.kyoto.jp/hp/kamikawa-s/,,,,,,,,,,,,,,,,,,,,,,,,,,,,,,,,,,,,
教育委員会事務局,総務部　学校事務支援室,1000000915,久我の杜小学校,こがのもりしょうがっこう,34.933389,135.729183,122,11,,612-8494,京都市伏見区久我東町209,,,075-935-0157,075-935-0158,http://www.edu.city.kyoto.jp/hp/koganomori-s/,,,,,,,,,,,,,,,,,,,,,,,,,,,,,,,,,,,,
教育委員会事務局,総務部　学校事務支援室,1000000916,羽束師小学校,はづかししょうがっこう,34.933268,135.722421,122,11,,612-8487,京都市伏見区羽束師菱川町640,,,075-934-1501,075-934-1594,http://www.edu.city.kyoto.jp/hp/hadukashi-s/,,,,,,,,,,,,,,,,,,,,,,,,,,,,,,,,,,,,
教育委員会事務局,総務部　学校事務支援室,1000000917,明親小学校,めいしんしょうがっこう,34.9037,135.7216711,122,11,,613-0904,京都市伏見区淀池上町106,,,075-631-2077,075-631-2096,http://www.edu.city.kyoto.jp/hp/meishin-s/,,,,,,,,,,,,,,,,,,,,,,,,,,,,,,,,,,,,
教育委員会事務局,総務部　学校事務支援室,1000000918,美豆小学校,みずしょうがっこう,34.896749,135.713087,122,11,,613-0916,京都市伏見区淀美豆町1244,,,075-631-7161,075-631-7162,http://www.edu.city.kyoto.jp/hp/mizu-s/,,,,,,,,,,,,,,,,,,,,,,,,,,,,,,,,,,,,
教育委員会事務局,総務部　学校事務支援室,1000000919,加茂川中学校,かもがわちゅうがっこう,35.05474306,135.7520131,123,1,,603-8102,京都市北区紫竹上長目町5,,,075-492-1884,075-492-1885,http://www.edu.city.kyoto.jp/hp/kamogawa-c/,,,,,,,,,,,,,,,,,,,,,,,,,,,,,,,,,,,,
教育委員会事務局,総務部　学校事務支援室,1000000920,西賀茂中学校,にしがもちゅうがっこう,35.07079389,135.7400169,123,1,,603-8806,京都市北区西賀茂円峰2-26,,,075-493-7001,075-493-7002,http://www.edu.city.kyoto.jp/hp/nishigamo-c/,,,,,,,,,,,,,,,,,,,,,,,,,,,,,,,,,,,,
教育委員会事務局,総務部　学校事務支援室,1000000921,旭丘中学校,あさひがおかちゅうがっこう,35.04651889,135.7398981,123,1,,603-8244,京都市北区紫野東蓮台野町1,,,075-492-1330,075-492-1375,http://www.edu.city.kyoto.jp/hp/asahigaoka-c/,,,,,,,,,,,,,,,,,,,,,,,,,,,,,,,,,,,,
教育委員会事務局,総務部　学校事務支援室,1000000922,衣笠中学校,きぬがさちゅうがっこう,35.03676,135.7268761,123,1,,603-8485,京都市北区衣笠衣笠山町2,,,075-461-2222,075-461-2223,http://www.edu.city.kyoto.jp/hp/kinugasa-c/,,,,,,,,,,,,,,,,,,,,,,,,,,,,,,,,,,,,
教育委員会事務局,総務部　学校事務支援室,1000000924,烏丸中学校,からすまちゅうがっこう,35.03449,135.76,123,2,,602-0898,京都市上京区烏丸通上立売上ル相国寺門前町647-23,,,075-431-0168,075-431-0169,http://www.edu.city.kyoto.jp/hp/karasuma-c/,,,,,,,,,,,,,,,,,,,,,,,,,,,,,,,,,,,,
教育委員会事務局,総務部　学校事務支援室,1000000925,上京中学校,かみぎょうちゅうがっこう,35.02591,135.7574411,123,2,,602-0917,京都市上京区一条通室町西入東日野殿町395・396 ,,,075-431-8151,075-431-8152,http://www.edu.city.kyoto.jp/hp/kamigyo-c/,,,,,,,,,,,,,,,,,,,,,,,,,,,,,,,,,,,,
教育委員会事務局,総務部　学校事務支援室,1000000926,嘉楽中学校,からくちゅうがっこう,35.03082306,135.7437169,123,2,,602-8473,京都市上京区今出川通千本東入般舟院前町148,,,075-431-0312,075-431-0313,http://www.edu.city.kyoto.jp/hp/karaku-c/,,,,,,,,,,,,,,,,,,,,,,,,,,,,,,,,,,,,
教育委員会事務局,総務部　学校事務支援室,1000000927,二条中学校,にじょうちゅうがっこう,35.015352,135.744545,123,2,,602-8155,京都市上京区竹屋町通千本東入主税町911,,,075-821-1196,075-821-1197,http://www.edu.city.kyoto.jp/hp/nijo-c/,,,,,,,,,,,,,,,,,,,,,,,,,,,,,,,,,,,,
教育委員会事務局,総務部　学校事務支援室,1000000928,北野中学校,きたのちゅうがっこう,35.021593,135.731117,123,4,,604-8461,京都市中京区西ノ京中保町1-4,,,075-463-7101,075-463-7102,http://www.edu.city.kyoto.jp/hp/kitano-c/,,,,,,,,,,,,,,,,,,,,,,,,,,,,,,,,,,,,
教育委員会事務局,総務部　学校事務支援室,1000000929,朱雀中学校,すざくちゅうがっこう,35.00700806,135.7371069,123,4,,604-8863,京都市中京区壬生中川町20-1,,,075-841-0205,075-841-0455,http://www.edu.city.kyoto.jp/hp/suzaku-c/,,,,,,,,,,,,,,,,,,,,,,,,,,,,,,,,,,,,
教育委員会事務局,総務部　学校事務支援室,1000000930,京都御池中学校,きょうとおいけちゅうがっこう,35.011756,135.764456,123,4,,604-0955,京都市中京区柳馬場通御池上ル虎石町45-3,,,075-221-0414,075-221-4380,http://www.edu.city.kyoto.jp/hp/oike-c/,,,,,,,,,,,,,,,,,,,,,,,,,,,,,,,,,,,,
教育委員会事務局,総務部　学校事務支援室,1000000931,中京中学校,なかぎょうちゅうがっこう,35.0129,135.7439181,123,4,,604-8382,京都市中京区西ノ京北聖町51,,,075-801-3266,075-801-3267,http://www.edu.city.kyoto.jp/hp/nakagyo-c/,,,,,,,,,,,,,,,,,,,,,,,,,,,,,,,,,,,,
教育委員会事務局,総務部　学校事務支援室,1000000932,松原中学校,まつばらちゅうがっこう,34.999866,135.747827,123,4,,604-8812,京都市中京区壬生相合町1,,,075-841-0650,075-841-0583,http://www.edu.city.kyoto.jp/hp/matsubara-c/,,,,,,,,,,,,,,,,,,,,,,,,,,,,,,,,,,,,
教育委員会事務局,総務部　学校事務支援室,1000000933,西ノ京中学校,にしのきょうちゅうがっこう,35.01268,135.7382119,123,4,,604-8421,京都市中京区西ノ京永本町7-1,,,075-802-3365,075-802-3366,http://www.edu.city.kyoto.jp/hp/nishinokyo-c/,,,,,,,,,,,,,,,,,,,,,,,,,,,,,,,,,,,,
教育委員会事務局,総務部　学校事務支援室,1000000934,西京高等学校附属中学校,さいきょうこうとうがっこうふぞくちゅうがっこう,35.0114,135.73093,123,4,,604-8437,京都市中京区西ノ京東中合町1,,,075-841-0010,075-822-5702,http://www.edu.city.kyoto.jp/hp/saikyofuzoku-c/,,,,,,,,,,,,,,,,,,,,,,,,,,,,,,,,,,,,
教育委員会事務局,総務部　学校事務支援室,1000000935,洛風中学校,らくふうちゅうがっこう,35.009722,135.761565,123,4,,604-8184,京都市中京区姉小路通東洞院東入曇華院前町706−3,,,075-213-2222,075-257-3350,http://www.edu.city.kyoto.jp/hp/rakufu-c/,,,,,,,,,,,,,,,,,,,,,,,,,,,,,,,,,,,,
教育委員会事務局,総務部　学校事務支援室,1000000936,下京中学校,しもぎょうちゅうがっこう,34.995406,135.75686,123,7,,600-8302,京都市下京区楊梅通新町東入蛭子町120-1,,,075-371-2100,075-371-2167,http://www.edu.city.kyoto.jp/hp/shimogyo-c/,,,,,,,,,,,,,,,,,,,,,,,,,,,,,,,,,,,,
教育委員会事務局,総務部　学校事務支援室,1000000937,七条中学校,しちじょうちゅうがっこう,34.990624,135.737168,123,7,,600-8893,京都市下京区西七条御領町32,,,075-313-0972,075-313-0973,http://www.edu.city.kyoto.jp/hp/shichijo-c/,,,,,,,,,,,,,,,,,,,,,,,,,,,,,,,,,,,,
教育委員会事務局,総務部　学校事務支援室,1000000938,洛友中学校,らくゆうちゅうがっこう,35.00194306,135.7486869,123,7,,600-8383,京都市下京区大宮通綾小路下る綾大宮町51-2,,,075-821-2196,075-821-2197,http://www.edu.city.kyoto.jp/hp/rakuyu-c/,,,,,,,,,,,,,,,,,,,,,,,,,,,,,,,,,,,,
教育委員会事務局,総務部　学校事務支援室,1000000939,八条中学校,はちじょうちゅうがっこう,34.982685,135.7386519,123,8,,601-8461,京都市南区唐橋門脇町35,,,075-681-5264,075-681-5265,http://www.edu.city.kyoto.jp/hp/hachijo-c/,,,,,,,,,,,,,,,,,,,,,,,,,,,,,,,,,,,,
教育委員会事務局,総務部　学校事務支援室,1000000940,九条中学校,くじょうちゅうがっこう,34.980999,135.75004,123,8,,601-8425,京都市南区西九条南小路町1,,,075-681-2211,075-681-2212,http://www.edu.city.kyoto.jp/hp/kujo-c/,,,,,,,,,,,,,,,,,,,,,,,,,,,,,,,,,,,,
教育委員会事務局,総務部　学校事務支援室,1000000941,洛南中学校,らくなんちゅうがっこう,34.974525,135.738611,123,8,,601-8324,京都市南区吉祥院落合町31,,,075-691-0018,075-691-0220,http://www.edu.city.kyoto.jp/hp/rakunan-c/,,,,,,,,,,,,,,,,,,,,,,,,,,,,,,,,,,,,
教育委員会事務局,総務部　学校事務支援室,1000000943,久世中学校,くぜちゅうがっこう,34.95643,135.7189089,123,8,,601-8205,京都市南区久世殿城町481-1,,,075-933-3223,075-933-3429,http://www.edu.city.kyoto.jp/hp/kuze-c/,,,,,,,,,,,,,,,,,,,,,,,,,,,,,,,,,,,,
教育委員会事務局,総務部　学校事務支援室,1000000944,岡崎中学校,おかざきちゅうがっこう,35.01621306,135.7893461,123,3,,606-8332,京都市左京区岡崎東天王町1,,,075-771-4191,075-771-4192,http://www.edu.city.kyoto.jp/hp/okazaki-c/,,,,,,,,,,,,,,,,,,,,,,,,,,,,,,,,,,,,
教育委員会事務局,総務部　学校事務支援室,1000000945,高野中学校,たかのちゅうがっこう,35.03992306,135.7830861,123,3,,606-8231,京都市左京区田中上古川町25,,,075-781-8134,075-781-8135,http://www.edu.city.kyoto.jp/hp/takano-c/,,,,,,,,,,,,,,,,,,,,,,,,,,,,,,,,,,,,
教育委員会事務局,総務部　学校事務支援室,1000000946,下鴨中学校,しもがもちゅうがっこう,35.038957,135.774735,123,3,,606-0807,京都市左京区下鴨泉川町40-1,,,075-781-9181,075-781-9182,http://www.edu.city.kyoto.jp/hp/shimogamo-c/,,,,,,,,,,,,,,,,,,,,,,,,,,,,,,,,,,,,
教育委員会事務局,総務部　学校事務支援室,1000000947,近衛中学校,このえちゅうがっこう,35.021729,135.779825,123,3,,606-8315,京都市左京区吉田近衛町26-53,,,075-771-0007,075-771-0008,http://www.edu.city.kyoto.jp/hp/konoe-c/,,,,,,,,,,,,,,,,,,,,,,,,,,,,,,,,,,,,
教育委員会事務局,総務部　学校事務支援室,1000000948,修学院中学校,しゅうがくいんちゅうがっこう,35.042194,135.788602,123,3,,606-8162,京都市左京区一乗寺御祭田町2,,,075-781-3000,075-722-6700,http://www.edu.city.kyoto.jp/hp/syugakuin-c/,,,,,,,,,,,,,,,,,,,,,,,,,,,,,,,,,,,,
教育委員会事務局,総務部　学校事務支援室,1000000949,洛北中学校,らくほくちゅうがっこう,35.070526,135.787159,123,3,,606-0021,京都市左京区岩倉忠在地町823,,,075-721-7445,075-721-7487,http://www.edu.city.kyoto.jp/hp/rakuhoku-c/,,,,,,,,,,,,,,,,,,,,,,,,,,,,,,,,,,,,
教育委員会事務局,総務部　学校事務支援室,1000000955,山科中学校,やましなちゅうがっこう,34.97664389,135.8102889,123,6,,607-8145,京都市山科区東野八反畑町50-1,,,075-594-1151,075-594-1152,http://www.edu.city.kyoto.jp/hp/yamashina-c/,,,,,,,,,,,,,,,,,,,,,,,,,,,,,,,,,,,,
教育委員会事務局,総務部　学校事務支援室,1000000956,勧修中学校,かんしゅうちゅうがっこう,34.966113,135.812674,123,6,,607-8214,京都市山科区勧修寺平田町92,,,075-591-9111,075-591-9061,http://www.edu.city.kyoto.jp/hp/kansyu-c/,,,,,,,,,,,,,,,,,,,,,,,,,,,,,,,,,,,,
教育委員会事務局,総務部　学校事務支援室,1000000957,大宅中学校,おおやけちゅうがっこう,34.96712306,135.82157,123,6,,607-8175,京都市山科区大宅山田113,,,075-573-3067,075-573-3068,http://www.edu.city.kyoto.jp/hp/oyake-c/,,,,,,,,,,,,,,,,,,,,,,,,,,,,,,,,,,,,
教育委員会事務局,総務部　学校事務支援室,1000000958,安祥寺中学校,あんしょうじちゅうがっこう,34.98578694,135.8126161,123,6,,607-8341,京都市山科区西野今屋敷町9-6,,,075-592-2848,075-592-2957,http://www.edu.city.kyoto.jp/hp/anshouji-c/,,,,,,,,,,,,,,,,,,,,,,,,,,,,,,,,,,,,
教育委員会事務局,総務部　学校事務支援室,1000000959,音羽中学校,おとわちゅうがっこう,34.982893,135.828175,123,6,,607-8135,京都市山科区大塚野溝町86,,,075-581-9115,075-581-9116,http://www.edu.city.kyoto.jp/hp/otowa-c/,,,,,,,,,,,,,,,,,,,,,,,,,,,,,,,,,,,,
教育委員会事務局,総務部　学校事務支援室,1000000960,花山中学校,かさんちゅうがっこう,34.988482,135.802742,123,6,,607-8475,京都市山科区北花山横田町27-1,,,075-581-5128,075-581-5129,http://www.edu.city.kyoto.jp/hp/kasan-c/,,,,,,,,,,,,,,,,,,,,,,,,,,,,,,,,,,,,
教育委員会事務局,総務部　学校事務支援室,1000000961,蜂ヶ岡中学校,はちがおかちゅうがっこう,35.01630694,135.6986881,123,9,,616-8313,京都市右京区嵯峨野開町1-1,,,075-861-2168,075-861-2169,http://www.edu.city.kyoto.jp/hp/hachigaoka-c/,,,,,,,,,,,,,,,,,,,,,,,,,,,,,,,,,,,,
教育委員会事務局,総務部　学校事務支援室,1000000962,太秦中学校,うずまさちゅうがっこう,35.01187,135.703742,123,9,,616-8167,京都市右京区太秦多藪町14-144,,,075-872-0037,075-872-9003,http://www.edu.city.kyoto.jp/hp/uzumasa-c/,,,,,,,,,,,,,,,,,,,,,,,,,,,,,,,,,,,,
教育委員会事務局,総務部　学校事務支援室,1000000963,嵯峨中学校,さがちゅうがっこう,35.022709,135.684038,123,9,,616-8355,京都市右京区嵯峨新宮町63-2,,,075-871-0533,075-871-0520,http://www.edu.city.kyoto.jp/hp/saga-c/,,,,,,,,,,,,,,,,,,,,,,,,,,,,,,,,,,,,
教育委員会事務局,総務部　学校事務支援室,1000000964,四条中学校,しじょうちゅうがっこう,35.00286389,135.7248169,123,9,,615-0065,京都市右京区西院日照町1,,,075-312-0040,075-311-2077,http://www.edu.city.kyoto.jp/hp/shijo-c/,,,,,,,,,,,,,,,,,,,,,,,,,,,,,,,,,,,,
教育委員会事務局,総務部　学校事務支援室,1000000965,西京極中学校,にしきょうごくちゅうがっこう,34.990655,135.722898,123,9,,615-0817,京都市右京区西京極宮ノ東町1,,,075-315-1531,075-315-1532,http://www.edu.city.kyoto.jp/hp/nishikyogoku-c/,,,,,,,,,,,,,,,,,,,,,,,,,,,,,,,,,,,,
教育委員会事務局,総務部　学校事務支援室,1000000966,梅津中学校,うめづちゅうがっこう,35.006211,135.697557,123,9,,615-0937,京都市右京区梅津北川町34,,,075-882-0910,075-882-0977,http://www.edu.city.kyoto.jp/hp/umedu-c/,,,,,,,,,,,,,,,,,,,,,,,,,,,,,,,,,,,,
教育委員会事務局,総務部　学校事務支援室,1000000967,西院中学校,さいいんちゅうがっこう,34.999793,135.729327,123,9,,615-0024,京都市右京区西院矢掛町5,,,075-312-0365,075-312-0363,http://www.edu.city.kyoto.jp/hp/saiin-c/,,,,,,,,,,,,,,,,,,,,,,,,,,,,,,,,,,,,
教育委員会事務局,総務部　学校事務支援室,1000000970,双ヶ丘中学校,ならびがおかちゅうがっこう,35.02287889,135.7154861,123,9,,616-8026,京都市右京区花園岡ノ本町5-1,,,075-463-8165,075-463-8166,http://www.edu.city.kyoto.jp/hp/narabigaoka-c/,,,,,,,,,,,,,,,,,,,,,,,,,,,,,,,,,,,,
教育委員会事務局,総務部　学校事務支援室,1000000972,桂中学校,かつらちゅうがっこう,34.988741,135.693429,123,10,,615-8226,京都市西京区上桂森上町26,,,075-392-7200,075-392-7201,http://www.edu.city.kyoto.jp/hp/katsura-c/,,,,,,,,,,,,,,,,,,,,,,,,,,,,,,,,,,,,
教育委員会事務局,総務部　学校事務支援室,1000000973,松尾中学校,まつおちゅうがっこう,34.996821,135.69093,123,10,,615-8205,京都市西京区松室中溝町101,,,075-391-9622,075-391-9634,http://www.edu.city.kyoto.jp/hp/matsuo-c/,,,,,,,,,,,,,,,,,,,,,,,,,,,,,,,,,,,,
教育委員会事務局,総務部　学校事務支援室,1000000974,桂川中学校,かつらがわちゅうがっこう,34.97608194,135.7147681,123,10,,615-8033,京都市西京区下津林東大般若町43,,,075-392-9229,075-392-9296,http://www.edu.city.kyoto.jp/hp/katsuragawa-c/,,,,,,,,,,,,,,,,,,,,,,,,,,,,,,,,,,,,
教育委員会事務局,総務部　学校事務支援室,1000000975,樫原中学校,かたぎはらちゅうがっこう,34.976656,135.69091,123,10,,615-8161,京都市西京区樫原蛸田町11,,,075-392-6630,075-392-6640,http://www.edu.city.kyoto.jp/hp/katagihara-c/,,,,,,,,,,,,,,,,,,,,,,,,,,,,,,,,,,,,
教育委員会事務局,総務部　学校事務支援室,1000000976,大枝中学校,おおえちゅうがっこう,34.988427,135.664394,123,10,,610-1102,京都市西京区御陵大枝山町二丁目1-91,,,075-333-1112,075-333-1113,http://www.edu.city.kyoto.jp/hp/ooe-c/,,,,,,,,,,,,,,,,,,,,,,,,,,,,,,,,,,,,
教育委員会事務局,総務部　学校事務支援室,1000000977,洛西中学校,らくさいちゅうがっこう,34.96385389,135.6712161,123,10,,610-1146,京都市西京区大原野西境谷町二丁目8,,,075-331-6131,075-331-6159,http://www.edu.city.kyoto.jp/hp/rakusai-c/,,,,,,,,,,,,,,,,,,,,,,,,,,,,,,,,,,,,
教育委員会事務局,総務部　学校事務支援室,1000000979,大原野中学校,おおはらのちゅうがっこう,34.95262,135.677708,123,10,,610-1123,京都市西京区大原野上里南ノ町18,,,075-333-3207,075-333-3208,http://www.edu.city.kyoto.jp/hp/oharano-c/,,,,,,,,,,,,,,,,,,,,,,,,,,,,,,,,,,,,
教育委員会事務局,総務部　学校事務支援室,1000000980,深草中学校,ふかくさちゅうがっこう,34.957125,135.775188,123,11,,612-0876,京都市伏見区深草西伊達町1-4,,,075-641-6522,075-641-6813,http://www.edu.city.kyoto.jp/hp/fukakusa-c/,,,,,,,,,,,,,,,,,,,,,,,,,,,,,,,,,,,,
教育委員会事務局,総務部　学校事務支援室,1000000981,藤森中学校,ふじのもりちゅうがっこう,34.956056,135.76514,123,11,,612-0031,京都市伏見区深草池ノ内町55,,,075-641-5227,075-641-5228,http://www.edu.city.kyoto.jp/hp/fujinomori-c/,,,,,,,,,,,,,,,,,,,,,,,,,,,,,,,,,,,,
教育委員会事務局,総務部　学校事務支援室,1000000982,桃山中学校,ももやまちゅうがっこう,34.942553,135.769153,123,11,,612-0055,京都市伏見区桃山水野左近東町19,,,075-611-0268,075-611-0269,http://www.edu.city.kyoto.jp/hp/momoyama-c/,,,,,,,,,,,,,,,,,,,,,,,,,,,,,,,,,,,,
教育委員会事務局,総務部　学校事務支援室,1000000983,伏見中学校,ふしみちゅうがっこう,34.938127,135.760444,123,11,,612-8065,京都市伏見区御駕籠町97,,,075-611-5161,075-611-5162,http://www.edu.city.kyoto.jp/hp/fushimi-c/,,,,,,,,,,,,,,,,,,,,,,,,,,,,,,,,,,,,
教育委員会事務局,総務部　学校事務支援室,1000000984,神川中学校,かみかわちゅうがっこう,34.93245194,135.7220731,123,11,,612-8487,京都市伏見区羽束師菱川町741,,,075-934-1505,075-934-1528,http://www.edu.city.kyoto.jp/hp/kamikawa-c/,,,,,,,,,,,,,,,,,,,,,,,,,,,,,,,,,,,,
教育委員会事務局,総務部　学校事務支援室,1000000985,醍醐中学校,だいごちゅうがっこう,34.943905,135.815397,123,11,,601-1341,京都市伏見区醍醐岸ノ上町21,,,075-571-0065,075-571-0217,http://www.edu.city.kyoto.jp/hp/daigo-c/,,,,,,,,,,,,,,,,,,,,,,,,,,,,,,,,,,,,
教育委員会事務局,総務部　学校事務支援室,1000000986,春日丘中学校,かすがおかちゅうがっこう,34.938905,135.8183939,123,11,,601-1406,京都市伏見区日野谷寺町50,,,075-571-4969,075-571-4970,http://www.edu.city.kyoto.jp/hp/kasugaoka-c/,,,,,,,,,,,,,,,,,,,,,,,,,,,,,,,,,,,,
教育委員会事務局,総務部　学校事務支援室,1000000988,栗陵中学校,りつりょうちゅうがっこう,34.94659694,135.8078031,123,11,,601-1362,京都市伏見区醍醐池田町17-1,,,075-571-7631,075-571-7662,http://www.edu.city.kyoto.jp/hp/ritsuryo-c/,,,,,,,,,,,,,,,,,,,,,,,,,,,,,,,,,,,,
教育委員会事務局,総務部　学校事務支援室,1000000989,桃陵中学校,とうりょうちゅうがっこう,34.92851889,135.7663619,123,11,,612-8107,京都市伏見区桃陵町1-1,,,075-611-3241,075-611-3242,http://www.edu.city.kyoto.jp/hp/toryo-c/,,,,,,,,,,,,,,,,,,,,,,,,,,,,,,,,,,,,
教育委員会事務局,総務部　学校事務支援室,1000000991,向島東中学校,むかいじまひがしちゅうがっこう,34.92566194,135.7778211,123,11,,612-8124,京都市伏見区向島吹田河原町138,,,075-601-7932,075-601-8152,http://www.edu.city.kyoto.jp/hp/mukaijimahigashi-c/,,,,,,,,,,,,,,,,,,,,,,,,,,,,,,,,,,,,
教育委員会事務局,総務部　学校事務支援室,1000000992,洛水中学校,らくすいちゅうがっこう,34.92047,135.7301681,123,11,,612-8285,京都市伏見区横大路竜ヶ池31,,,075-602-3261,075-602-3262,http://www.edu.city.kyoto.jp/hp/rakusui-c/,,,,,,,,,,,,,,,,,,,,,,,,,,,,,,,,,,,,
教育委員会事務局,総務部　学校事務支援室,1000000993,大淀中学校,おおよどちゅうがっこう,34.90209194,135.7236181,123,11,,613-0905,京都市伏見区淀下津町257-7,,,075-631-7211,075-631-7212,http://www.edu.city.kyoto.jp/hp/oyodo-c/,,,,,,,,,,,,,,,,,,,,,,,,,,,,,,,,,,,,
教育委員会事務局,総務部　学校事務支援室,1000000996,西京高等学校,さいきょうこうとうがっこう,35.01139806,135.7307211,124,4,,604-8437,京都市中京区西ノ京東中合町1,,,075-841-0010,075-822-5702,http://www.edu.city.kyoto.jp/hp/saikyo/,,,,,,,,西京高校,,,,,,,,,,,,,,,,,,,,,,,,,,,,
教育委員会事務局,総務部　学校事務支援室,1000000999,堀川高等学校,ほりかわこうとうがっこう,35.005315,135.7526811,124,4,,604-8254,京都市中京区東堀川通錦小路上ル四坊堀川町622-2,,,075-211-5351,075-211-8975,http://www.edu.city.kyoto.jp/hp/horikawa/,,,,,,,,堀川高校,,,,,,,,,,,,,,,,,,,,,,,,,,,,
教育委員会事務局,総務部　学校事務支援室,1000001000,日吉ヶ丘高等学校,ひよしがおかこうとうがっこう,34.97879306,135.7758711,124,5,,605-0000,京都市東山区今熊野悲田院山町5-22,,,075-561-0710,075-551-9046,http://www.edu.city.kyoto.jp/hp/hiyoshi/,,,,,,,,日吉ヶ丘高校,,,,,,,,,,,,,,,,,,,,,,,,,,,,
教育委員会事務局,総務部　学校事務支援室,1000001001,紫野高等学校,むらさきのこうとうがっこう,35.04309694,135.741974,124,1,,603-8231,京都市北区紫野大徳寺町22,,,075-491-0221,075-492-0968,http://www.edu.city.kyoto.jp/hp/murasaki/,,,,,,,,紫野高校,,,,,,,,,,,,,,,,,,,,,,,,,,,,
教育委員会事務局,総務部　学校事務支援室,1000001003,上賀茂幼稚園,かみがもようちえん,35.05611,135.75698,121,1,,603-8073,京都市北区上賀茂烏帽子ヶ垣内町1,,,075-781-2336,075-781-2336,http://www.edu.city.kyoto.jp/hp/kamigamo-e/,,,,,,,,,,,,,,,,,,,,,,,,,,,,,,,,,,,,
教育委員会事務局,総務部　学校事務支援室,1000001004,京極幼稚園,きょうごくようちえん,35.032151,135.764349,121,2,,602-0806,京都市上京区塔ノ段薮ノ下町428,,,075-231-6696,075-231-6696,http://www.edu.city.kyoto.jp/hp/kyogoku-e/,,,,,,,,,,,,,,,,,,,,,,,,,,,,,,,,,,,,
教育委員会事務局,総務部　学校事務支援室,1000001005,みつば幼稚園,みつばようちえん,35.029154,135.753949,121,2,,602-0948,京都市上京区小川通今出川下る針屋町370,,,075-441-3752,075-441-3752,http://www.edu.city.kyoto.jp/hp/mitsuba-e/,,,,,,,,,,,,,,,,,,,,,,,,,,,,,,,,,,,,
教育委員会事務局,総務部　学校事務支援室,1000001006,待賢幼稚園,たいけんようちえん,35.016847,135.750136,121,2,,602-8144,京都市上京区丸太町通黒門東入藁屋町536-1,,,075-841-3200,075-841-3200,http://www.edu.city.kyoto.jp/hp/taiken-e/,,,,,,,,,,,,,,,,,,,,,,,,,,,,,,,,,,,,
教育委員会事務局,総務部　学校事務支援室,1000001007,乾隆幼稚園,けんりゅうようちえん,35.033488,135.743052,121,2,,602-8303,京都市上京区寺ノ内通千本東入1丁目下る姥ヶ寺之前町919-3,,,075-441-0406,075-441-0406,http://www.edu.city.kyoto.jp/hp/kenryu-e/,,,,,,,,,,,,,,,,,,,,,,,,,,,,,,,,,,,,
教育委員会事務局,総務部　学校事務支援室,1000001008,翔鸞幼稚園,しょうらんようちえん,35.031699,135.738557,121,2,,602-8393,京都市上京区御前通今出川上ル鳥居前町671,,,075-461-3642,075-462-5321,http://www.edu.city.kyoto.jp/hp/syoran-e/,,,,,,,,,,,,,,,,,,,,,,,,,,,,,,,,,,,,
教育委員会事務局,総務部　学校事務支援室,1000001009,中京もえぎ幼稚園,なかぎょうもえぎようちえん,35.015586,135.761224,121,4,,604-0883,京都市中京区間之町通竹屋町下る楠町601-1,,,075-254-8441,075-254-8448,http://www.edu.city.kyoto.jp/hp/moegi-e/,,,,,,,,,,,,,,,,,,,,,,,,,,,,,,,,,,,,
教育委員会事務局,総務部　学校事務支援室,1000001011,楊梅幼稚園,ようばいようちえん,34.99789572,135.7529924,121,7,,600-8488,京都市下京区醒ヶ井通松原下る篠屋町59,,,075-351-0937,075-351-0937,http://www.edu.city.kyoto.jp/hp/yobai-e/,,,,,,,,,,,,,,,,,,,,,,,,,,,,,,,,,,,,
教育委員会事務局,総務部　学校事務支援室,1000001012,明徳幼稚園,めいとくようちえん,35.07444,135.78674,121,3,,606-0021,京都市左京区岩倉忠在地町221,,,075-781-4660,075-781-4660,http://www.edu.city.kyoto.jp/hp/meitoku-e/,,,,,,,,,,,,,,,,,,,,,,,,,,,,,,,,,,,,
教育委員会事務局,総務部　学校事務支援室,1000001013,西院幼稚園,さいいんようちえん,35.006166,135.728396,121,9,,615-0004,京都市右京区西院下花田町34,,,075-313-1392,075-313-1392,http://www.edu.city.kyoto.jp/hp/saiin-e/,,,,,,,,,,,,,,,,,,,,,,,,,,,,,,,,,,,,
教育委員会事務局,総務部　学校事務支援室,1000001014,伏見板橋幼稚園,ふしみいたはしようちえん,34.93805,135.761517,121,11,,612-8073,京都市伏見区下板橋町610,,,075-611-2684,075-611-2684,http://www.edu.city.kyoto.jp/hp/itahashi-e/,,,,,,,,,,,,,,,,,,,,,,,,,,,,,,,,,,,,
教育委員会事務局,総務部　学校事務支援室,1000001015,伏見南浜幼稚園,ふしみみなみはまようちえん,34.92957736,135.7623741,121,11,,612-8044,京都市伏見区丹後町142,,,075-601-2731,075-601-2731,http://www.edu.city.kyoto.jp/hp/minamihama-e/,,,,,,,,,,,,,,,,,,,,,,,,,,,,,,,,,,,,
教育委員会事務局,総務部　学校事務支援室,1000001016,伏見住吉幼稚園,ふしみすみよしようちえん,34.942955,135.761975,121,11,,612-8315,京都市伏見区中之町478,,,075-601-3652,075-601-3652,http://www.edu.city.kyoto.jp/hp/sumiyoshi-e/,,,,,,,,,,,,,,,,,,,,,,,,,,,,,,,,,,,,
教育委員会事務局,総務部　学校事務支援室,1000001017,深草幼稚園,ふかくさようちえん,34.960439,135.772669,121,11,,612-0879,京都市伏見区深草西出町64,,,075-641-1466,075-641-1466,http://www.edu.city.kyoto.jp/hp/fukakusa-e/,,,,,,,,,,,,,,,,,,,,,,,,,,,,,,,,,,,,
教育委員会事務局,総務部　学校事務支援室,1000001018,竹田幼稚園,たけだようちえん,34.955314,135.7578,121,11,,612-8421,京都市伏見区竹田桶ノ井町8-2,,,075-641-3318,075-641-3318,http://www.edu.city.kyoto.jp/hp/takeda-e/,,,,,,,,,,,,,,,,,,,,,,,,,,,,,,,,,,,,
環境政策局,まち美化推進課,1000001020,上京リサイクルステーション,かみぎょうりさいくるすてーしょん,35.02468,135.75368,103,2,,602-8061,京都市上京区中立売通油小路東入甲斐守町100,,,,,https://www.city.kyoto.lg.jp/kankyo/page/0000122203.html,,,,,,,,,,,,,,,,,,,,,,,,,,,,,,,,,,,,
環境政策局,まち美化推進課,1000001021,東部まち美化事務所,とうぶまちびかじむしょ,35.03971,135.77793,103,3,,606-8103,京都市左京区高野西開町34-3,,,075-722-4345,075-702-6908,https://www.city.kyoto.lg.jp/kankyo/page/0000024774.html,,,,,,,,,,,,,,,,,,,,,,,,,,,,,,,,,,,,
環境政策局,まち美化推進課,1000001024,山科まち美化事務所,やましなまちびかじむしょ,34.96491,135.81483,103,6,,607-8253,京都市山科区小野弓田町3,,,075-573-2457,075-573-6271,https://www.city.kyoto.lg.jp/kankyo/page/0000024774.html,,,,,,,,,,,,,,,,,,,,,,,,,,,,,,,,,,,,
環境政策局,まち美化推進課,1000001026,生活環境美化センター,せいかつかんきょうびかせんたー,34.97210983,135.7503133,103,8,,601-8444,京都市南区西九条森本町62-1,,,075-662-6023,075-662-6141,https://www.city.kyoto.lg.jp/kankyo/page/0000247621.html,,,,,,,,,,,,,,,,,,,,,,,,,,,,,,,,,,,,
環境政策局,まち美化推進課,1000001027,西部まち美化事務所,せいぶまちびかじむしょ,35.00185,135.71559,103,9,,615-0056,京都市右京区西院西貝川町57-1,,,075-882-5787,075-882-5647,https://www.city.kyoto.lg.jp/kankyo/page/0000024774.html,,,,,,,,,,,,,,,,,,,,,,,,,,,,,,,,,,,,
環境政策局,まち美化推進課,1000001028,西京まち美化事務所,にしきょうまちびかじむしょ,34.973,135.68107,103,10,,615-8158,京都市西京区樫原秤谷町37,,,075-391-5983,075-393-4047,https://www.city.kyoto.lg.jp/kankyo/page/0000024774.html,,,,,,,,,,,,,,,,,,,,,,,,,,,,,,,,,,,,
環境政策局,まち美化推進課,1000001029,伏見まち美化事務所,ふしみまちびかじむしょ,34.91693,135.73773,103,11,,612-8244,京都市伏見区横大路千両松町447,,,075-601-7161,075-622-1746,https://www.city.kyoto.lg.jp/kankyo/page/0000024774.html,,,,,,,,,,,,,,,,,,,,,,,,,,,,,,,,,,,,
環境政策局,まち美化推進課,1000001030,南部まち美化事務所,なんぶまちびかじむしょ,34.9727,135.74947,103,8,,601-8444,京都市南区西九条森本町50,,,075-681-0456,075-681-8294,https://www.city.kyoto.lg.jp/kankyo/page/0000024774.html,,,,,,,,,,,,,,,,,,,,,,,,,,,,,,,,,,,,
産業観光局,中央卸売市場第一市場,1000001031,中央卸売市場第一市場,ちゅうおうおろしうりしじょうだいいちしじょう,34.99491,135.74208,129,7,,600-8847,京都市下京区朱雀分木町80,,,075-311-6251,075-311-6970,http://www.city.kyoto.lg.jp/sankan/soshiki/7-1-7-0-0_17.html,,,,,,,,,,,,,,,,,,,,,,,,,,,,,,,,,,,,
産業観光局,中央卸売市場第二市場,1000001032,中央卸売市場第二市場,"ちゅうおうおろしうりしじょうだいにしじょう",34.96395,135.732,129,8,,601-8361,京都市南区吉祥院石原東之口町2,,,075-681-5791,075-681-5793,https://www.city.kyoto.lg.jp/menu2/category/34-0-0-0-0-0-0-0-0-0.html,,,,,,,,,,,,,,,,,,,,,,,,,,,,,,,,,,,,
産業観光局,産業イノベーション推進室,1000001034,京都市産業技術研究所,きょうとしさんぎょうぎじゅつけんきゅうしょ,34.99544517,135.737071,129,7,ものづくり中小企業の皆様が、研究開発や製造工程の改善等により直面する課題や問題を解決し、新商品や新技術をより創出できるよう、技術面からの支援に取り組む産業支援機関です。また、伝統産業技術後継者の育成や、ものづくり中小企業技術者の技術力向上を図るため、様々な人材育成研修やセミナーを開催しています。,600-8815,京都市下京区中堂寺粟田町91　　京都リサーチパーク9号館南棟,,（地独）京都市産業技術研究所,075-326-6100,075-326-6200,http://tc-kyoto.or.jp/,分析用機器、観察用機器、計測用機器、物性試験用機器、実験・加工用機器、実験室・実習室、ホール・講義室,8:30〜17:00（12:00〜13:00を除く。）,土曜・日曜日、国民の祝日及び年末年始（12/29〜1/3）,機器・設備の利用料金については、ご相談時に担当研究員にお問合わせください。,・ＪＲ嵯峨野線「丹波口駅」下車、西へ徒歩約6分・市バス「市立病院前」下車、東へ徒歩約4分・市バス「京都リサーチパーク前」下車、西へ徒歩約6分・市バス「西大路五条」下車、東へ徒歩約8分,初めてご利用される方や、担当のチーム・研究員がわからない方は、総合相談窓口（075-326-6133)にお問合せください。,,産技研,,,,,,,,,,,,,,,,,,,,,,,,,,,,
産業観光局,北部農業振興センター,1000001036,北部農業振興センター,ほくぶのうぎょうしんこうせんたー,35.04097,135.75398,130,1,,603-8511,京都市北区紫野東御所田町33-1 北区総合庁舎内,,,075-366-2010,075-366-2453,,,,,,,,,,,,,,,,,,,,,,,,,,,,,,,,,,,,,
産業観光局,南部農業振興センター,1000001037,南部農業振興センター,なんぶのうぎょうしんこうせんたー,34.93593496,135.7612646,130,11,,612-8511,京都市伏見区鷹匠町39-2,,,075-585-3202,075-574-7213,,,,,,,,,,,,,,,,,,,,,,,,,,,,,,,,,,,,,
産業観光局,南部農業振興センター洛西分室,1000001038,南部農業振興センター洛西分室,なんぶのうぎょうしんこうせんたーらくさいぶんしつ,34.96433,135.67465,130,10,,610-1143,京都市西京区大原野東境谷町二丁目1-2　洛西総合庁舎内,,,075-323-7321,075-323-7350,,,,,,,,,,,,,,,,,,,,,,,,,,,,,,,,,,,,,
産業観光局,京北・左京山間部農林業振興センター,1000001039,京北・左京山間部農林業振興センター,けいほくさきょうさんかんぶのうりんぎょうしんこうせんたー,35.15532,135.63344,130,9,,601-0251,京都市右京区京北周山町上寺田1-1　京北合同庁舎内,,,075-852-1817　,075-852-1827,,,,,,,,,,,,,,,,,,,,,,,,,,,,,,,,,,,,,
文化市民局,芸術大学,1000001040,芸術大学,げいじゅつだいがく,34.97423,135.66402,127,10,,610-1197,京都市西京区大枝沓掛町13-6,,京都市,075-334-2200,075-332-0709,http://www.kcua.ac.jp/,,,,,,,,,,,,,,,,,,,,,,,,,,,,,,,,,,,,
上下水道局,総務部お客さまサービス推進室,1000001043,上下水道局東部営業所,じょうげすいどうきょくとうぶえいぎょうしょ,34.97684,135.81404,105,6,水道料金・下水道使用料のお支払い、開栓・閉栓のお申込み、使用水量のお問い合わせ、修繕のお問い合わせなどをお受けしています。,607-8169,京都市山科区椥辻西浦町1-11,,京都市,075-592-3058,075-501-1746,https://www.city.kyoto.lg.jp/suido/page/0000007093.html,,8:30〜17:15,土曜日、日曜日、祝日、12/29〜1/3,,地下鉄東西線「椥辻駅」下車、北へ約550メートル（徒歩7分）／京阪バス「八反畑」バス停下車、南西へ約250メートル（徒歩4分） ,,担当区域は東山区、山科区、伏見区の醍醐支所管内です。,,,,,,,,,,,,,,,,,,,,,,,,,,,,,
上下水道局,総務部お客さまサービス推進室,1000001045,上下水道局南部営業所,じょうげすいどうきょくなんぶえいぎょうしょ,34.93568429,135.7607925,105,11,水道料金・下水道使用料のお支払い、開栓・閉栓のお申込み、使用水量のお問い合わせ、修繕のお問い合わせなどをお受けしています。,612-8062,京都市伏見区鷹匠町33,,京都市,075-605-2011,075-605-1370,https://www.city.kyoto.lg.jp/suido/page/0000007093.html,,8:30〜17:15,土曜日、日曜日、祝日、12/29〜1/3,,市バス「肥後町」バス停下車、東へ約300メートル（徒歩4分）／近鉄京都線「近鉄丹波橋駅」・京阪本線「丹波橋駅」下車、南へ約700メートル（徒歩9分）,,担当区域は下京区、南区、伏見区（醍醐支所管内を除く。）です。,,,,,,,,,,,,,,,,,,,,,,,,,,,,,
上下水道局,総務部お客さまサービス推進室,1000001046,上下水道局西部営業所,じょうげすいどうきょくせいぶえいぎょうしょ,35.01114489,135.7179331,105,9,水道料金・下水道使用料のお支払い、開栓・閉栓のお申込み、使用水量のお問い合わせ、修繕のお問い合わせなどをお受けしています。,616-8084,京都市右京区太秦安井一町田町14,,京都市,075-841-9184,075-801-9629,https://www.city.kyoto.lg.jp/suido/page/0000007093.html,,8:30〜17:15,土曜日、日曜日、祝日、12/29〜1/3,,地下鉄東西線「太秦天神川駅」下車、東へ約200メートル（徒歩3分）／京福電鉄（嵐電）「嵐電天神川駅」下車、東へ約350メートル（徒歩5分）／市バス「京都学園大学前」バス停下車すぐ,,担当区域は右京区、西京区です。,,,,,,,,,,,,,,,,,,,,,,,,,,,,,
上下水道局,総務部お客さまサービス推進室,1000001048,上下水道局北部営業所,じょうげすいどうきょくほくぶえいぎょうしょ,35.04278,135.78041,105,3,水道料金・下水道使用料のお支払い、開栓・閉栓のお申込み、使用水量のお問い合わせ、修繕のお問い合わせなどをお受けしています。,606-8104,京都市左京区高野竹屋町4-1,,京都市,075-722-7700,075-722-7704,https://www.city.kyoto.lg.jp/suido/page/0000007093.html,,8:30〜17:15,土曜日、日曜日、祝日、12/29〜1/3,,京都バス「高野車庫」バス停下車、東へすぐ／市バス「高野橋東詰」バス停下車、北へ約100メートル（徒歩2分）,,担当区域は北区、上京区、左京区、中京区です。,,,,,,,,,,,,,,,,,,,,,,,,,,,,,
上下水道局,総務部お客さまサービス推進室,1000001051,お客さま窓口サービスコーナー（京都市上下水道局総合庁舎）,じょうげすいどうきょくおきゃくさままどぐちさーびすこーなー,34.971,135.75614,105,8,水道料金・下水道使用料のお支払い、開栓・閉栓のお申込み、使用水量のお問い合わせ、修繕のお問い合わせなどをお受けしています。,601-8116,京都市南区上鳥羽鉾立町11-3,,京都市,075-672-7770,075-672-7773,https://www.city.kyoto.lg.jp/suido/page/0000007093.html,,電話受付時間8：30〜21：00窓口受付時間　平日　  8：30〜19：00土日祝　10：00〜17：00　,12/29〜1/3＊電話受付は年中無休,,JR・近鉄・市営地下鉄烏丸線「京都駅」下車、八条東口から南へ約240メートル（徒歩3分） ／市バス「京都駅八条口アバンティ前」バス停下車すぐ,,,,,,,,,,,,,,,,,,,,,,,,,,,,,,,
上下水道局,総務部総務課,1000001052,琵琶湖疏水記念館,びわこそすいきねんかん,35.01192,135.7882,105,3,明治の大事業である琵琶湖疏水について、建設当時の疏水関連の図面や絵図、工事に関わった人々の苦労をしのばせるいろいろな資料などを展示しています。,606-8437,京都市左京区南禅寺草川町17,,京都市,075-752-2530,075-752-2532,https://biwakososui-museum.jp/,,9:00〜17:00（入館時間は16:30まで）,毎週月曜日及び年末年始（12/29〜1/3）※月曜日が祝日・休日の場合は翌平日休館,無料,地下鉄東西線「蹴上」下車、徒歩7分／市バス「南禅寺・疏水記念館・動物園東門前」バス停下車すぐ、「岡崎法勝寺町」バス停下車、徒歩4分,,,,,,,,,,,,,,,,,,,,,,,,,,,,,,,
交通局,企画総務部営業推進課,1000001053,交通局・交通局案内所（太秦天神川）,こうつうきょく・こうつうきょくあんないしょ（うずまさてんじんがわ）,35.01015,135.71591,104,9,-,616-8104,京都市右京区太秦下刑部町12 SANSA右京内,,,(交通局）075-863-5000/(案内所）075-863-5200,075-863-5201（代表）,https://www.city.kyoto.lg.jp/kotsu/index.html,,7:30〜19:30,,,,,,,,,,,,,,,,,,,,,,,,,,,,,,,,,,
交通局,自動車部管理課,1000001054,交通局西賀茂営業所,こうつうきょくにしがもえいぎょうしょ,35.06481,135.74478,104,1,,603-8812,京都市北区西賀茂山ノ森町50,,,075-492-6941,075-495-0726,,,,,,,,,,,,,,,,,,,,,,,,,,,,,,,,,,,,,
交通局,自動車部管理課,1000001055,交通局烏丸営業所,こうつうきょくからすまえいぎょうしょ,35.04471,135.75835,104,1,,603-8142,京都市北区小山北上総町49,,,075-491-0430,075-495-0729,,,,,,,,,,,,,,,,,,,,,,,,,,,,,,,,,,,,,
交通局,自動車部管理課,1000001056,交通局錦林出張所,こうつうきょくきんりんしゅっちょうじょ,35.021,135.79192,104,3,,606-8414,京都市左京区浄土寺真如町155,,,075-771-5720,075-761-2358,,,,,,,,,,,,,,,,,,,,,,,,,,,,,,,,,,,,,
交通局,自動車部管理課,1000001057,交通局九条営業所,こうつうきょくくじょうえいぎょうしょ,34.97923,135.75625,104,8,,601-8047,京都市南区東九条下殿田町70,,,075-691-0057/075-693-3966,075-661-8804075-693-3963,,,,,,,,,,,,,,,,,,,,,,,,,,,,,,,,,,,,,
交通局,自動車部管理課,1000001058,交通局梅津営業所,こうつうきょくうめづえいぎょうしょ,35.00381,135.7176,104,9,,615-0058,京都市右京区西院笠目町9-15,,,075-311-0997/075-326-3501,075-314-9686075-326-3550,,,,,,,,,,,,,,,,,,,,,,,,,,,,,,,,,,,,,
交通局,自動車部管理課,1000001059,交通局洛西営業所,こうつうきょくらくさいえいぎょうしょ,34.96905,135.67408,104,10,,610-1142,京都市西京区大枝東新林町2-1,,,075-331-7821,075-331-4279,,,,,,,,,,,,,,,,,,,,,,,,,,,,,,,,,,,,,
交通局,自動車部管理課,1000001060,交通局横大路営業所,こうつうきょくよこおおじえいぎょうしょ,34.92589,135.74384,104,11,,612-8293,京都市伏見区横大路橋本24-1,,,075-601-9391075-612-3883,075-603-3024075-612-8839,,,,,,,,,,,,,,,,,,,,,,,,,,,,,,,,,,,,,
交通局,企画総務部営業推進課,1000001061,京都駅前案内所,きょうとえきまえあんないしょ,34.98647,135.75942,104,7,-,600-8216,JR京都駅前バス総合案内所内,,京都市,075-371-4474,075-863-5201(代表）,,,7:30〜19:30,,,,,,,,,,,,,,,,,,,,,,,,,,,,,,,,,,
交通局,企画総務部営業推進課,1000001062,コトチカ京都案内所,ことちかきょうとあんないしょ,34.98666,135.75995,104,7,-,600-8216,地下鉄京都駅中央１改札口横,,京都市,075-371-9866,075-863-5201(代表）,,,7:30〜19:30,,,,,,,,,,,,,,,,,,,,,,,,,,,,,,,,,,
交通局,企画総務部営業推進課,1000001063,北大路案内所,きたおおじあんないしょ,35.04402,135.75869,104,1,-,603-8142,北大路バスターミナル内,,京都市,075-493-0410,075-863-5201(代表）,,,7:30〜19:30,,,,,,,,,,,,,,,,,,,,,,,,,,,,,,,,,,
交通局,企画総務部営業推進課,1000001064,烏丸御池駅案内所,からすまおいけあんないしょ,35.01091,135.75953,104,4,-,604-8171,地下鉄烏丸御池駅構内,,京都市,075-213-1650,075-863-5201(代表）,,,7:30〜19:30,,,,,,,,,,,,,,,,,,,,,,,,,,,,,,,,,,
交通局,企画総務部営業推進課,1000001065,四条定期券発売所,しじょうていきけんはつばいしょ,35.00198,135.75961,104,7,-,600-8412,京都市下京区二帖半敷町,,京都市,075-343-3784,075-752-6071（代表）,,,（月〜土※祝除く）7:30〜19:30（日祝）9:00〜17:00,,,,,,,,,,,,,,,,,,,,,,,,,,,,,,,,,,
交通局,企画総務部営業推進課,1000001066,三条京阪定期券発売所,さんじょうけいはんていきけんはつばいしょ,35.0093,135.77447,104,5,-,605-0009,京都市東山区大橋町,,京都市,075-752-6071,075-752-6071（代表）,,,（月〜土※祝除く）7:30〜19:30（日祝）9:00〜17:00,,,,,,,,,,,,,,,,,,,,,,,,,,,,,,,,,,
交通局,企画総務部営業推進課,1000001067,京都駅前定期券発売所,きょうとえきまえていきけんはつばいしょ,34.98648,135.75949,104,7,-,600-8216,京都市下京区東塩小路町,,京都市,075-371-6622,075-752-6071（代表）,,,（月〜土※祝除く）7:30〜19:30（日祝）9:00〜17:00,,,,,,,,,,,,,,,,,,,,,,,,,,,,,,,,,,
交通局,企画総務部営業推進課,1000001068,北大路定期券発売所,きたおおじていきけんはつばいしょ,35.04415,135.75864,104,1,-,603-8142,京都市北区小山北上総町　北大路バスターミナル内地下３階,,京都市,075-492-3208,075-752-6071（代表）,,,（月〜土※祝除く）7:30〜19:30（日祝）9:00〜17:00,,,,,,,,,,,,,,,,,,,,,,,,,,,,,,,,,,
交通局,企画総務部営業推進課,1000001069,竹田定期券発売所,たけだていきけんはつばいしょ,34.95689,135.75631,104,11,-,612-8421,京都市伏見区竹田桶ノ井町,,京都市,075-642-0626,075-752-6071（代表）,,,（月〜土※祝除く）12:00〜19:30（日祝）9:00〜17:00,,,,,,,,,,,,,,,,,,,,,,,,,,,,,,,,,,
交通局,企画総務部営業推進課,1000001070,二条定期券発売所,にじょうていきけんはつばいしょ,35.01173,135.74142,104,4,-,604-8415,京都市中京区西ノ京栂尾町,,京都市,075-823-2265,075-752-6071（代表）,,,（月〜土※祝除く）12:00〜19:30（日祝）9:00〜17:00,,,,,,,,,,,,,,,,,,,,,,,,,,,,,,,,,,
交通局,企画総務部営業推進課,1000001071,六地蔵定期券発売所,ろくじぞうていきけんはつばいしょ,34.93418,135.79663,104,,-,611-0001,京都府宇治市六地蔵奈良町,,京都市,0774-32-2390,075-752-6071（代表）,,,（月〜土※祝除く）12:00〜19:30（日祝）9:00〜17:00,,,,,,,,,,,,,,,,,,,,,,,,,,,,,,,,,,
交通局,企画総務部営業推進課,1000001072,山科定期券発売所,やましなていきけんはつばいしょ,34.9919,135.8174,104,6,-,607-8011,京都市山科区安朱南屋敷町,,京都市,075-595-2930,075-752-6071（代表）,,,（月〜土※祝除く）7:30〜19:30（日祝）9:00〜17:00,,,,,,,,,,,,,,,,,,,,,,,,,,,,,,,,,,
交通局,企画総務部営業推進課,1000001073,梅津定期券発売所,うめづていきけんはつばいしょ,35.00381,135.71772,104,9,-,615-0058,京都市右京区西院笠目町9-15,,京都市,075-311-0997,075-752-6071（代表）,,,（月〜土※祝除く）12:00〜19:30（日祝）9:00〜17:00,,,,,月末5日〜月始5日のみ営業,,,,,,,,,,,,,,,,,,,,,,,,,,,,,
交通局,企画総務部営業推進課,1000001074,洛西定期券発売所,らくさいていきけんはつばいしょ,34.96904,135.67429,104,10,-,610-1142,京都市西京区大枝東新林町2-1,,京都市,075-331-7821,075-752-6071（代表）,,,（月〜土※祝除く）12:00〜19:30（日祝）9:00〜17:00,,,,,月末5日〜月始5日のみ営業,,,,,,,,,,,,,,,,,,,,,,,,,,,,,
交通局,企画総務部営業推進課,1000001075,横大路定期券発売所,よこおおじていきけんはつばいしょ,34.92588,135.74394,104,11,-,612-8293,京都市伏見区横大路橋本24-1,,京都市,075-601-9391,075-752-6071（代表）,,,（月〜土※祝除く）12:00〜19:30（日祝）9:00〜17:00,,,,,月末2日〜月始1日のみ営業,,,,,,,,,,,,,,,,,,,,,,,,,,,,,
交通局,企画総務部営業推進課,1000001076,西賀茂定期券発売所,にしがもていきけんはつばいしょ,35.06449,135.74454,104,1,-,603-8812,京都市北区西賀茂山ノ森町50,,京都市,075-492-6941,075-752-6071（代表）,,,（月〜土※祝除く）12:00〜19:30（日祝）9:00〜17:00,,,,,月末2日〜月始1日のみ営業,,,,,,,,,,,,,,,,,,,,,,,,,,,,,
交通局,高速鉄道部管理課,1000001077,地下鉄東西線六地蔵駅,ちかてつとうざいせんろくじぞうえき,34.93371,135.7964,104,,,611-0001,宇治市六地蔵奈良町,,京都市,0774-32-2299,,https://www.city.kyoto.lg.jp/kotsu/page/0000009857.html,,,,,,,,,,,,,,,,,,,,,,,,,,,,,,,,,,,,
交通局,高速鉄道部管理課,1000001078,地下鉄東西線石田駅,ちかてつとうざいせんいしだえき,34.94057,135.80399,104,11,,601-1439,京都市伏見区石田森東町,,京都市,075-572-2232,,https://www.city.kyoto.lg.jp/kotsu/page/0000009864.html,,,,,,,,,,,,,,,,,,,,,,,,,,,,,,,,,,,,
交通局,高速鉄道部管理課,1000001079,地下鉄東西線醍醐駅,ちかてつとうざいせんだいごえき,34.9507,135.81061,104,11,,601-1375,京都市伏見区醍醐高畑町,,京都市,075-572-9944,,https://www.city.kyoto.lg.jp/kotsu/page/0000009871.html,,,,,,,,,,,,,,,,,,,,,,,,,,,,,,,,,,,,
交通局,高速鉄道部管理課,1000001080,地下鉄東西線小野駅,ちかてつとうざいせんおのえき,34.96121,135.81272,104,6,,607-8258,京都市山科区小野西浦,,京都市,075-572-0013,,https://www.city.kyoto.lg.jp/kotsu/page/0000009899.html,,,,,,,,,,,,,,,,,,,,,,,,,,,,,,,,,,,,
交通局,高速鉄道部管理課,1000001081,地下鉄東西線椥辻駅,ちかてつとうざいせんなぎつじえき,34.97264,135.81484,104,6,,607-8162,京都市山科区椥辻草海道町,,京都市,075-502-0710,,https://www.city.kyoto.lg.jp/kotsu/page/0000009911.html,,,,,,,,,,,,,,,,,,,,,,,,,,,,,,,,,,,,
交通局,高速鉄道部管理課,1000001082,地下鉄東西線東野駅,ちかてつとうざいせんひがしのえき,34.98183,135.81661,104,6,,607-8156,京都市山科区東野片下り町,,京都市,075-594-0760,,https://www.city.kyoto.lg.jp/kotsu/page/0000009925.html,,,,,,,,,,,,,,,,,,,,,,,,,,,,,,,,,,,,
交通局,高速鉄道部管理課,1000001083,地下鉄東西線山科駅,ちかてつとうざいせんやましなえき,34.99121,135.81736,104,6,,607-8011,京都市山科区安朱南屋敷町,,京都市,075-595-2750,,https://www.city.kyoto.lg.jp/kotsu/page/0000009937.html,,,,,,,,,,,,,,,,,,,,,,,,,,,,,,,,,,,,
交通局,高速鉄道部管理課,1000001084,地下鉄東西線御陵駅,ちかてつとうざいせんみささぎえき,34.99614,135.80163,104,6,,607-8424,京都市山科区御陵原西町,,京都市,075-595-0990,,https://www.city.kyoto.lg.jp/kotsu/page/0000009946.html,,,,,,,,,,,,,,,,,,,,,,,,,,,,,,,,,,,,
交通局,高速鉄道部管理課,1000001085,地下鉄東西線蹴上駅,ちかてつとうざいせんけあげえき,35.00801,135.79023,104,5,,605-0044,京都市東山区東小物座町,,京都市,075-752-6062,,https://www.city.kyoto.lg.jp/kotsu/page/0000009957.html,,,,,,,,,,,,,,,,,,,,,,,,,,,,,,,,,,,,
交通局,高速鉄道部管理課,1000001086,地下鉄東西線東山駅,ちかてつとうざいせんひがしやまえき,35.00941,135.77989,104,5,,605-0022,京都市東山区大井手町,,京都市,075-752-6076,,https://www.city.kyoto.lg.jp/kotsu/page/0000009969.html,,,,,,,,,,,,,,,,,,,,,,,,,,,,,,,,,,,,
交通局,高速鉄道部管理課,1000001087,地下鉄東西線三条京阪駅,ちかてつとうざいせんさんじょうけいはんえき,35.00927,135.77377,104,5,,605-0009,京都市東山区大橋町,,京都市,075-751-0510,,https://www.city.kyoto.lg.jp/kotsu/page/0000009980.html,,,,,,,,,,,,,,,,,,,,,,,,,,,,,,,,,,,,
交通局,高速鉄道部管理課,1000001088,地下鉄東西線京都市役所前駅,ちかてつとうざいせんきょうとしやくしょまええき,35.01099,135.76882,104,4,,604-8006,京都市中京区下丸屋町,,京都市,075-213-1364,,https://www.city.kyoto.lg.jp/kotsu/page/0000009988.html,,,,,,,,,,,,,,,,,,,,,,,,,,,,,,,,,,,,
交通局,高速鉄道部管理課,1000001089,地下鉄東西線二条城前駅,ちかてつとうざいせんにじょうじょうまええき,35.01189,135.75046,104,4,,604-8301,京都市中京区二条城町,,京都市,075-822-4591,,https://www.city.kyoto.lg.jp/kotsu/page/0000009992.html,,,,,,,,,,,,,,,,,,,,,,,,,,,,,,,,,,,,
交通局,高速鉄道部管理課,1000001090,地下鉄東西線二条駅,ちかてつとうざいせんにじょうえき,35.01205,135.74175,104,4,,604-8416,京都市中京区西ノ京星池町地先,,京都市,075-823-2208,,https://www.city.kyoto.lg.jp/kotsu/page/0000009997.html,,,,,,,,,,,,,,,,,,,,,,,,,,,,,,,,,,,,
交通局,高速鉄道部管理課,1000001091,地下鉄烏丸線国際会館駅,ちかてつからすませんこくさいかいかんえき,35.06294,135.78521,104,3,,606-0001,京都市左京区岩倉大鷺町,,京都市,075-721-5333,,https://www.city.kyoto.lg.jp/kotsu/page/0000009329.html,,,,,,,,,,,,,,,,,,,,,,,,,,,,,,,,,,,,
交通局,高速鉄道部管理課,1000001092,地下鉄烏丸線松ヶ崎駅,ちかてつからすませんまつがさきえき,35.05165,135.77711,104,3,,606-0915,京都市左京区松ヶ崎六ノ坪町,,京都市,075-703-6853,,https://www.city.kyoto.lg.jp/kotsu/page/0000009347.html,,,,,,,,,,,,,,,,,,,,,,,,,,,,,,,,,,,,
交通局,高速鉄道部管理課,1000001093,地下鉄烏丸線北山駅,ちかてつからすませんきたやまえき,35.05117,135.76633,104,1,,603-8053,京都市北区上賀茂岩ヶ垣内町,,京都市,075-723-2882,,https://www.city.kyoto.lg.jp/kotsu/page/0000009363.html,,,,,,,,,,,,,,,,,,,,,,,,,,,,,,,,,,,,
交通局,高速鉄道部管理課,1000001094,地下鉄烏丸線北大路駅,ちかてつからすませんきたおおじえき,35.04497,135.75866,104,1,,603-8142,京都市北区小山北上総町,,京都市,075-493-3488,,https://www.city.kyoto.lg.jp/kotsu/page/0000009393.html,,,,,,,,,,,,,,,,,,,,,,,,,,,,,,,,,,,,
交通局,高速鉄道部管理課,1000001095,地下鉄烏丸線鞍馬口駅,ちかてつからすませんくらまぐちえき,35.03738,135.75929,104,2,,602-0894,京都市上京区上御霊中町,,京都市,075-431-0666,,https://www.city.kyoto.lg.jp/kotsu/page/0000009408.html,,,,,,,,,,,,,,,,,,,,,,,,,,,,,,,,,,,,
交通局,高速鉄道部管理課,1000001096,地下鉄烏丸線今出川駅,ちかてつからすませんいまでがわえき,35.03016,135.75938,104,2,,602-0032,京都市上京区岡松町,,京都市,075-441-6780,,https://www.city.kyoto.lg.jp/kotsu/page/0000009419.html,,,,,,,,,,,,,,,,,,,,,,,,,,,,,,,,,,,,
交通局,高速鉄道部管理課,1000001097,地下鉄烏丸線丸太町駅,ちかてつからすませんまるたまちえき,35.01656,135.75952,104,4,,604-0861,京都市中京区大倉町,,京都市,075-221-3192,,https://www.city.kyoto.lg.jp/kotsu/page/0000009434.html,,,,,,,,,,,,,,,,,,,,,,,,,,,,,,,,,,,,
交通局,高速鉄道部管理課,1000001098,地下鉄烏丸・東西線烏丸御池駅,ちかてつからすません・とうざいせんからすまおいけえき,35.01052,135.75962,104,4,,604-8171,京都市中京区虎屋町,,京都市,075-221-3193,,https://www.city.kyoto.lg.jp/kotsu/page/0000009448.html,,,,,,,,,,,,,,,,,,,,,,,,,,,,,,,,,,,,
交通局,高速鉄道部管理課,1000001099,地下鉄烏丸線四条駅,ちかてつからすませんしじょうえき,35.0023,135.75966,104,7,,600-8412,京都市下京区二帖半敷町,,京都市,075-343-6870,,https://www.city.kyoto.lg.jp/kotsu/page/0000009769.html,,,,,,,,,,,,,,,,,,,,,,,,,,,,,,,,,,,,
交通局,高速鉄道部管理課,1000001100,地下鉄烏丸線五条駅,ちかてつからすませんごじょうえき,34.99517,135.75973,104,7,,600-8177,京都市下京区大坂町,,京都市,075-343-6871,,https://www.city.kyoto.lg.jp/kotsu/page/0000009779.html,,,,,,,,,,,,,,,,,,,,,,,,,,,,,,,,,,,,
交通局,高速鉄道部管理課,1000001101,地下鉄烏丸線京都駅,ちかてつからすませんきょうとえき,34.98552,135.76018,104,7,,600-8216,京都市下京区東塩小路町,,京都市,075-343-6872,,https://www.city.kyoto.lg.jp/kotsu/page/0000009812.html,,,,,,,,,,,,,,,,,,,,,,,,,,,,,,,,,,,,
交通局,高速鉄道部管理課,1000001102,地下鉄烏丸線九条駅,ちかてつからすませんくじょうえき,34.97906,135.75965,104,8,,601-8041,京都市南区東九条南烏丸町,,京都市,075-681-7593,,https://www.city.kyoto.lg.jp/kotsu/page/0000009829.html,,,,,,,,,,,,,,,,,,,,,,,,,,,,,,,,,,,,
交通局,高速鉄道部管理課,1000001103,地下鉄烏丸線十条駅,ちかてつからすませんじゅうじょうえき,34.97212,135.75968,104,8,,601-8033,京都市南区東九条南石田町,,京都市,075-681-7623,,https://www.city.kyoto.lg.jp/kotsu/page/0000009838.html,,,,,,,,,,,,,,,,,,,,,,,,,,,,,,,,,,,,
交通局,高速鉄道部管理課,1000001104,地下鉄烏丸線くいな橋駅,ちかてつからすませんくいなばしえき,34.96267,135.75744,104,11,,612-8415,京都市伏見区竹田中島町,,京都市,075-643-5596,,https://www.city.kyoto.lg.jp/kotsu/page/0000009844.html,,,,,,,,,,,,,,,,,,,,,,,,,,,,,,,,,,,,
交通局,高速鉄道部管理課,1000001105,地下鉄烏丸線竹田駅,ちかてつからすませんたけだえき,34.95689,135.7561,104,11,,612-8421,京都市伏見区竹田桶ノ井町,,京都市,075-644-0989,,https://www.city.kyoto.lg.jp/kotsu/page/0000009853.html,,,,,,,,,,,,,,,,,,,,,,,,,,,,,,,,,,,,
人事委員会事務局,,1000001106,人事委員会事務局,じんじいいんかいじむきょく,34.9970832,135.7767027,101,4,,605-8511,京都市東山区清水五丁目130番地の６　東山区総合庁舎北館1階,,,075-746-6403,075-746-6697,http://www.city.kyoto.lg.jp/jinji/soshiki/32-2-0-0-0.html,,,,,,,,,,,,,,,,,,,,,,,,,,,,,,,,,,,,
選挙管理委員会事務局,,1000001107,選挙管理委員会事務局,せんきょかんりいいんかいじむきょく,35.01246,135.76774,101,4,,604-8571,京都市中京区寺町通御池上る上本能寺前町488　京都市役所　分庁舎１階,,,075-222-3589,075-241-9230,https://www.city.kyoto.lg.jp/menu5/category/78-0-0-0-0-0-0-0-0-0.html,,,,,,,,,,,,,,,,,,,,,,,,,,,,,,,,,,,,
監査事務局,,1000001108,監査事務局,かんさじむきょく,35.01587,135.77283,101,3,,606-8396,京都市左京区川端通丸太町下る下堤町94番地の8,,,075-708-2732,075-708-2768,http://www.city.kyoto.lg.jp/menu5/category/77-0-0-0-0-0-0-0-0-0.html,,,,,,,,,,,,,,,,,,,,,,,,,,,,,,,,,,,,
農業委員会事務局,,1000001109,農業委員会事務局,のうぎょういいんかいじむきょく,35.0129,135.76817,130,4,-,604-8571,京都市中京区寺町通御池上る上本能寺前町488番地　,,,075-222-4050,075-212-9084,http://www.city.kyoto.lg.jp/menu2/category/32-11-0-0-0-0-0-0-0-0.html,,午前8時45分〜12時午後1時〜5時30分,土、日、祝休日、年末年始,,,,,,,,,,,,,,,,,,,,,,,,,,,,,,,,,
農業委員会事務局,,1000001110,農業委員会事務局京北窓口,のうぎょういいんかいじむきょくけいほくまどぐち,35.15524,135.63334,130,9,-,601-0251,京都市右京区京北周山町上寺田1-1　京北合同庁舎内,,,075-852-1825,075-852-1827,http://www.city.kyoto.lg.jp/menu2/category/32-11-0-0-0-0-0-0-0-0.html,,,,,,,,,,,,,,,,,,,,,,,,,,,,,,,,,,,,
文化市民局,地域自治推進室,1000001111,市役所証明書発行コーナー,しやくしょしょうめいしょはっこうこーなー,35.01204,135.76792,107,4,-,604-8571,京都市中京区寺町通御池上る上本能寺前町４８８番地　京都市役所北庁舎　１階,,京都市,075-222-4110,,http://www.city.kyoto.lg.jp/bunshi/page/0000003189.html,,月〜日　9:00〜17:00,祝日、振替休日、国民の休日、12/29〜1/3,,,,,,,,,,,,,,,,,,,,,,,,,,,,,,,,,
文化市民局,地域自治推進室,1000001115,地下鉄竹田駅証明書発行コーナー,ちかてつたけだえきしょうめいしょはっこうこーなー,34.95689,135.75641,107,11,-,612-8421,京都市伏見区竹田桶の井町　竹田駅東口１階定期券売場横,,京都市,075-642-0712,,http://www.city.kyoto.lg.jp/bunshi/page/0000003189.html,,月〜金　9:00〜17:00,土・日、祝日、振替休日、国民の休日、12/29〜1/3,,,,,,,,,,,,,,,,,,,,,,,,,,,,,,,,,
文化市民局,地域自治推進室,1000001116,地下鉄山科駅証明書発行コーナー,ちかてつやましなえきしょうめいしょはっこうこーなー,34.99142,135.81695,107,7,-,607-8012,京都市山科区安朱桟敷町23　ラクトＡ棟地下１階,,京都市,075-502-2255,,http://www.city.kyoto.lg.jp/bunshi/page/0000003189.html,,月〜金　9:00〜17:00,土・日、祝日、振替休日、国民の休日、12/29〜1/3,,,,,,,,,,,,,,,,,,,,,,,,,,,,,,,,,
文化市民局,地域自治推進室,1000001117,地下鉄北大路駅証明書発行コーナー,ちかてつきたおおじえきしょうめいしょはっこうこーなー,35.04415,135.75876,107,1,-,603-8142,京都市北区小山北上総町49-1　キタオオジタウン地下３階定期券売場横,,京都市,075-494-5253,,http://www.city.kyoto.lg.jp/bunshi/page/0000003189.html,,月〜金　9:00〜17:00,土・日、祝日、振替休日、国民の休日、12/29〜1/3,,,,,,,,,,,,,,,,,,,,,,,,,,,,,,,,,
文化市民局,地域自治推進室,1000001118,桂駅証明書発行コーナー,かつらえきしょうめいしょはっこうこーなー,34.97963,135.70351,107,10,-,615-8073,京都市西京区桂野里町17　阪急桂駅東口１階ミュー阪急桂イースト,,京都市,075-382-5549,,http://www.city.kyoto.lg.jp/bunshi/page/0000003189.html,,月〜金　9:00〜17:00,土・日、祝日、振替休日、国民の休日、12/29〜1/3,,,,,,,,,,,,,,,,,,,,,,,,,,,,,,,,,
都市計画局,住宅管理課,1000001119,上賀茂市営住宅,かみがもしえいじゅうたく,35.06688,135.7508,134,1,,603-8047,京都市北区上賀茂本山,,京都市住宅供給公社,入居等の問い合わせは、京都市住宅供給公社（075-223-2701)まで,,http://www.kyoto-jkosha.or.jp/cgi-bin/cms/index.cgi,,,,,,,,,,,,,,,,,,,,,,,,,,,,,,,,,,,,
都市計画局,住宅管理課,1000001121,楽只市営住宅,らくししえいじゅうたく,35.04196,135.73757,134,1,,604-8447,京都市北区紫野北花ノ坊町,,京都市住宅供給公社,入居等の問い合わせは、京都市住宅供給公社（075-223-2140)まで,,http://www.kyoto-jkosha.or.jp/cgi-bin/cms/index.cgi,,,,,,,,,,,,,,,,,,,,,,,,,,,,,,,,,,,,
都市計画局,住宅管理課,1000001122,東天王町市営住宅,ひがしてんのうちょうしえいじゅうたく,35.0164,135.7867,134,3,,606-8335,京都市左京区岡崎天王町,,京都市住宅供給公社,入居等の問い合わせは、京都市住宅供給公社（075-223-2701)まで,,http://www.kyoto-jkosha.or.jp/cgi-bin/cms/index.cgi,,,,,,,,,,,,,,,,,,,,,,,,,,,,,,,,,,,,
都市計画局,住宅管理課,1000001123,岡崎市営住宅,おかざきしえいじゅうたく,35.01438,135.77906,134,3,,606-8342,京都市左京区岡崎最勝寺町,,京都市住宅供給公社,入居等の問い合わせは、京都市住宅供給公社（075-223-2140)まで,,http://www.kyoto-jkosha.or.jp/cgi-bin/cms/index.cgi,,,,,,,,,,,,,,,,,,,,,,,,,,,,,,,,,,,,
都市計画局,住宅管理課,1000001124,錦林市営住宅,きんりんしえいじゅうたく,35.01639,135.79274,134,3,,606-8432,京都市左京区鹿ケ谷高岸町,,京都市住宅供給公社,入居等の問い合わせは、京都市住宅供給公社（075-223-2140)まで,,http://www.kyoto-jkosha.or.jp/cgi-bin/cms/index.cgi,,,,,,,,,,,,,,,,,,,,,,,,,,,,,,,,,,,,
都市計画局,住宅管理課,1000001125,養正市営住宅,ようせいしえいじゅうたく,35.03225,135.77535,134,3,,606-8205,京都市左京区田中馬場町,,京都市住宅供給公社,入居等の問い合わせは、京都市住宅供給公社（075-223-2140)まで,,http://www.kyoto-jkosha.or.jp/cgi-bin/cms/index.cgi,,,,,,,,,,,,,,,,,,,,,,,,,,,,,,,,,,,,
都市計画局,住宅管理課,1000001126,高野市営住宅,たかのしえいじゅうたく,35.04857,135.78631,134,3,,606-8111,京都市左京区高野泉町,,京都市住宅供給公社,入居等の問い合わせは、京都市住宅供給公社（075-223-2701)まで,,http://www.kyoto-jkosha.or.jp/cgi-bin/cms/index.cgi,,,,,,,,,,,,,,,,,,,,,,,,,,,,,,,,,,,,
都市計画局,住宅管理課,1000001127,山端北市営住宅,やまばなきたしえいじゅうたく,35.05067,135.78886,134,3,,606-8004,京都市左京区山端川端町,,京都市住宅供給公社,入居等の問い合わせは、京都市住宅供給公社（075-223-2701)まで,,http://www.kyoto-jkosha.or.jp/cgi-bin/cms/index.cgi,,,,,,,,,,,,,,,,,,,,,,,,,,,,,,,,,,,,
都市計画局,住宅管理課,1000001128,山端南市営住宅,やまばなみなみしえいじゅうたく,35.04928,135.78701,134,3,,606-8004,京都市左京区山端川端町,,京都市住宅供給公社,入居等の問い合わせは、京都市住宅供給公社（075-223-2701)まで,,http://www.kyoto-jkosha.or.jp/cgi-bin/cms/index.cgi,,,,,,,,,,,,,,,,,,,,,,,,,,,,,,,,,,,,
都市計画局,住宅管理課,1000001130,三宅第二市営住宅,みやけだいにしえいじゅうたく,35.06888,135.79188,134,3,,606-0022,京都市左京区岩倉三宅町,,京都市住宅供給公社,入居等の問い合わせは、京都市住宅供給公社（075-223-2701)まで,,http://www.kyoto-jkosha.or.jp/cgi-bin/cms/index.cgi,,,,,,,,,,,,,,,,,,,,,,,,,,,,,,,,,,,,
都市計画局,住宅管理課,1000001131,壬生東市営住宅,みぶひがししえいじゅうたく,35.00897,135.73305,134,4,,606-8433,京都市中京区西ノ京北小路町,,京都市住宅供給公社,入居等の問い合わせは、京都市住宅供給公社（075-223-2140)まで,,http://www.kyoto-jkosha.or.jp/cgi-bin/cms/index.cgi,,,,,,,,,,,,,,,,,,,,,,,,,,,,,,,,,,,,
都市計画局,住宅管理課,1000001132,二条市営住宅,にじょうしえいじゅうたく,35.00914,135.74122,134,4,,604-8415,京都市中京区西ノ京栂尾町,,京都市住宅供給公社,入居等の問い合わせは、京都市住宅供給公社（075-223-2701)まで,,http://www.kyoto-jkosha.or.jp/cgi-bin/cms/index.cgi,,,,,,,,,,,,,,,,,,,,,,,,,,,,,,,,,,,,
都市計画局,住宅管理課,1000001133,三条市営住宅,さんじょうしえいじゅうたく,35.00862,135.7759,134,5,,605-0003,京都市東山区教業町,,京都市住宅供給公社,入居等の問い合わせは、京都市住宅供給公社（075-223-2140)まで,,http://www.kyoto-jkosha.or.jp/cgi-bin/cms/index.cgi,,,,,,,,,,,,,,,,,,,,,,,,,,,,,,,,,,,,
都市計画局,住宅管理課,1000001134,山科市営住宅,やましなしえいじゅうたく,34.98522,135.81019,134,6,,607-8342,京都市山科区西野様子見町,,京都市住宅供給公社,入居等の問い合わせは、京都市住宅供給公社（075-223-2701)まで,,http://www.kyoto-jkosha.or.jp/cgi-bin/cms/index.cgi,,,,,,,,,,,,,,,,,,,,,,,,,,,,,,,,,,,,
都市計画局,住宅管理課,1000001135,東野市営住宅,ひがしのしえいじゅうたく,34.97968,135.82087,134,6,,607-8142,京都市山科区東野中井ノ上町,,京都市住宅供給公社,入居等の問い合わせは、京都市住宅供給公社（075-223-2701)まで,,http://www.kyoto-jkosha.or.jp/cgi-bin/cms/index.cgi,,,,,,,,,,,,,,,,,,,,,,,,,,,,,,,,,,,,
都市計画局,住宅管理課,1000001137,御陵市営住宅,ごりょうしえいじゅうたく,34.98964,135.80818,134,6,,607-8415,京都市山科区御陵中筋町,,京都市住宅供給公社,入居等の問い合わせは、京都市住宅供給公社（075-223-2701)まで,,http://www.kyoto-jkosha.or.jp/cgi-bin/cms/index.cgi,,,,,,,,,,,,,,,,,,,,,,,,,,,,,,,,,,,,
都市計画局,住宅管理課,1000001138,音羽千本市営住宅,おとわせんぼんしえいじゅうたく,34.98303,135.82341,134,6,,607-8071,京都市山科区音羽千本町,,京都市住宅供給公社,入居等の問い合わせは、京都市住宅供給公社（075-223-2701)まで,,http://www.kyoto-jkosha.or.jp/cgi-bin/cms/index.cgi,,,,,,,,,,,,,,,,,,,,,,,,,,,,,,,,,,,,
都市計画局,住宅管理課,1000001139,音羽市営住宅,おとわしえいじゅうたく,34.98512,135.82487,134,6,,607-8066,京都市山科区音羽森廻リ町,,京都市住宅供給公社,入居等の問い合わせは、京都市住宅供給公社（075-223-2701)まで,,http://www.kyoto-jkosha.or.jp/cgi-bin/cms/index.cgi,,,,,,,,,,,,,,,,,,,,,,,,,,,,,,,,,,,,
都市計画局,住宅管理課,1000001140,大宅市営住宅,おおやけしえいじゅうたく,34.97395,135.82181,134,6,,607-8181,京都市山科区大宅打明町,,京都市住宅供給公社,入居等の問い合わせは、京都市住宅供給公社（075-223-2701)まで,,http://www.kyoto-jkosha.or.jp/cgi-bin/cms/index.cgi,,,,,,,,,,,,,,,,,,,,,,,,,,,,,,,,,,,,
都市計画局,住宅管理課,1000001141,椥辻西市営住宅,なぎのつじにししえいじゅうたく,34.97466,135.81013,134,6,,607-8167,京都市山科区椥辻封シ川町,,京都市住宅供給公社,入居等の問い合わせは、京都市住宅供給公社（075-223-2701)まで,,http://www.kyoto-jkosha.or.jp/cgi-bin/cms/index.cgi,,,,,,,,,,,,,,,,,,,,,,,,,,,,,,,,,,,,
都市計画局,住宅管理課,1000001142,椥辻市営住宅,なぎのつじしえいじゅうたく,34.9709,135.81584,134,6,,607-8162,京都市山科区椥辻草海道町,,京都市住宅供給公社,入居等の問い合わせは、京都市住宅供給公社（075-223-2701)まで,,http://www.kyoto-jkosha.or.jp/cgi-bin/cms/index.cgi,,,,,,,,,,,,,,,,,,,,,,,,,,,,,,,,,,,,
都市計画局,住宅管理課,1000001143,西野山市営住宅,にしのやましえいじゅうたく,34.96756,135.80439,134,6,,607-8231,京都市山科区勧修寺堂田,,京都市住宅供給公社,入居等の問い合わせは、京都市住宅供給公社（075-223-2701)まで,,http://www.kyoto-jkosha.or.jp/cgi-bin/cms/index.cgi,,,,,,,,,,,,,,,,,,,,,,,,,,,,,,,,,,,,
都市計画局,住宅管理課,1000001144,勧修寺第一市営住宅,かんしゅうじだいいちしえいじゅうたく,34.97227,135.80776,134,6,,607-8203,京都市山科区栗栖野中臣町,,京都市住宅供給公社,入居等の問い合わせは、京都市住宅供給公社（075-223-2701)まで,,http://www.kyoto-jkosha.or.jp/cgi-bin/cms/index.cgi,,,,,,,,,,,,,,,,,,,,,,,,,,,,,,,,,,,,
都市計画局,住宅管理課,1000001145,勧修寺第二市営住宅,かんしゅうじだいにしえいじゅうたく,34.96915,135.80953,134,6,,607-8211,京都市山科区勧修寺東栗栖野町,,京都市住宅供給公社,入居等の問い合わせは、京都市住宅供給公社（075-223-2701)まで,,http://www.kyoto-jkosha.or.jp/cgi-bin/cms/index.cgi,,,,,,,,,,,,,,,,,,,,,,,,,,,,,,,,,,,,
都市計画局,住宅管理課,1000001146,勧修寺北市営住宅,かんしゅうじきたしえいじゅうたく,34.97321,135.80747,134,6,,607-8202,京都市山科区栗栖野中臣町,,京都市住宅供給公社,入居等の問い合わせは、京都市住宅供給公社（075-223-2701)まで,,http://www.kyoto-jkosha.or.jp/cgi-bin/cms/index.cgi,,,,,,,,,,,,,,,,,,,,,,,,,,,,,,,,,,,,
都市計画局,住宅管理課,1000001147,崇仁市営住宅,すうじんしえいじゅうたく,34.98469,135.76492,134,7,,600-8205,京都市下京区西之町,,京都市住宅供給公社,入居等の問い合わせは、京都市住宅供給公社（075-223-2140)まで,,http://www.kyoto-jkosha.or.jp/cgi-bin/cms/index.cgi,,,,,,,,,,,,,,,,,,,,,,,,,,,,,,,,,,,,
都市計画局,住宅管理課,1000001148,八条市営住宅,はちじょうしえいじゅうたく,34.98114,135.73384,134,8,,601-8569,京都市南区唐橋平垣町,,京都市住宅供給公社,入居等の問い合わせは、京都市住宅供給公社（075-223-2701)まで,,http://www.kyoto-jkosha.or.jp/cgi-bin/cms/index.cgi,,,,,,,,,,,,,,,,,,,,,,,,,,,,,,,,,,,,
都市計画局,住宅管理課,1000001149,唐橋市営住宅,からはししえいじゅうたく,34.97528,135.74069,134,8,,601-8455,京都市南区唐橋芦辺町,,京都市住宅供給公社,入居等の問い合わせは、京都市住宅供給公社（075-223-2701)まで,,http://www.kyoto-jkosha.or.jp/cgi-bin/cms/index.cgi,,,,,,,,,,,,,,,,,,,,,,,,,,,,,,,,,,,,
都市計画局,住宅管理課,1000001150,唐橋第二市営住宅,からはしだいにしえいじゅうたく,34.97654,135.74215,134,8,,601-8454,京都市南区唐橋経田町,,京都市住宅供給公社,入居等の問い合わせは、京都市住宅供給公社（075-223-2701)まで,,http://www.kyoto-jkosha.or.jp/cgi-bin/cms/index.cgi,,,,,,,,,,,,,,,,,,,,,,,,,,,,,,,,,,,,
都市計画局,住宅管理課,1000001151,東松ノ木市営住宅,ひがしまつのきしえいじゅうたく,34.97424,135.76493,134,8,,601-8029,京都市南区東九条東松ノ木町,,京都市住宅供給公社,入居等の問い合わせは、京都市住宅供給公社（075-223-2701)まで,,http://www.kyoto-jkosha.or.jp/cgi-bin/cms/index.cgi,,,,,,,,,,,,,,,,,,,,,,,,,,,,,,,,,,,,
都市計画局,住宅管理課,1000001152,南烏丸市営住宅,みなみからすましえいじゅうたく,34.97777,135.7602,134,8,,601-8041,京都市南区東九条南烏丸町,,京都市住宅供給公社,入居等の問い合わせは、京都市住宅供給公社（075-223-2701)まで,,http://www.kyoto-jkosha.or.jp/cgi-bin/cms/index.cgi,,,,,,,,,,,,,,,,,,,,,,,,,,,,,,,,,,,,
都市計画局,住宅管理課,1000001153,南岩本市営住宅,みなみいわもとしえいじゅうたく,34.98151,135.76452,134,8,,601-8012,京都市南区東九条南岩本町,,京都市住宅供給公社,入居等の問い合わせは、京都市住宅供給公社（075-223-2140)まで,,http://www.kyoto-jkosha.or.jp/cgi-bin/cms/index.cgi,,,,,,,,,,,,,,,,,,,,,,,,,,,,,,,,,,,,
都市計画局,住宅管理課,1000001154,岩本市営住宅,いわもとしえいじゅうたく,34.98393,135.764,134,8,,601-8005,京都市南区東九条西岩本町,,京都市住宅供給公社,入居等の問い合わせは、京都市住宅供給公社（075-223-2140)まで,,http://www.kyoto-jkosha.or.jp/cgi-bin/cms/index.cgi,,,,,,,,,,,,,,,,,,,,,,,,,,,,,,,,,,,,
都市計画局,住宅管理課,1000001155,東九条市営住宅,ひがしくじょうしえいじゅうたく,34.98222,135.7631,134,8,,601-8005,京都市南区東九条西岩本町,,京都市住宅供給公社,入居等の問い合わせは、京都市住宅供給公社（075-223-2701)まで,,http://www.kyoto-jkosha.or.jp/cgi-bin/cms/index.cgi,,,,,,,,,,,,,,,,,,,,,,,,,,,,,,,,,,,,
都市計画局,住宅管理課,1000001156,東岩本市営住宅,ひがしいわもとしえいじゅうたく,34.9829141,135.7645104,134,8,,601-8006,京都市南区東九条東岩本町,,京都市住宅供給公社,入居等の問い合わせは、京都市住宅供給公社（075-223-2701)まで,,http://www.kyoto-jkosha.or.jp/cgi-bin/cms/index.cgi,,,,,,,,,,,,,,,,,,,,,,,,,,,,,,,,,,,,
都市計画局,住宅管理課,1000001157,高瀬川南市営住宅,たかせがわみなみしえいじゅうたく,34.98327,135.76634,134,8,,601-8007,京都市南区東九条北河原町,,京都市住宅供給公社,入居等の問い合わせは、京都市住宅供給公社（075-223-2140)まで,,http://www.kyoto-jkosha.or.jp/cgi-bin/cms/index.cgi,,,,,,,,,,,,,,,,,,,,,,,,,,,,,,,,,,,,
都市計画局,住宅管理課,1000001158,上鳥羽口市営住宅,かみとばぐちしえいじゅうたく,34.96878,135.7527,134,8,,601-8115,京都市南区上鳥羽尻切町,,京都市住宅供給公社,入居等の問い合わせは、京都市住宅供給公社（075-223-2701)まで,,http://www.kyoto-jkosha.or.jp/cgi-bin/cms/index.cgi,,,,,,,,,,,,,,,,,,,,,,,,,,,,,,,,,,,,
都市計画局,住宅管理課,1000001159,山ノ本市営住宅,やまのもとしえいじゅうたく,34.9618,135.73776,134,8,,601-8176,京都市南区上鳥羽山ノ本町,,京都市住宅供給公社,入居等の問い合わせは、京都市住宅供給公社（075-223-2140)まで,,http://www.kyoto-jkosha.or.jp/cgi-bin/cms/index.cgi,,,,,,,,,,,,,,,,,,,,,,,,,,,,,,,,,,,,
都市計画局,住宅管理課,1000001160,久世市営住宅,くぜしえいじゅうたく,34.9609,135.72146,134,8,,601-8202,京都市南区久世大築町,,京都市住宅供給公社,入居等の問い合わせは、京都市住宅供給公社（075-223-2140)まで,,http://www.kyoto-jkosha.or.jp/cgi-bin/cms/index.cgi,,,,,,,,,,,,,,,,,,,,,,,,,,,,,,,,,,,,
都市計画局,住宅管理課,1000001161,久世南市営住宅,くぜみなみしえいじゅうたく,34.95891,135.721,134,8,,601-8202,京都市南区久世大築町,,京都市住宅供給公社,入居等の問い合わせは、京都市住宅供給公社（075-223-2140)まで,,http://www.kyoto-jkosha.or.jp/cgi-bin/cms/index.cgi,,,,,,,,,,,,,,,,,,,,,,,,,,,,,,,,,,,,
都市計画局,住宅管理課,1000001162,蜂ケ丘市営住宅,はちがおかしえいじゅうたく,35.01871,135.69848,134,9,,616-8176,京都市右京区太秦乾町,,京都市住宅供給公社,入居等の問い合わせは、京都市住宅供給公社（075-223-2701)まで,,http://www.kyoto-jkosha.or.jp/cgi-bin/cms/index.cgi,,,,,,,,,,,,,,,,,,,,,,,,,,,,,,,,,,,,
都市計画局,住宅管理課,1000001163,葛野市営住宅,かどのしえいじゅうたく,35.0011,135.71522,134,9,,615-0056,京都市右京区西院西貝川町,,京都市住宅供給公社,入居等の問い合わせは、京都市住宅供給公社（075-223-2701)まで,,http://www.kyoto-jkosha.or.jp/cgi-bin/cms/index.cgi,,,,,,,,,,,,,,,,,,,,,,,,,,,,,,,,,,,,
都市計画局,住宅管理課,1000001164,壬生市営住宅,みぶしえいじゅうたく,35.00806,135.72892,134,9,,615-0007,京都市右京区西院上花田町,,京都市住宅供給公社,入居等の問い合わせは、京都市住宅供給公社（075-223-2140)まで,,http://www.kyoto-jkosha.or.jp/cgi-bin/cms/index.cgi,,,,,,,,,,,,,,,,,,,,,,,,,,,,,,,,,,,,
都市計画局,住宅管理課,1000001165,西大路市営住宅,にしおおじしえいじゅうたく,34.99459,135.73253,134,9,,615-0042,京都市右京区西院東中水町,,京都市住宅供給公社,入居等の問い合わせは、京都市住宅供給公社（075-223-2701)まで,,http://www.kyoto-jkosha.or.jp/cgi-bin/cms/index.cgi,,,,,,,,,,,,,,,,,,,,,,,,,,,,,,,,,,,,
都市計画局,住宅管理課,1000001166,西京極市営住宅,にしきょうごくしえいじゅうたく,34.99125,135.71294,134,9,,615-0874,京都市右京区西京極新田町,,京都市住宅供給公社,入居等の問い合わせは、京都市住宅供給公社（075-223-2701)まで,,http://www.kyoto-jkosha.or.jp/cgi-bin/cms/index.cgi,,,,,,,,,,,,,,,,,,,,,,,,,,,,,,,,,,,,
都市計画局,住宅管理課,1000001167,嵯峨市営住宅,さがしえいじゅうたく,35.01983,135.67376,134,9,,616-8375,京都市右京区嵯峨天龍寺立石町,,京都市住宅供給公社,入居等の問い合わせは、京都市住宅供給公社（075-223-2701)まで,,http://www.kyoto-jkosha.or.jp/cgi-bin/cms/index.cgi,,,,,,,,,,,,,,,,,,,,,,,,,,,,,,,,,,,,
都市計画局,住宅管理課,1000001168,広沢市営住宅,ひろさわしえいじゅうたく,35.02074,135.68946,134,9,,616-8305,京都市右京区嵯峨広沢御所ノ内町,,京都市住宅供給公社,入居等の問い合わせは、京都市住宅供給公社（075-223-2701)まで,,http://www.kyoto-jkosha.or.jp/cgi-bin/cms/index.cgi,,,,,,,,,,,,,,,,,,,,,,,,,,,,,,,,,,,,
都市計画局,住宅管理課,1000001169,大覚寺市営住宅,だいかくじしえいじゅうたく,35.02269,135.67711,134,9,,616-8416,京都市右京区嵯峨大覚寺門前井頭町,,京都市住宅供給公社,入居等の問い合わせは、京都市住宅供給公社（075-223-2701)まで,,http://www.kyoto-jkosha.or.jp/cgi-bin/cms/index.cgi,,,,,,,,,,,,,,,,,,,,,,,,,,,,,,,,,,,,
都市計画局,住宅管理課,1000001170,鳥谷市営住宅,とりたにしえいじゅうたく,35.1997,135.62904,134,9,,601-0533,京都市右京区京北下中町鳥谷,,京都市住宅供給公社,入居等の問い合わせは、京都市住宅供給公社（075-223-2701)まで,,http://www.kyoto-jkosha.or.jp/cgi-bin/cms/index.cgi,,,,,,,,,,,,,,,,,,,,,,,,,,,,,,,,,,,,
都市計画局,住宅管理課,1000001172,橋向市営住宅,はしむかいしえいじゅうたく,35.1485,135.63311,134,9,,601-0251,京都市右京区京北周山町上ノ段,,京都市住宅供給公社,入居等の問い合わせは、京都市住宅供給公社（075-223-2701)まで,,http://www.kyoto-jkosha.or.jp/cgi-bin/cms/index.cgi,,,,,,,,,,,,,,,,,,,,,,,,,,,,,,,,,,,,
都市計画局,住宅管理課,1000001173,川西市営住宅,かわにししえいじゅうたく,34.98628,135.69938,134,10,,615-8083,京都市西京区桂艮町,,京都市住宅供給公社,入居等の問い合わせは、京都市住宅供給公社（075-223-2701)まで,,http://www.kyoto-jkosha.or.jp/cgi-bin/cms/index.cgi,,,,,,,,,,,,,,,,,,,,,,,,,,,,,,,,,,,,
都市計画局,住宅管理課,1000001174,樫原市営住宅,かたぎはらしえいじゅうたく,34.96889,135.69147,134,10,,615-8143,京都市西京区樫原岡南ノ庄,,京都市住宅供給公社,入居等の問い合わせは、京都市住宅供給公社（075-223-2701)まで,,http://www.kyoto-jkosha.or.jp/cgi-bin/cms/index.cgi,,,,,,,,,,,,,,,,,,,,,,,,,,,,,,,,,,,,
都市計画局,住宅管理課,1000001175,洛西東新林市営住宅,らくさいひがししんばやししえいじゅうたく,34.96964,135.67195,134,10,,610-1142,京都市西京区大枝東新林町一丁目,,京都市住宅供給公社,入居等の問い合わせは、京都市住宅供給公社（075-223-2701)まで,,http://www.kyoto-jkosha.or.jp/cgi-bin/cms/index.cgi,,,,,,,,,,,,,,,,,,,,,,,,,,,,,,,,,,,,
都市計画局,住宅管理課,1000001176,洛西北福西市営住宅,らくさいきたふくにししえいじゅうたく,34.96313,135.67954,134,10,,610-1112,京都市西京区大枝北福西町一丁目,,京都市住宅供給公社,入居等の問い合わせは、京都市住宅供給公社（075-223-2701)まで,,http://www.kyoto-jkosha.or.jp/cgi-bin/cms/index.cgi,,,,,,,,,,,,,,,,,,,,,,,,,,,,,,,,,,,,
都市計画局,住宅管理課,1000001177,洛西南福西市営住宅,らくさいみなみふくにししえいじゅうたく,34.95888,135.68123,134,10,,610-1113,京都市西京区大枝南福西町一丁目,,京都市住宅供給公社,入居等の問い合わせは、京都市住宅供給公社（075-223-2701)まで,,http://www.kyoto-jkosha.or.jp/cgi-bin/cms/index.cgi,,,,,,,,,,,,,,,,,,,,,,,,,,,,,,,,,,,,
都市計画局,住宅管理課,1000001178,洛西東竹の里市営住宅,らくさいひがしたけのさとしえいじゅうたく,34.95637,135.67903,134,10,,610-1144,京都市西京区大原野東竹の里町三丁目,,京都市住宅供給公社,入居等の問い合わせは、京都市住宅供給公社（075-223-2701)まで,,http://www.kyoto-jkosha.or.jp/cgi-bin/cms/index.cgi,,,,,,,,,,,,,,,,,,,,,,,,,,,,,,,,,,,,
都市計画局,住宅管理課,1000001179,桃陵市営住宅,とうりょうしえいじゅうたく,34.93142,135.767,134,11,,612-8103,京都市伏見区片桐町,,京都市住宅供給公社,入居等の問い合わせは、京都市住宅供給公社（075-223-2701)まで,,http://www.kyoto-jkosha.or.jp/cgi-bin/cms/index.cgi,,,,,,,,,,,,,,,,,,,,,,,,,,,,,,,,,,,,
都市計画局,住宅管理課,1000001180,向島市営住宅,むかいじましえいじゅうたく,34.91869,135.77462,134,11,,612-8141 ,京都市伏見区向島二ノ丸町,,京都市住宅供給公社,入居等の問い合わせは、京都市住宅供給公社（075-223-2701)まで,,http://www.kyoto-jkosha.or.jp/cgi-bin/cms/index.cgi,,,,,,,,,,,,,,,,,,,,,,,,,,,,,,,,,,,,
都市計画局,住宅管理課,1000001181,醍醐中山市営住宅,だいごなかやましえいじゅうたく,34.95406,135.81456,134,11,,601-1373,京都市伏見区醍醐中山町,,京都市住宅供給公社,入居等の問い合わせは、京都市住宅供給公社（075-223-2701)まで,,http://www.kyoto-jkosha.or.jp/cgi-bin/cms/index.cgi,,,,,,,,,,,,,,,,,,,,,,,,,,,,,,,,,,,,
都市計画局,住宅管理課,1000001182,醍醐南市営住宅,だいごみなみしえいじゅうたく,34.94159,135.81654,134,11,,601-1342,京都市伏見区醍醐上山口町,,京都市住宅供給公社,入居等の問い合わせは、京都市住宅供給公社（075-223-2701)まで,,http://www.kyoto-jkosha.or.jp/cgi-bin/cms/index.cgi,,,,,,,,,,,,,,,,,,,,,,,,,,,,,,,,,,,,
都市計画局,住宅管理課,1000001183,醍醐中市営住宅,だいごなかしえいじゅうたく,34.95114,135.81206,134,11,,601-1375,京都市伏見区醍醐高畑町,,京都市住宅供給公社,入居等の問い合わせは、京都市住宅供給公社（075-223-2701)まで,,http://www.kyoto-jkosha.or.jp/cgi-bin/cms/index.cgi,,,,,,,,,,,,,,,,,,,,,,,,,,,,,,,,,,,,
都市計画局,住宅管理課,1000001184,醍醐東市営住宅,だいごひがししえいじゅうたく,34.95093,135.81394,134,11,,601-1374,京都市伏見区醍醐西大路町,,京都市住宅供給公社,入居等の問い合わせは、京都市住宅供給公社（075-223-2701)まで,,http://www.kyoto-jkosha.or.jp/cgi-bin/cms/index.cgi,,,,,,,,,,,,,,,,,,,,,,,,,,,,,,,,,,,,
都市計画局,住宅管理課,1000001185,醍醐西市営住宅,だいごにししえいじゅうたく,34.95058,135.80872,134,11,,601-1376,京都市伏見区醍醐折戸町,,京都市住宅供給公社,入居等の問い合わせは、京都市住宅供給公社（075-223-2701)まで,,http://www.kyoto-jkosha.or.jp/cgi-bin/cms/index.cgi,,,,,,,,,,,,,,,,,,,,,,,,,,,,,,,,,,,,
都市計画局,住宅管理課,1000001186,小栗栖市営住宅,おぐるすしえいじゅうたく,34.94242,135.80006,134,11,,601-1462,京都市伏見区小栗栖森本町,,京都市住宅供給公社,入居等の問い合わせは、京都市住宅供給公社（075-223-2701)まで,,http://www.kyoto-jkosha.or.jp/cgi-bin/cms/index.cgi,,,,,,,,,,,,,,,,,,,,,,,,,,,,,,,,,,,,
都市計画局,住宅管理課,1000001187,辰巳市営住宅,たつみしえいじゅうたく,34.93994,135.81434,134,11,,601-1346,京都市伏見区醍醐東合場町,,京都市住宅供給公社,入居等の問い合わせは、京都市住宅供給公社（075-223-2140)まで,,http://www.kyoto-jkosha.or.jp/cgi-bin/cms/index.cgi,,,,,,,,,,,,,,,,,,,,,,,,,,,,,,,,,,,,
都市計画局,住宅管理課,1000001188,石田東市営住宅,いしだひがししえいじゅうたく,34.93971,135.8101,134,11,,601-1433,京都市伏見区石田大山町,,京都市住宅供給公社,入居等の問い合わせは、京都市住宅供給公社（075-223-2701)まで,,http://www.kyoto-jkosha.or.jp/cgi-bin/cms/index.cgi,,,,,,,,,,,,,,,,,,,,,,,,,,,,,,,,,,,,
都市計画局,住宅管理課,1000001189,石田西市営住宅,いしだにししえいじゅうたく,34.94097,135.80879,134,11,,601-1432,京都市伏見区石田内里町,,京都市住宅供給公社,入居等の問い合わせは、京都市住宅供給公社（075-223-2701)まで,,http://www.kyoto-jkosha.or.jp/cgi-bin/cms/index.cgi,,,,,,,,,,,,,,,,,,,,,,,,,,,,,,,,,,,,
都市計画局,住宅管理課,1000001190,大受市営住宅,おおうけしえいじゅうたく,34.94254,135.80457,134,11,,601-1431,京都市伏見区石田大受町,,京都市住宅供給公社,入居等の問い合わせは、京都市住宅供給公社（075-223-2701)まで,,http://www.kyoto-jkosha.or.jp/cgi-bin/cms/index.cgi,,,,,,,,,,,,,,,,,,,,,,,,,,,,,,,,,,,,
都市計画局,住宅管理課,1000001191,いわたの森市営住宅,いわたのもりしえいじゅうたく,34.94068,135.80259,134,11,,601-1437,京都市伏見区石田森西,,京都市住宅供給公社,入居等の問い合わせは、京都市住宅供給公社（075-223-2701)まで,,http://www.kyoto-jkosha.or.jp/cgi-bin/cms/index.cgi,,,,,,,,,,,,,,,,,,,,,,,,,,,,,,,,,,,,
都市計画局,住宅管理課,1000001192,越後屋敷市営住宅,えちごやしきしえいじゅうたく,34.95197,135.76404,134,11,,612-8431,京都市伏見区深草越後屋敷町,,京都市住宅供給公社,入居等の問い合わせは、京都市住宅供給公社（075-223-2701)まで,,http://www.kyoto-jkosha.or.jp/cgi-bin/cms/index.cgi,,,,,,,,,,,,,,,,,,,,,,,,,,,,,,,,,,,,
都市計画局,住宅管理課,1000001193,深草市営住宅,ふかくさしえいじゅうたく,34.95161,135.76484,134,11,,612-8431,京都市伏見区深草越後屋敷町,,京都市住宅供給公社,入居等の問い合わせは、京都市住宅供給公社（075-223-2701)まで,,http://www.kyoto-jkosha.or.jp/cgi-bin/cms/index.cgi,,,,,,,,,,,,,,,,,,,,,,,,,,,,,,,,,,,,
都市計画局,住宅管理課,1000001194,深草第三市営住宅,ふかくさだいさんしえいじゅうたく,34.95572,135.77506,134,11,,612-0876,京都市伏見区深草西伊達町,,京都市住宅供給公社,入居等の問い合わせは、京都市住宅供給公社（075-223-2701)まで,,http://www.kyoto-jkosha.or.jp/cgi-bin/cms/index.cgi,,,,,,,,,,,,,,,,,,,,,,,,,,,,,,,,,,,,
都市計画局,住宅管理課,1000001195,七瀬川市営住宅,ななせがわしえいじゅうたく,34.95183,135.76844,134,11,,612-0035,京都市伏見区深草北蓮池町,,京都市住宅供給公社,入居等の問い合わせは、京都市住宅供給公社（075-223-2701)まで,,http://www.kyoto-jkosha.or.jp/cgi-bin/cms/index.cgi,,,,,,,,,,,,,,,,,,,,,,,,,,,,,,,,,,,,
都市計画局,住宅管理課,1000001196,鈴塚市営住宅,すずつかしえいじゅうたく,34.96966,135.76716,134,11,,612-0011,京都市伏見区深草鈴塚町,,京都市住宅供給公社,入居等の問い合わせは、京都市住宅供給公社（075-223-2701)まで,,http://www.kyoto-jkosha.or.jp/cgi-bin/cms/index.cgi,,,,,,,,,,,,,,,,,,,,,,,,,,,,,,,,,,,,
都市計画局,住宅管理課,1000001197,桜島市営住宅,さくらじましえいじゅうたく,34.96735,135.76095,134,11,,612-8405,京都市伏見区深草勧進橋町,,京都市住宅供給公社,入居等の問い合わせは、京都市住宅供給公社（075-223-2701)まで,,http://www.kyoto-jkosha.or.jp/cgi-bin/cms/index.cgi,,,,,,,,,,,,,,,,,,,,,,,,,,,,,,,,,,,,
都市計画局,住宅管理課,1000001198,田中宮市営住宅,たなかのみやしえいじゅうたく,34.94841,135.75393,134,11,,612-8444,京都市伏見区竹田田中宮町,,京都市住宅供給公社,入居等の問い合わせは、京都市住宅供給公社（075-223-2140)まで,,http://www.kyoto-jkosha.or.jp/cgi-bin/cms/index.cgi,,,,,,,,,,,,,,,,,,,,,,,,,,,,,,,,,,,,
都市計画局,住宅管理課,1000001199,竹田市営住宅,たけだしえいじゅうたく,34.95701,135.75822,134,11,,612-8413,京都市伏見区竹田三ツ杭町,,京都市住宅供給公社,入居等の問い合わせは、京都市住宅供給公社（075-223-2701)まで,,http://www.kyoto-jkosha.or.jp/cgi-bin/cms/index.cgi,,,,,,,,,,,,,,,,,,,,,,,,,,,,,,,,,,,,
都市計画局,住宅管理課,1000001200,改進市営住宅,かいしんしえいじゅうたく,34.94874,135.75579,134,11,,812-8441,京都市伏見区竹田醍醐田町,,京都市住宅供給公社,入居等の問い合わせは、京都市住宅供給公社（075-223-2140)まで,,http://www.kyoto-jkosha.or.jp/cgi-bin/cms/index.cgi,,,,,,,,,,,,,,,,,,,,,,,,,,,,,,,,,,,,
都市計画局,住宅管理課,1000001201,加賀屋敷市営住宅,かがやしきしえいじゅうたく,34.94943,135.75784,134,11,,612-8434,京都市伏見区深草加賀屋敷町,,京都市住宅供給公社,入居等の問い合わせは、京都市住宅供給公社（075-223-2140)まで,,http://www.kyoto-jkosha.or.jp/cgi-bin/cms/index.cgi,,,,,,,,,,,,,,,,,,,,,,,,,,,,,,,,,,,,
都市計画局,住宅管理課,1000001203,下鳥羽市営住宅,しもとばしえいじゅうたく,34.94128,135.74623,134,11,,612-8392,京都市伏見区下鳥羽北ノ口町,,京都市住宅供給公社,入居等の問い合わせは、京都市住宅供給公社（075-223-2701)まで,,http://www.kyoto-jkosha.or.jp/cgi-bin/cms/index.cgi,,,,,,,,,,,,,,,,,,,,,,,,,,,,,,,,,,,,
都市計画局,住宅管理課,1000001204,久我のもり市営住宅,こがのもりしえいじゅうたく,34.93327,135.7281,134,11,,612-8494,京都市伏見区久我東町,,京都市住宅供給公社,入居等の問い合わせは、京都市住宅供給公社（075-223-2701)まで,,http://www.kyoto-jkosha.or.jp/cgi-bin/cms/index.cgi,,,,,,,,,,,,,,,,,,,,,,,,,,,,,,,,,,,,
都市計画局,住宅管理課,1000001205,木津市営住宅,きづしえいじゅうたく,34.90405,135.71443,134,11,,613-0911,京都市伏見区淀木津町,,京都市住宅供給公社,入居等の問い合わせは、京都市住宅供給公社（075-223-2701)まで,,http://www.kyoto-jkosha.or.jp/cgi-bin/cms/index.cgi,,,,,,,,,,,,,,,,,,,,,,,,,,,,,,,,,,,,
都市計画局,住宅管理課,1000001207,際目市営住宅,さいめしえいじゅうたく,34.89184,135.7179,134,11,,613-0915,京都市伏見区淀際目町,,京都市住宅供給公社,入居等の問い合わせは、京都市住宅供給公社（075-223-2701)まで,,http://www.kyoto-jkosha.or.jp/cgi-bin/cms/index.cgi,,,,,,,,,,,,,,,,,,,,,,,,,,,,,,,,,,,,
都市計画局,住宅管理課,1000001209,京都市住宅供給公社,きょうとしじゅうたくきょうきゅうこうしゃ,35.01706,135.77057,134,2,,602-0872,京都市上京区中町通丸太町下る駒之町561-10,,京都市住宅供給公社,075-223-2121,075-223-2133,http://www.kyoto-jkosha.or.jp/,,,,,,,,,,,,,,,,,,,,,,,,,,,,,,,,,,,,
建設局,土木管理課,1000001210,北部土木みどり事務所,ほくぶどぼくみどりじむしょ,35.05428,135.74459,101,1,,603-8431,京都市北区大宮東脇台町8,,,075-492-3111,075-492-5036,http://www.city.kyoto.lg.jp/kensetu/soshiki/10-2-5-0-0.html,,,,,,,,,,,,,,,,,,,,,,,,,,,,,,,,,,,,
建設局,土木管理課,1000001211,左京土木みどり事務所,さきょうどぼくみどりじむしょ,35.04241,135.78012,101,3,,606-8104,京都市左京区高野竹屋町4,,,075-791-9134,075-723-1082,http://www.city.kyoto.lg.jp/kensetu/soshiki/10-2-6-0-0.html,,,,,,,,,,,,,,,,,,,,,,,,,,,,,,,,,,,,
建設局,土木管理課,1000001212,東部土木みどり事務所,とうぶどぼくみどりじむしょ,34.98501,135.81239,101,6,,607-8342,京都市山科区西野様子見町1-2,,,075-591-0013,075-502-0498,http://www.city.kyoto.lg.jp/kensetu/soshiki/10-2-7-0-0.html,,,,,,,,,,,,,,,,,,,,,,,,,,,,,,,,,,,,
建設局,土木管理課,1000001213,南部土木みどり事務所,なんぶどぼくみどりじむしょ,34.97698,135.75683,101,8,,601-8047,京都市南区東九条下殿田町70-2,,,075-691-3158,075-661-7415,http://www.city.kyoto.lg.jp/kensetu/soshiki/10-2-8-0-0.html,,,,,,,,,,,,,,,,,,,,,,,,,,,,,,,,,,,,
建設局,土木管理課,1000001214,西部土木みどり事務所,せいぶどぼくみどりじむしょ,35.00262,135.7152,101,9,,615-0056,京都市右京区西院西貝川町31,,,075-871-6721,075-882-9891,http://www.city.kyoto.lg.jp/kensetu/soshiki/10-2-9-0-0.html,,,,,,,,,,,,,,,,,,,,,,,,,,,,,,,,,,,,
建設局,土木管理課,1000001215,西京土木みどり事務所,にしきょうどぼくみどりじむしょ,34.98439,135.69415,101,10,,615-8086,京都市西京区桂乾町9,,,075-392-9260,075-392-3462,http://www.city.kyoto.lg.jp/kensetu/soshiki/10-2-10-0-0.html,,,,,,,,,,,,,,,,,,,,,,,,,,,,,,,,,,,,
建設局,土木管理課,1000001216,伏見土木みどり事務所,ふしみどぼくみどりじむしょ,34.92947,135.7585,101,11,,612-8219,京都市伏見区表町578,,,075-611-5371,075-602-3820,http://www.city.kyoto.lg.jp/kensetu/soshiki/10-2-11-0-0.html,,,,,,,,,,,,,,,,,,,,,,,,,,,,,,,,,,,,
産業観光局,クリエイティブ産業振興室,1000001217,京都国際マンガミュージアム,きょうとこくさいまんがみゅーじあむ,35.01168,135.75897,126,4,,604-0846,京都市中京区烏丸通御池上ル（元龍池小学校）,,,075-254-7414,075-254-7424,http://www.kyotomm.com/,,,,,,,,えむえむ,,,,,,,,,,,,,,,,,,,,,,,,,,,,
教育委員会事務局,京都まなびの街生き方探究館,1000001218,京都まなびの街生き方探究館,きょうとまなびのまちいきかたたんきゅうかん,35.01969,135.75454,126,2,市立学校の児童・生徒が産学公連携による生き方探究（キャリア）教育に係る様々な体験学習を行う教育施設です。（通常一般公開はしておりません。）,602-8031,京都市上京区西洞院通下立売下る東裏辻町402（元滋野中学校内）,,京都市,075-253-0880,075-253-0878,http://www.edu.city.kyoto.jp/scfp/,,,,,地下鉄「丸太町駅」から徒歩８分市バス「文化庁前・府庁前」から徒歩３分市バス「堀川下立売」から徒歩５分,,,,,,,,,,,,,,,,,,,,,,,,,,,,,,,
環境政策局,施設管理課,1000001220,南部クリーンセンター,なんぶくりーんせんたー,34.917941,135.734866,103,11,,612-8253,京都市伏見区横大路八反田29,,京都市,075-611-5362,075-612-5235,https://www.city.kyoto.lg.jp/menu1/category/1-7-1-3-0-0-0-0-0-0.html,,,,,,,,,,,,,,,,,,,,,,,,,,,,,,,,,,,,
環境政策局,施設管理課,1000001221,東北部クリーンセンター,とうほくぶくりーんせんたー,35.08904,135.75318,103,3,,601-1123,京都市左京区静市市原町1339,,京都市,075-741-1003,075-741-1033,http://www.city.kyoto.lg.jp/kankyo/page/0000125921.html,,,,,,,,,,,,,,,,,,,,,,,,,,,,,,,,,,,,
環境政策局,施設管理課,1000001222,北部クリーンセンター,ほくぶくりーんせんたー,35.03671,135.69661,103,9,,616-8261,京都市右京区梅ヶ畑高鼻町27,,京都市,075-873-3020,075-873-3021,http://www.city.kyoto.lg.jp/kankyo/page/0000058027.html,,,,,,,,,,,,,,,,,,,,,,,,,,,,,,,,,,,,
環境政策局,施設管理課,1000001224,東部山間埋立処分地,とうぶさんかんうめたてしょぶんち,34.96386,135.82668,103,11,,601-1301,京都市伏見区醍醐上山田1,,京都市,075-572-8465,075-575-3031,http://www.city.kyoto.lg.jp/kankyo/page/0000057881.html,,,,,,,,エコランド音羽の杜,,,,,,,,,,,,,,,,,,,,,,,,,,,,
環境政策局,施設管理課,1000001225,廃食用油燃料化施設,はいしょくようゆねんりょうかしせつ,34.91749768,135.7381976,103,11,,612-8253,京都市伏見区横大路千両松町447（南部クリーンセンター内）,,京都市,075-604-5880,,http://www.city.kyoto.lg.jp/kankyo/page/0000065549.html,,,,,,,,,,,,,,,,,,,,,,,,,,,,,,,,,,,,
環境政策局,施設管理課,1000001226,南部資源リサイクルセンター,なんぶしげんりさいくるせんたー,34.91876,135.73709,103,11,資源ごみ（缶・びん・ペットボトル）の選別、圧縮等の中間処理施設です。処理能力：６０ｔ／日（３０ｔ／日×２）,612-8253,京都市伏見区横大路千両松町447,,京都市,075-621-7075,075-621-7076,https://www.city.kyoto.lg.jp/kankyo/page/0000266765.html,,,,,,,,,,,,,,,,,,,,,,,,,,,,,,,,,,,,
子ども若者はぐくみ局,幼保総合支援室,1000001227,市川乳児室,いちかわにゅうじしつ,35.05801,135.74965,113,1,,603-8831,京都市北区大宮北ノ岸町44,,,075‐493-3912,075‐493-3912,,,,,,,お住まいの区の保健福祉センターにお申し込みください。,,小規模保育事業所,,,,,,,,,,,,,,,,,,,,,,,,,,,,
子ども若者はぐくみ局,幼保総合支援室,1000001229,ひゅうが乳児室,ひゅうがにゅうじしつ,35.04031,135.7511,113,1,,603-8165,京都市北区紫野西御所田町7-2,,,075‐431-9727,075‐431-9727,,,,,,,お住まいの区の保健福祉センターにお申し込みください。,,小規模保育事業所,,,,,,,,,,,,,,,,,,,,,,,,,,,,
子ども若者はぐくみ局,幼保総合支援室,1000001231,京（みやこ）ベビーハウス　堰源,みやこべびーはうすえんげん,35.20856453,135.7745147,113,3,,601-1104,京都市左京区花脊大布施町797花脊小中学校内,,,075-705-5270,075-705-5270,,,,,,,お住まいの区の保健福祉センターにお申し込みください。,,小規模保育事業所,,,,,,,,,,,,,,,,,,,,,,,,,,,,
子ども若者はぐくみ局,幼保総合支援室,1000001235,にこの森保育園,にこのもりほいくえん,34.98322477,135.8320183,113,6,,607-8135,京都市山科区大塚野溝町11-1,,,075‐594-1727,075‐594-1727,,,,,,,お住まいの区の保健福祉センターにお申し込みください。,,小規模保育事業所,,,,,,,,,,,,,,,,,,,,,,,,,,,,
子ども若者はぐくみ局,幼保総合支援室,1000001236,たんぽぽの家保育園,たんぽぽのいえほいくえん,34.97458,135.81429,113,6,,607-8169,京都市山科区椥辻西浦町22-5,,,075‐594-3967,075‐594-3967,,,,,,,お住まいの区の保健福祉センターにお申し込みください。,,小規模保育事業所,,,,,,,,,,,,,,,,,,,,,,,,,,,,
子ども若者はぐくみ局,幼保総合支援室,1000001237,山口保育室,やまぐちほいくしつ,34.99542,135.73441,113,7,,600-8898,京都市下京区西七条東御前田町16-13,,,075‐313-5698,075‐313-5698,,,,,,,お住まいの区の保健福祉センターにお申し込みください。,,小規模保育事業所,,,,,,,,,,,,,,,,,,,,,,,,,,,,
子ども若者はぐくみ局,幼保総合支援室,1000001238,なかじま保育室,なかじまほいくしつ,34.97635,135.73057,113,8,,601-8315,京都市南区吉祥院車道町23,,,075‐681-1944,075‐681-1944,,,,,,,お住まいの区の保健福祉センターにお申し込みください。,,小規模保育事業所,,,,,,,,,,,,,,,,,,,,,,,,,,,,
子ども若者はぐくみ局,幼保総合支援室,1000001239,てんとうむし保育園,てんとうむしほいくえん,34.97244,135.725806,113,8,,601-8380,京都府京都市南区吉祥院西ノ茶屋町32,,,075‐671-4359,075-671-4359,,,,,,,お住まいの区の保健福祉センターにお申し込みください。,,小規模保育事業所,,,,,,,,,,,,,,,,,,,,,,,,,,,,
子ども若者はぐくみ局,幼保総合支援室,1000001241,谷史季保育園,たにしきほいくえん,35.0113918,135.721352,113,9,,615-0091,京都市右京区山ノ内御堂殿町43番地5,,,075‐811-5596,075‐811-5596,,,,,,,お住まいの区の保健福祉センターにお申し込みください。,,小規模保育事業所,,,,,,,,,,,,,,,,,,,,,,,,,,,,
子ども若者はぐくみ局,幼保総合支援室,1000001242,仲田保育園（とまとのお家）,なかたほいくえん（とまとのおうち）,35.02964,135.71694,113,9,,616-8005,京都市右京区竜安寺塔ノ下町7,,,075‐463-8325,075‐463-8325,,,,,,,お住まいの区の保健福祉センターにお申し込みください。,,小規模保育事業所,,,,,,,,,,,,,,,,,,,,,,,,,,,,
子ども若者はぐくみ局,幼保総合支援室,1000001243,森田綾小規模保育事業所,もりたあやしょうきぼほいくじぎょうしょ,35.02153195,135.6859302,113,9,,616-8355,京都市右京区嵯峨新宮町11-7,,,075‐872-2165,075‐872-2165,,,,,,,お住まいの区の保健福祉センターにお申し込みください。,,小規模保育事業所,,,,,,,,,,,,,,,,,,,,,,,,,,,,
子ども若者はぐくみ局,幼保総合支援室,1000001244,鳴滝小規模保育園“あっと・ほ〜む”,なるたきしょうきぼほいくえんあっとほーむ,35.0230655,135.7052467,113,9,,616-8232,右京区鳴滝蓮花寺町12番54,,,075‐462-1230,075‐462-1230,,,,,,,お住まいの区の保健福祉センターにお申し込みください。,,小規模保育事業所,,,,,,,,,,,,,,,,,,,,,,,,,,,,
子ども若者はぐくみ局,幼保総合支援室,1000001245,しげまつ乳児保育園,しげまつにゅうじほいくえん,35.01212,135.70584,113,9,,616-8165,京都市右京区太秦桂ヶ原町9-24,,,075‐864-8772,075‐864-8772,,,,,,,お住まいの区の保健福祉センターにお申し込みください。,,小規模保育事業所,,,,,,,,,,,,,,,,,,,,,,,,,,,,
子ども若者はぐくみ局,幼保総合支援室,1000001248,むらさわ保育園,むらさわほいくえん,34.9697,135.69524,113,10,,615-8133,京都市西京区樫原井戸22-10,,,075‐392-4375,075‐392-4375,,,,,,,お住まいの区の保健福祉センターにお申し込みください。,,小規模保育事業所,,,,,,,,,,,,,,,,,,,,,,,,,,,,
子ども若者はぐくみ局,幼保総合支援室,1000001249,上桂ひまわり保育園,かみかつらひまわりほいくえん,34.9909,135.69567,113,10,,615-8216,京都市西京区松尾鈴川町87-14,,,075‐381-2815,075‐394-2688,,,,,,,お住まいの区の保健福祉センターにお申し込みください。,,小規模保育事業所,,,,,,,,,,,,,,,,,,,,,,,,,,,,
子ども若者はぐくみ局,幼保総合支援室,1000001250,長谷川乳児保育室,はせがわにゅうじほいくしつ,34.98706,135.70134,113,10,,615-8087,京都市西京区桂御所町1-32,,,075‐394-4181,075‐394-4181,,,,,,,お住まいの区の保健福祉センターにお申し込みください。,,小規模保育事業所,,,,,,,,,,,,,,,,,,,,,,,,,,,,
子ども若者はぐくみ局,幼保総合支援室,1000001251,木の実（このみ）保育園,このみほいくえん,34.96858,135.66882,113,10,,610-1141,京都市西京区大枝西新林町3-3-53,,,075-201-9895,075-201-9895,,,,,,,お住まいの区の保健福祉センターにお申し込みください。,,小規模保育事業所,,,,,,,,,,,,,,,,,,,,,,,,,,,,
子ども若者はぐくみ局,幼保総合支援室,1000001252,わかばやし保育園,わかばやしほいくえん,34.93317,135.79421,113,11,,612-8005,京都市伏見区桃山町中島町30,,,075‐601-7463,075‐601-7463,,,,,,,お住まいの区の保健福祉センターにお申し込みください。,,小規模保育事業所,,,,,,,,,,,,,,,,,,,,,,,,,,,,
子ども若者はぐくみ局,幼保総合支援室,1000001253,室山保育室,むろやまほいくしつ,34.94847,135.72396,113,11,,612-8491,京都市伏見区久我石原町9-169,,,075‐932-3414,075‐932-3414,,,,,,,お住まいの区の保健福祉センターにお申し込みください。,,小規模保育事業所,,,,,,,,,,,,,,,,,,,,,,,,,,,,
子ども若者はぐくみ局,幼保総合支援室,1000001256,白井乳児園,しらいにゅうじえん,34.95599,135.76905,113,11,,612-0028,京都市伏見区深草飯食町781-4,,,075‐641-5572,075‐641-5572,,,,,,,お住まいの区の保健福祉センターにお申し込みください。,,小規模保育事業所,,,,,,,,,,,,,,,,,,,,,,,,,,,,
上下水道局,総務部お客さまサービス推進室,1000001331,上下水道局西部営業所京北分室,じょうげすいどうきょくせいぶえいぎょうしょけいほくぶんしつ,35.15527,135.63352,105,9,右京区京北地域の水道料金・下水道使用料のお支払い、開栓・閉栓のお申込み、使用水量のお問い合わせ、水道工事・修繕のお問い合わせなどをお受けしています。,601-0251 ,京都市右京区京北周山町上寺田1-1,,,075-852-1820,075-852-1833,https://www.city.kyoto.lg.jp/suido/page/0000007093.html,,8:30〜17:15,土曜日、日曜日、祝日、12/29〜1/3,,西日本JRバス「京北合同庁舎前」下車、京北ふるさとバス「合同庁舎前」下車すぐ,,担当区域は右京区京北出張所管内です。,,,,,,,,,,,,,,,,,,,,,,,,,,,,,
上下水道局,蹴上浄水場,1000001333,蹴上浄水場,けあげじょうすいじょう,35.00623,135.78976,105,5,,605-0052 ,京都市東山区粟田口華頂町3,,,075-771-3102,075-752-3219,http://www.city.kyoto.lg.jp/suido/soshiki/27-3-7-0-0.html,,,,,,,,,,,,,,,,,,,,,,,,,,,,,,,,,,,,
上下水道局,松ケ崎浄水場,1000001334,松ケ崎浄水場,まつがさきじょうすいじょう,35.04584,135.77983,105,3,,606-0906 ,京都市左京区松ケ崎中海道町9,,,075-781-5355,075-711-7230,http://www.city.kyoto.lg.jp/suido/soshiki/27-3-8-0-0.html,,,,,,,,,,,,,,,,,,,,,,,,,,,,,,,,,,,,
上下水道局,新山科浄水場,1000001336,新山科浄水場,しんやましなじょうすいじょう,34.96262,135.79951,105,6,,607-8239 ,京都市山科区勧修寺丸山町1,,,075-581-9098,075-581-8985,http://www.city.kyoto.lg.jp/suido/soshiki/27-3-10-0-0.html,,,,,,,,,,,,,,,,,,,,,,,,,,,,,,,,,,,,
上下水道局,疏水事務所,1000001337,疏水事務所,そすいじむしょ,35.01597,135.77564,105,3,,606-8357 ,京都市左京区聖護院蓮華蔵町35,,,075-761-3171,075-752-3083,http://www.city.kyoto.lg.jp/suido/soshiki/27-3-11-0-0.html,,,,,,,,,,,,,,,,,,,,,,,,,,,,,,,,,,,,
上下水道局,下水道部きた管路管理センター,1000001339,きた下水道管路管理センター,きたげすいどうかんろかんりせんたー,35.01114489,135.7179331,105,9,-,616-8084,京都市右京区太秦安井一町田町14,,,075-801-7108,075-822-1087,http://www.city.kyoto.lg.jp/suido/soshiki/27-4-6-0-0.html,,8:30〜17:15,土曜日、日曜日、祝日、12/29〜1/3,,・地下鉄東西線「太秦天神川駅」下車、東へ約200m（徒歩3分）・京福電鉄「嵐電天神川駅」下車、東へ約350m（徒歩5分）・市バス「京都学園大学前」下車すぐ,,,,,,,,,,,,,,,,,,,,,,,,,,,,,,,
上下水道局,みなみ下水道管路管理センター,1000001342,みなみ下水道管路管理センター（京都市上下水道局総合庁舎）,みなみげすいどうかんろかんりせんたー,34.971,135.75614,105,8,-,601-8116,京都市南区上鳥羽鉾立町11-3,,,075-672-7787,075-672-3112,http://www.city.kyoto.lg.jp/suido/soshiki/27-4-7-0-0.html,,8:30〜17:15,土曜日、日曜日、祝日、12/29〜1/3,,・地下鉄烏丸線「十条駅」から徒歩5分　・近鉄京都線「十条駅」から徒歩8分　・市バス「十条新町」から徒歩5分　・市バス「久世橋通新町」から徒歩4分,,,,,,,,,,,,,,,,,,,,,,,,,,,,,,,
上下水道局,みなみ下水道管路管理センター山科支所,1000001343,みなみ下水道管路管理センター山科支所,みなみげすいどうかんろかんりせんたーやましなししょ,34.97192,135.81796,105,6,-,607-8162 ,京都市山科区椥辻草海道町35-2,,,075-581-6683,075-581-7110,http://www.city.kyoto.lg.jp/suido/soshiki/27-4-7-0-0.html,,8:30〜17:15,土曜日、日曜日、祝日、12/29〜1/3,,,,,,,,,,,,,,,,,,,,,,,,,,,,,,,,,
上下水道局,きた下水道管路管理センター西部支所,1000001344,きた下水道管路管理センター西部支所,きたげすいどうかんろかんりせんたーせいぶししょ,34.96538,135.67821,105,10,-,610-1111 ,京都市西京区大枝東長町1-343,,,075-332-7327,075-332-7587,http://www.city.kyoto.lg.jp/suido/soshiki/27-4-7-0-0.html,,8:30〜17:15,土曜日、日曜日、祝日、12/29〜1/3,,,,,,,,,,,,,,,,,,,,,,,,,,,,,,,,,
上下水道局,ポンプ施設事務所,1000001345,ポンプ施設事務所,ぽんぷしせつじむしょ,34.94463,135.75325,105,11,,612-8372 ,京都市伏見区北端町78,,,075-621-8046,075-621-7469,http://www.city.kyoto.lg.jp/suido/soshiki/27-4-8-0-0.html,,,,,,,,,,,,,,,,,,,,,,,,,,,,,,,,,,,,
上下水道局,下水道建設事務所,1000001346,下水道建設事務所,げすいどうけんせつじむしょ,34.93585,135.75276,105,11,,612-8377 ,京都市伏見区島津町159,,,075-602-9097,075-603-7859,http://www.city.kyoto.lg.jp/suido/soshiki/27-4-9-0-0.html,,,,,,,,,,,,,,,,,,,,,,,,,,,,,,,,,,,,
上下水道局,鳥羽水環境保全センター,1000001347,鳥羽水環境保全センター,とばみずかんきょうほぜんせんたー,34.9555,135.73628,105,8,,601-8161 ,京都市南区上鳥羽塔ノ森梅ノ木1,,,075-671-4161,075-682-2731,http://www.city.kyoto.lg.jp/suido/soshiki/27-4-5-0-0.html,,,,,,,,,,,,,,,,,,,,,,,,,,,,,,,,,,,,
上下水道局,鳥羽水環境保全センター吉祥院支所,1000001348,鳥羽水環境保全センター吉祥院支所,とばみずかんきょうほぜんせんたーきっしょういんししょ,34.97114,135.73919,105,8,,601-8333 ,京都市南区吉祥院東浦町1,,,075-672-1141,075-672-5886,http://www.city.kyoto.lg.jp/suido/soshiki/27-4-10-0-0.html,,,,,,,,,,,,,,,,,,,,,,,,,,,,,,,,,,,,
上下水道局,伏見水環境保全センター,1000001349,伏見水環境保全センター,ふしみみずかんきょうほぜんせんたー,34.92045,135.73997,105,11,,612-8244 ,京都市伏見区横大路千両松町255,,,075-621-4661,075-621-2770,http://www.city.kyoto.lg.jp/suido/soshiki/27-4-11-0-0.html,,,,,,,,,,,,,,,,,,,,,,,,,,,,,,,,,,,,
上下水道局,石田水環境保全センター,1000001350,石田水環境保全センター,いしだみずかんきょうほぜんせんたー,34.93747,135.79858,105,11,,601-1436 ,京都市伏見区石田西ノ坪2,,,075-572-4701,075-573-0961,http://www.city.kyoto.lg.jp/suido/soshiki/27-4-12-0-0.html,,,,,,,,,,,,,,,,,,,,,,,,,,,,,,,,,,,,
上下水道局,水質管理センター水質第1課,1000001351,水質管理センター水質第1課,すいしつかんりせんたーすいしつだい1か,35.00677,135.78823,105,5,,605-0052 ,京都市東山区粟田口華頂町3,,,075-771-5380,075-752-3054,http://www.city.kyoto.lg.jp/suido/soshiki/27-8-2-0-0.html,,,,,,,,,,,,,,,,,,,,,,,,,,,,,,,,,,,,
上下水道局,水質管理センター水質第2課,1000001352,水質管理センター水質第2課,すいしつかんりせんたーすいしつだい2か,34.95345,135.73468,105,8,,601-8161 ,京都市南区上鳥羽塔ノ森梅ノ木1,,,075-691-8545,075-672-5699,http://www.city.kyoto.lg.jp/suido/soshiki/27-8-3-0-0.html,,,,,,,,,,,,,,,,,,,,,,,,,,,,,,,,,,,,
交通局,高速鉄道部管理課,1000001353,地下鉄東西線西大路御池駅,ちかてつとうざいせんにしおおじおいけえき,35.01095196,135.7306606,104,4,,604-8437,京都市中京区西ノ京東中合町地先,,京都市,075-841-5950,,https://www.city.kyoto.lg.jp/kotsu/page/0000028867.html,,,,,,,,,,,,,,,,,,,,,,,,,,,,,,,,,,,,
交通局,高速鉄道部管理課,1000001354,地下鉄東西線太秦天神川駅,ちかてつとうざいせんうずまさてんじんがわえき,35.01077,135.7162,104,9,,616-8104,京都市右京区太秦下刑部町地先,,京都市,075-881-8211,,https://www.city.kyoto.lg.jp/kotsu/page/0000028930.html,,,,,,,,,,,,,,,,,,,,,,,,,,,,,,,,,,,,
文化市民局,市民スポーツ振興室,1000001355,右京地域体育館,うきょうちいきたいいくかん,35.01015,135.71615,132,9,-,616-8104,京都市右京区太秦下刑部町12 サンサ右京 4階,,ビバ・アシックス・日本メックス・テルウェルグループ,075-882-3388,,https://g-kyoto.pref.kyoto.lg.jp/reserve_j/html2/100072.htm,バスケットボール、バレーボール、テニス、バドミントン、卓球、ニュースポーツ,9:00〜21:00,12/29〜1/3,ホームページを御覧ください,●京福電鉄嵐山線「嵐電天神川」下車すぐ●地下鉄東西線「太秦天神川」下車すぐ ,ホームページを御覧ください。,,,,,,,,,,,,,,,,,,,,,,,,,,,,,,
文化市民局,共生社会推進室,1000001356,京都市人権資料展示施設　ツラッティ千本,きょうとしじんけんしりょうてんじしせつつらってぃせんぼん,35.039954,135.73981,111,1,ツラッティ千本では、同和問題をはじめ広く人権問題を学習する場として、千本地域(北区)の歴史や住民主体のまちづくりの様子などを紹介しています。,603-8226,京都市北区紫野西舟岡町2ふれあい共生館内,,京都市,075-441-1011,075-441-1011,http://www.city.kyoto.lg.jp/bunshi/page/0000049462.html,第1〜第3展示室,10:00〜16:30,日曜、火曜日、祝・休日、年末年始（12月29日〜1月4日）,無料,市バス「千本北大路」「ライトハウス前」バス停下車・地下鉄北大路駅・北大路バスターミナルから市バス1、25、102、204、205、206、北8、Ｍ1で約10分・地下鉄・ＪＲ二条駅から市バス6、46、206で約15分・阪急大宮駅から市バス6、46、206で約20分・京阪出町柳駅から市バス1で約25分・ＪＲ京都駅から市バス6、206で約35分,公共交通機関をご利用ください。,団体見学及び研修の受講を希望される場合には、事前申込が必要です。,ツラッティ千本,,,,,,,,,,,,,,,,,,,,,,,,,,,,
文化市民局,共生社会推進室,1000001357,京都市人権資料展示施設　柳原銀行記念資料館,きょうとしじんけんしりょうてんじしせつやなぎはらぎんこうきねんしりょうかん,34.9860277,135.7646687,111,7,柳原銀行記念資料館は、地元の方々から寄贈された貴重な資料をはじめ、地域の歴史、文化、生活等にふれる展示を通じて、同和問題への正しい理解と人権意識の普及・高揚を図る啓発拠点として多くの皆さんに親しまれています。,600-8206,京都市下京区下之町6-3,,京都市,075-371-0295,075-371-0295,http://www.city.kyoto.lg.jp/bunshi/page/0000061457.html,,10:00〜16:30,月曜日、火曜日、祝・休日、年末年始（12月29日〜1月3日）,無料,・ＪＲ京都駅及び地下鉄京都駅から徒歩約8分・京阪七条駅から徒歩約10分・市バス「塩小路高倉・京都市立芸術大学前」下車,公共交通機関をご利用ください。,団体見学及び研修の受講を希望される場合には、事前申込が必要です。,柳原銀行記念資料館,,,,,,,,,,,,,,,,,,,,,,,,,,,,
建設局,自転車政策推進室,1000001358,西大路御池駅自転車等駐車場,にしおおじおいけえきじてんしゃとうちゅうしゃじょう,35.01016329,135.7323343,135,4,地下鉄「西大路御池駅」のご利用に便利な駐輪場です。,604-8436,京都市中京区西ノ京下合町38-4,,（株）アーキエムズ,0800-3333-321,,https://kyoto-bicycle.com/parking/69,自転車駐車台数332台原動機付自転車駐車台数55台,5:00〜翌1:00,なし,上記ホームページをご覧ください。,地下鉄「西大路御池駅」併設,上記ホームページをご覧ください。,,,,,,,,,,,,,,,,,,,,,,,,,,,,,,
建設局,自転車政策推進室,1000001359,太秦天神川駅自転車等駐車場,うずまさてんじんがわえきじてんしゃとうちゅうしゃじょう,35.01048183,135.71549,135,9,地下鉄「太秦天神川駅」のご利用に便利な駐輪場です。,616-8104,京都市右京区太秦下刑部町9-2,,（株）アーキエムズ,0800-3333-321,,https://kyoto-bicycle.com/parking/70,自転車駐車台数812台原動機付自転車駐車台数160台,5:00〜翌1:00,なし,上記ホームページをご覧ください。,地下鉄「太秦天神川駅」併設,上記ホームページをご覧ください。,,,,,,,,,,,,,,,,,,,,,,,,,,,,,,
子ども若者はぐくみ局,育成推進課,1000001360,足立病院マミーズスクエア,あだちびょういんまみーずすくえあ,35.01479854,135.7607174,115,4,子育て中の親子（主に乳幼児）が気軽に集い、交流する場です。子育てアドバイザーによる子育て相談も行っています。,604-0816,京都市中京区東洞院通二条上る壺屋町504　御所南グリーンマンション東洞院101,,医療法人財団　今井会足立病院,075-221-7439,075-221-7439,http://www.adachi-hospital.com/mamisuku/square.html,,10:00〜16:00,日曜日、水曜日（不定休）、祝日及び年末年始,無料（ただし、材料代等の実費をご負担いただく場合があります。）,地下鉄「丸太町」から徒歩３分,,公共交通機関をご利用ください。,子育て支援活動いきいきセンター（つどいの広場）,,,,,,,,,,,,,,,,,,,,,,,,,,,,
子ども若者はぐくみ局,育成推進課,1000001361,まちの縁側「とねりこの家」,まちのえんがわ「とねりこのいえ」,35.02637234,135.7556534,115,2,子育て中の親子（主に乳幼児）が気軽に集い、交流する場です。子育てアドバイザーによる子育て相談も行っています。,602-0926,京都市上京区一条通新町西入元真如堂町370,,まちの縁側「とねりこの家」運営委員会,075-431-7600,075-431-7600,https://toneriko.amebaownd.com/,,10:00〜16:00,日曜、木曜、祝日及び年末年始,無料（ただし、材料代等の実費をご負担いただく場合があります。）,地下鉄「今出川」から徒歩１０分,,公共交通機関をご利用ください。,子育て支援活動いきいきセンター（つどいの広場）,,,,,,,,,,,,,,,,,,,,,,,,,,,,
子ども若者はぐくみ局,育成推進課,1000001362,バンブーホーム,ばんぶーほーむ,34.9704974,135.692278,115,10,子育て中の親子（主に乳幼児）が気軽に集い、交流する場です。子育てアドバイザーによる子育て相談も行っています。,615-8145,京都市西京区樫原角田町1-42 積慶園内,,（福） 積慶園,075-392-6351,075-392-6350,https://ameblo.jp/homebamboo/entrylist.html,,10:00〜16:00,金曜、土曜、祝日及び年末年始,無料（ただし、材料代等の実費をご負担いただく場合があります。）,市バス「樫原水築町」から徒歩７分,,公共交通機関をご利用ください。,子育て支援活動いきいきセンター（つどいの広場）,,,,,,,,,,,,,,,,,,,,,,,,,,,,
子ども若者はぐくみ局,育成推進課,1000001363,稲荷の家 ほっこり,いなりのいえほっこり,34.96615926,135.769397,115,11,子育て中の親子（主に乳幼児）が気軽に集い、交流する場です。子育てアドバイザーによる子育て相談も行っています。,612-0014,京都市伏見区深草稲荷鳥居前町17-4,,（福）京都老人福祉協会,075-641-2700,075-641-2710,http://kyoro.or.jp/jigyocafe/,,10:00〜16:00,日曜、月曜、祝日及び年末年始,無料（ただし、材料代等の実費をご負担いただく場合があります。）,ＪＲ奈良線「稲荷」から徒歩３分,,公共交通機関をご利用ください。,子育て支援活動いきいきセンター（つどいの広場）,,,,,,,,,,,,,,,,,,,,,,,,,,,,
子ども若者はぐくみ局,育成推進課,1000001364,中部はすの実ひろば,なかべはすのみひろば,34.9213003,135.7660838,115,11,子育て中の親子（主に乳幼児）が気軽に集い、交流する場です。子育てアドバイザーによる子育て相談も行っています。,612-8154,京都市伏見区向島津田町129-4,,医療法人　医療法人社団　中部産婦人科医院,090-6671-8203,075-622-7581,https://www.nakabe.or.jp/,,9：30〜15：30,日曜、火曜、祝日及び年末年始,無料（ただし、材料代等の実費をご負担いただく場合があります。）,近鉄京都線「向島駅」から徒歩１１分,,公共交通機関をご利用ください。,子育て支援活動いきいきセンター（つどいの広場）,,,,,,,,,,,,,,,,,,,,,,,,,,,,
子ども若者はぐくみ局,育成推進課,1000001365,柊野児童館,ひらぎのじどうかん,35.06783479,135.7501388,114,1,詳細はホームページを御覧ください。,603-8024,京都市北区上賀茂中ﾉ坂町14-1,,社会福祉法人　柊野保育園,075-711-7116,075-711-7116,http://www.city.kyoto.lg.jp/hagukumi/page/0000032935.html,遊戯室、育成室、図書室等,10:00〜18:30※学童クラブ事業月〜金：放課後〜18:30土：8:00〜18:30,日曜日、祝日、年末年始（12/29〜1/3）,詳細はホームページを御覧ください。,,直接施設へお越しください。（活動内容によっては事前の申し込が必要な場合もあります。）,,,,,,,,,,,,,,,,,,,,,,,,,,,,,,
子ども若者はぐくみ局,育成推進課,1000001366,たかつかさ児童館,たかつかさじどうかん,35.02494,135.72543,114,1,詳細はホームページを御覧ください。,603-8335,京都市北区大将軍坂田町8-1,,社会福祉法人　京都保育センター,075-464-4304,075-467-2830,http://www.city.kyoto.lg.jp/hagukumi/page/0000032935.html,遊戯室、育成室、図書室等,10:00〜18:30※学童クラブ事業月〜金：放課後〜18:30土：8:00〜18:30,日曜日、祝日、年末年始（12/29〜1/3）,詳細はホームページを御覧ください。,,直接施設へお越しください。（活動内容によっては事前の申し込が必要な場合もあります。）,,,,,,,,,,,,,,,,,,,,,,,,,,,,,,
子ども若者はぐくみ局,育成推進課,1000001367,衣笠児童館,きぬがさじどうかん,35.03607998,135.7256153,114,1,詳細はホームページを御覧ください。,603-8485,京都市北区衣笠衣笠山町10,,社会福祉法人　大五京,075-467-9700,075-467-9701,http://www.city.kyoto.lg.jp/hagukumi/page/0000032935.html,遊戯室、育成室、図書室等,10:00〜18:30※学童クラブ事業月〜金：放課後〜18:30土：8:00〜18:30,日曜日、祝日、年末年始（12/29〜1/3）,詳細はホームページを御覧ください。,,直接施設へお越しください。（活動内容によっては事前の申し込が必要な場合もあります。）,,,,,,,,,,,,,,,,,,,,,,,,,,,,,,
子ども若者はぐくみ局,育成推進課,1000001368,みょうしゅう児童館,みゅしゅうじどうかん,35.05089398,135.7361993,114,1,詳細はホームページを御覧ください。,603-8464,京都市北区鷹峯黒門町15-2,,社会福祉法人　妙秀福祉会,075-491-0131,075-491-0135,http://www.city.kyoto.lg.jp/hagukumi/page/0000032935.html,遊戯室、育成室、図書室等,10:00〜18:30※学童クラブ事業月〜金：放課後〜18:30土：8:00〜18:30,日曜日、祝日、年末年始（12/29〜1/3）,詳細はホームページを御覧ください。,,直接施設へお越しください。（活動内容によっては事前の申し込が必要な場合もあります。）,,,,,,,,,,,,,,,,,,,,,,,,,,,,,,
子ども若者はぐくみ局,育成推進課,1000001369,西陣児童館,にしじんじどうかん,35.02882132,135.7436988,114,2,詳細はホームページを御覧ください。,602-8464,京都市上京区元誓願寺通り千本東入ル元四丁目430-2,,社会福祉法人　西陣会,075-451-8972,075-451-5700,http://www.city.kyoto.lg.jp/hagukumi/page/0000032935.html,遊戯室、育成室、図書室等,10:00〜18:30※学童クラブ事業月〜金：放課後〜18:30土：8:00〜18:30,日曜日、祝日、年末年始（12/29〜1/3）,詳細はホームページを御覧ください。,,直接施設へお越しください。（活動内容によっては事前の申し込が必要な場合もあります。）,,,,,,,,,,,,,,,,,,,,,,,,,,,,,,
子ども若者はぐくみ局,育成推進課,1000001370,信愛学童保育所,しんあいがくどうほいくしょ,35.01981135,135.7471696,114,2,ひとり親家庭、両親の共働きその他の事情などで昼間留守になる家庭の小学生の児童を、放課後安全に保護し、かつ、健やかに育成する学童クラブ事業を実施しています。,602-8151,京都市上京区丸太町通日暮西入西院町747−20,,社会福祉法人　信愛保育園,075-801-0467,075-822-8387,http://www.city.kyoto.lg.jp/hagukumi/page/0000032935.html,遊戯室、育成室等,月〜金：放課後〜18:30土：8:00〜18:30,日曜日、祝日、年末年始（12/29〜1/3）,詳細はホームページを御覧ください。,,直接施設へお越しください。（活動内容によっては事前の申し込が必要な場合もあります。）,,,,,,,,,,,,,,,,,,,,,,,,,,,,,,
子ども若者はぐくみ局,育成推進課,1000001371,だん王児童館,だんのうじどうかん,35.0096624,135.7732916,114,3,詳細はホームページを御覧ください。,606-8387,京都市左京区三条大橋東入法林寺門前町36,,宗教法人　だん王法林寺,075-771-7051,075-771-7051,http://www.city.kyoto.lg.jp/hagukumi/page/0000032935.html,遊戯室、育成室、図書室等,10:00〜18:30,日曜日、祝日、年末年始（12/29〜1/3）,無料（活動内容によっては、材料費等の実費が必要な場合もあります。）,,直接施設へお越しください。（活動内容によっては事前の申し込が必要な場合もあります。）,,,,,,,,,,,,,,,,,,,,,,,,,,,,,,
子ども若者はぐくみ局,育成推進課,1000001372,村松児童館,むらまつじどうかん,35.08482255,135.7857719,114,3,詳細はホームページを御覧ください。,606-0027,京都市左京区岩倉中在地町31-3,,社会福祉法人　平松の会,075-722-5705,075-722-5761,http://www.city.kyoto.lg.jp/hagukumi/page/0000032935.html,遊戯室、育成室、図書室等,10:00〜18:30※学童クラブ事業月〜金：放課後〜18:30土：8:00〜18:30,日曜日、祝日、年末年始（12/29〜1/3）,詳細はホームページを御覧ください。,,直接施設へお越しください。（活動内容によっては事前の申し込が必要な場合もあります。）,,,,,,,,,,,,,,,,,,,,,,,,,,,,,,
子ども若者はぐくみ局,育成推進課,1000001374,洛中児童館,らくちゅうじどうかん,35.00693383,135.7478186,114,4,詳細はホームページを御覧ください。,604-8336,京都市中京区六角通大宮西入三條大宮町242,,社会福祉法人　六満学園,075-841-1196,075-841-1197,http://www.city.kyoto.lg.jp/hagukumi/page/0000032935.html,遊戯室、育成室、図書室等,10:00〜18:30※学童クラブ事業月〜金：放課後〜18:30土：8:00〜18:30,日曜日、祝日、年末年始（12/29〜1/3）,詳細はホームページを御覧ください。,,直接施設へお越しください。（活動内容によっては事前の申し込が必要な場合もあります。）,,,,,,,,,,,,,,,,,,,,,,,,,,,,,,
子ども若者はぐくみ局,育成推進課,1000001375,同心児童館,どうしんじどうかん,35.01329815,135.7650626,114,4,詳細はホームページを御覧ください。,604-0952,京都市中京区富小路通二条下る俵屋町197,,宗教法人　日本基督教団京都教会,075-254-1085,075-254-1190,http://www.city.kyoto.lg.jp/hagukumi/page/0000032935.html,遊戯室、育成室、図書室等,10:00〜18:30※学童クラブ事業月〜金：放課後〜18:30土：8:00〜18:30,日曜日、祝日、年末年始（12/29〜1/3）,詳細はホームページを御覧ください。,,直接施設へお越しください。（活動内容によっては事前の申し込が必要な場合もあります。）,,,,,,,,,,,,,,,,,,,,,,,,,,,,,,
子ども若者はぐくみ局,育成推進課,1000001376,小松谷学童保育所,こまつだにがくどうほいくしょ,34.99209,135.7757,114,5,ひとり親家庭、両親の共働きその他の事情などで昼間留守になる家庭の小学生の児童を、放課後安全に保護し、かつ、健やかに育成する学童クラブ事業を実施しています。,605-0932,京都市東山区東大路渋谷下ル妙法院前側町441番地　　東山総合支援学校内,,（福）小松谷福祉会,075-541-1193,075-541-1212,http://www.city.kyoto.lg.jp/hagukumi/page/0000032935.html,遊戯室、育成室等,月〜金：放課後〜18:30土：8:00〜18:30,日曜日、祝日、年末年始（12/29〜1/3）,詳細はホームページを御覧ください。,,直接施設へお越しください。（活動内容によっては事前の申し込が必要な場合もあります。）,,,,,,,,,,,,,,,,,,,,,,,,,,,,,,
子ども若者はぐくみ局,育成推進課,1000001377,大宅児童館,おおやけじどうかん,34.97483668,135.8240604,114,6,詳細はホームページを御覧ください。,607-8178,京都市山科区大宅五反畑町69-13,,（福）　大宅福祉会,075-591-3063,075-501-9315,http://www.city.kyoto.lg.jp/hagukumi/page/0000032935.html,遊戯室、育成室、図書室等,10:00〜18:30※学童クラブ事業月〜金：放課後〜18:30土：8:00〜18:30,日曜日、祝日、年末年始（12/29〜1/3）,詳細はホームページを御覧ください。,,直接施設へお越しください。（活動内容によっては事前の申し込が必要な場合もあります。）,,,,,,,,,,,,,,,,,,,,,,,,,,,,,,
子ども若者はぐくみ局,育成推進課,1000001378,山階南児童館,さんかいみなみじどうかん,34.97922559,135.8154291,114,6,詳細はホームページを御覧ください。,607-8154,京都市山科区東野門口町30-1,,社会福祉法人　常盤福祉会,075-593-7227,075-593-7227,http://www.city.kyoto.lg.jp/hagukumi/page/0000032935.html,遊戯室、育成室、図書室等,10:00〜18:30※学童クラブ事業月〜金：放課後〜18:30土：8:00〜18:30,日曜日、祝日、年末年始（12/29〜1/3）,詳細はホームページを御覧ください。,,直接施設へお越しください。（活動内容によっては事前の申し込が必要な場合もあります。）,,,,,,,,,,,,,,,,,,,,,,,,,,,,,,
子ども若者はぐくみ局,育成推進課,1000001379,下京ひかり児童館,しもぎょうひかりじどうかん,34.9945,135.74624,114,7,詳細はホームページを御覧ください。,600-8804,京都市下京区中堂寺前田町7-3,,社会福祉法人　下京ひかり保育園・児童館,075-371-4821,075-371-4822,http://www.city.kyoto.lg.jp/hagukumi/page/0000032935.html,遊戯室、育成室、図書室等,10:00〜18:30※学童クラブ事業月〜金：放課後〜18:30土：8:00〜18:30,日曜日、祝日、年末年始（12/29〜1/3）,詳細はホームページを御覧ください。,,直接施設へお越しください。（活動内容によっては事前の申し込が必要な場合もあります。）,,,,,,,,,,,,,,,,,,,,,,,,,,,,,,
子ども若者はぐくみ局,育成推進課,1000001380,希望の家児童館,きぼうのいえじどうかん,34.98251987,135.7656044,114,8,詳細はホームページを御覧ください。,601-8006,京都市南区東九条東岩本町33-1,,社会福祉法人　カトリック京都司教区カリタス会,075-681-9951,075-691-7471,http://www.city.kyoto.lg.jp/hagukumi/page/0000032935.html,遊戯室、育成室、図書室等,10:00〜18:30※学童クラブ事業月〜金：放課後〜18:30土：8:00〜18:30,日曜日、祝日、年末年始（12/29〜1/3）,詳細はホームページを御覧ください。,,直接施設へお越しください。（活動内容によっては事前の申し込が必要な場合もあります。）,,,,,,,,,,,,,,,,,,,,,,,,,,,,,,
子ども若者はぐくみ局,育成推進課,1000001381,南大内児童館,みなみおおうちじどうかん,34.98256163,135.7449648,114,8,詳細はホームページを御覧ください。,601-8476,京都市南区八条寺ﾉ内町5,,社会福祉法人　京都市社会福祉協議会,075-671-1703,075-671-1703,http://www.city.kyoto.lg.jp/hagukumi/page/0000032935.html,遊戯室、育成室、図書室等,10:00〜18:30※学童クラブ事業月〜金：放課後〜18:30土：8:00〜18:30,日曜日、祝日、年末年始（12/29〜1/3）,詳細はホームページを御覧ください。,,直接施設へお越しください。（活動内容によっては事前の申し込が必要な場合もあります。）,,,,,,,,,,,,,,,,,,,,,,,,,,,,,,
子ども若者はぐくみ局,育成推進課,1000001382,祥栄児童館,しょうえいじどうかん,34.96754401,135.7239819,114,8,詳細はホームページを御覧ください。,601-8389,京都市南区吉祥院石原橋上1-4,,社会福祉法人　清和園,075-682-8154,075-682-8158,http://www.city.kyoto.lg.jp/hagukumi/page/0000032935.html,遊戯室、育成室、図書室等,10:00〜18:30※学童クラブ事業月〜金：放課後〜18:30土：8:00〜18:30,日曜日、祝日、年末年始（12/29〜1/3）,詳細はホームページを御覧ください。,,直接施設へお越しください。（活動内容によっては事前の申し込が必要な場合もあります。）,,,,,,,,,,,,,,,,,,,,,,,,,,,,,,
子ども若者はぐくみ局,育成推進課,1000001383,塔南の園児童館,とうなんのいえじどうかん,34.97406305,135.7469469,114,8,詳細はホームページを御覧ください。,601-8445,京都市南区西九条菅田町4-2,,社会福祉法人　京都福祉サービス協会,075-662-2761,075-662-2765,http://www.city.kyoto.lg.jp/hagukumi/page/0000032935.html,遊戯室、育成室、図書室等,10:00〜18:30※学童クラブ事業月〜金：放課後〜18:30土：8:00〜18:30,日曜日、祝日、年末年始（12/29〜1/3）,詳細はホームページを御覧ください。,,直接施設へお越しください。（活動内容によっては事前の申し込が必要な場合もあります。）,,,,,,,,,,,,,,,,,,,,,,,,,,,,,,
子ども若者はぐくみ局,育成推進課,1000001384,向上社児童館,こうじょうしゃじどうかん,35.00168,135.72936,114,9,詳細はホームページを御覧ください。,615-0026,京都市右京区西院北矢掛町22,,社会福祉法人　向上社,075-313-0939,075-311-5369,http://www.city.kyoto.lg.jp/hagukumi/page/0000032935.html,遊戯室、育成室、図書室等,10:00〜18:30※学童クラブ事業月〜金：放課後〜18:30土：8:00〜18:30,日曜日、祝日、年末年始（12/29〜1/3）,詳細はホームページを御覧ください。,,直接施設へお越しください。（活動内容によっては事前の申し込が必要な場合もあります。）,,,,,,,,,,,,,,,,,,,,,,,,,,,,,,
子ども若者はぐくみ局,育成推進課,1000001385,桂児童館,かつらじどうかん,34.97592679,135.6983668,114,10,詳細はホームページを御覧ください。,615-8194,京都市西京区川島粟田町40-4,,社会福祉法人　桂・川島児童センター,075-391-5288,075-391-5346,http://www.city.kyoto.lg.jp/hagukumi/page/0000032935.html,遊戯室、育成室、図書室等,10:00〜18:30※学童クラブ事業月〜金：放課後〜18:30土：8:00〜18:30,日曜日、祝日、年末年始（12/29〜1/3）,詳細はホームページを御覧ください。,,直接施設へお越しください。（活動内容によっては事前の申し込が必要な場合もあります。）,,,,,,,,,,,,,,,,,,,,,,,,,,,,,,
子ども若者はぐくみ局,育成推進課,1000001386,新林児童館,しんばやしじどうかん,34.96888039,135.6695813,114,10,詳細はホームページを御覧ください。,610-1141,京都市西京区大枝西新林町四丁目3,,社会福祉法人　京都社会福祉協会,075-332-0214,075-332-0214,http://www.city.kyoto.lg.jp/hagukumi/page/0000032935.html,遊戯室、育成室、図書室等,10:00〜18:30※学童クラブ事業月〜金：放課後〜18:30土：8:00〜18:30,日曜日、祝日、年末年始（12/29〜1/3）,詳細はホームページを御覧ください。,,直接施設へお越しください。（活動内容によっては事前の申し込が必要な場合もあります。）,,,,,,,,,,,,,,,,,,,,,,,,,,,,,,
子ども若者はぐくみ局,育成推進課,1000001387,福西児童館,ふくにしじどうかん,34.95933184,135.6824988,114,10,詳細はホームページを御覧ください。,610-1113,京都市西京区大枝南福西町1-2,,社会福祉法人　京都社会福祉協会,075-332-6640,075-332-6640,http://www.city.kyoto.lg.jp/hagukumi/page/0000032935.html,遊戯室、育成室、図書室等,10:00〜18:30※学童クラブ事業月〜金：放課後〜18:30土：8:00〜18:30,日曜日、祝日、年末年始（12/29〜1/3）,詳細はホームページを御覧ください。,,直接施設へお越しください。（活動内容によっては事前の申し込が必要な場合もあります。）,,,,,,,,,,,,,,,,,,,,,,,,,,,,,,
子ども若者はぐくみ局,育成推進課,1000001388,大原野児童館,おおはらのじどうかん,34.9553,135.6713,114,10,詳細はホームページを御覧ください。,610-1121,京都市西京区大原野上里北ﾉ町1308-20,,社会福祉法人　上総福祉会,075-332-8688,075-333-7201,http://www.city.kyoto.lg.jp/hagukumi/page/0000032935.html,遊戯室、育成室、図書室等,10:00〜18:30※学童クラブ事業月〜金：放課後〜18:30土：8:00〜18:30,日曜日、祝日、年末年始（12/29〜1/3）,詳細はホームページを御覧ください。,,直接施設へお越しください。（活動内容によっては事前の申し込が必要な場合もあります。）,,,,,,,,,,,,,,,,,,,,,,,,,,,,,,
子ども若者はぐくみ局,育成推進課,1000001389,つみき児童館,つみきじどうかん,34.99481456,135.6928548,114,10,詳細はホームページを御覧ください。,615-8203,京都市西京区松室荒掘町1-1,,社会福祉法人　つみき福祉会,075-381-1540,075-381-0912,http://www.city.kyoto.lg.jp/hagukumi/page/0000032935.html,遊戯室、育成室、図書室等,10:00〜18:30※学童クラブ事業月〜金：放課後〜18:30土：8:00〜18:30,日曜日、祝日、年末年始（12/29〜1/3）,詳細はホームページを御覧ください。,,直接施設へお越しください。（活動内容によっては事前の申し込が必要な場合もあります。）,,,,,,,,,,,,,,,,,,,,,,,,,,,,,,
子ども若者はぐくみ局,育成推進課,1000001390,桂東児童館,かつらひがしじどうかん,34.98112658,135.710485,114,10,詳細はホームページを御覧ください。,615-8021,京都市西京区桂浅原町129-1,,社会福祉法人　桂朝日福祉会,075-394-1600,075-391-7517,http://www.city.kyoto.lg.jp/hagukumi/page/0000032935.html,遊戯室、育成室、図書室等,10:00〜18:30※学童クラブ事業月〜金：放課後〜18:30土：8:00〜18:30,日曜日、祝日、年末年始（12/29〜1/3）,詳細はホームページを御覧ください。,,直接施設へお越しください。（活動内容によっては事前の申し込が必要な場合もあります。）,,,,,,,,,,,,,,,,,,,,,,,,,,,,,,
子ども若者はぐくみ局,育成推進課,1000001391,松陽児童館,しょうようじどうかん,34.98132437,135.6858221,114,10,詳細はホームページを御覧ください。,615-8256　　　　　,京都市西京区山田平尾町51-28,,社会福祉法人　京都市社会事業財団,075-392-6311,075-392-6312,http://www.city.kyoto.lg.jp/hagukumi/page/0000032935.html,遊戯室、育成室、図書室等,10:00〜18:30※学童クラブ事業月〜金：放課後〜18:30土：8:00〜18:30,日曜日、祝日、年末年始（12/29〜1/3）,詳細はホームページを御覧ください。,,直接施設へお越しください。（活動内容によっては事前の申し込が必要な場合もあります。）,,,,,,,,,,,,,,,,,,,,,,,,,,,,,,
子ども若者はぐくみ局,育成推進課,1000001393,中山児童館,なかやまじどうかん,34.95236316,135.8140343,114,11,詳細はホームページを御覧ください。,601-1373,京都市伏見区醍醐中山町46,,社会福祉法人　醍醐福祉会,075-571-6457,075-571-6465,http://www.city.kyoto.lg.jp/hagukumi/page/0000032935.html,遊戯室、育成室、図書室等,10:00〜18:30※学童クラブ事業月〜金：放課後〜18:30土：8:00〜18:30,日曜日、祝日、年末年始（12/29〜1/3）,詳細はホームページを御覧ください。,,直接施設へお越しください。（活動内容によっては事前の申し込が必要な場合もあります。）,,,,,,,,,,,,,,,,,,,,,,,,,,,,,,
子ども若者はぐくみ局,育成推進課,1000001394,池田児童館,いけだじどうかん,34.94657233,135.8096972,114,11,詳細はホームページを御覧ください。,601-1362,京都市伏見区醍醐池田町4,,池田児童館運営委員会,075-573-0570,075-573-0584,http://www.city.kyoto.lg.jp/hagukumi/page/0000032935.html,遊戯室、育成室、図書室等,10:00〜18:30※学童クラブ事業月〜金：放課後〜18:30土：8:00〜18:30,日曜日、祝日、年末年始（12/29〜1/3）,詳細はホームページを御覧ください。,,直接施設へお越しください。（活動内容によっては事前の申し込が必要な場合もあります。）,,,,,,,,,,,,,,,,,,,,,,,,,,,,,,
子ども若者はぐくみ局,育成推進課,1000001395,白菊児童館,しらぎくじどうかん,34.91497499,135.7709688,114,11,詳細はホームページを御覧ください。,612-8141,京都市伏見区向島二ﾉ丸町151-59,,社会福祉法人　白菊福祉会,075-621-1861,075-621-1043,http://www.city.kyoto.lg.jp/hagukumi/page/0000032935.html,遊戯室、育成室、図書室等,10:00〜18:30※学童クラブ事業月〜金：放課後〜18:30土：8:00〜18:30,日曜日、祝日、年末年始（12/29〜1/3）,詳細はホームページを御覧ください。,,直接施設へお越しください。（活動内容によっては事前の申し込が必要な場合もあります。）,,,,,,,,,,,,,,,,,,,,,,,,,,,,,,
子ども若者はぐくみ局,育成推進課,1000001396,うずらの里児童館,うずらのさとじどうかん,34.95973192,135.7659906,114,11,詳細はホームページを御覧ください。,612-0029,京都市伏見区深草西浦町三丁目44,,うずらの里児童館運営委員会,075-642-6732,075-642-6732,http://www.city.kyoto.lg.jp/hagukumi/page/0000032935.html,遊戯室、育成室、図書室等,10:00〜18:30※学童クラブ事業月〜金：放課後〜18:30土：8:00〜18:30,日曜日、祝日、年末年始（12/29〜1/3）,詳細はホームページを御覧ください。,,直接施設へお越しください。（活動内容によっては事前の申し込が必要な場合もあります。）,,,,,,,,,,,,,,,,,,,,,,,,,,,,,,
子ども若者はぐくみ局,育成推進課,1000001397,みぎわ児童館,みぎわじどうかん,34.92605271,135.7893097,114,11,詳細はホームページを御覧ください。,612-8006,京都市伏見区桃山町大島38-110,,社会福祉法人　美樹和会,090-6328-6444,075-634-3281,http://www.city.kyoto.lg.jp/hagukumi/page/0000032935.html,遊戯室、育成室、図書室等,10:00〜18:30※学童クラブ事業月〜金：放課後〜18:30土：8:00〜18:30,日曜日、祝日、年末年始（12/29〜1/3）,詳細はホームページを御覧ください。,,直接施設へお越しください。（活動内容によっては事前の申し込が必要な場合もあります。）,,,,,,,,,,,,,,,,,,,,,,,,,,,,,,
子ども若者はぐくみ局,育成推進課,1000001398,城南児童館,じょうなんじどうかん,34.92095059,135.7783341,114,11,詳細はホームページを御覧ください。,612-8132,京都市伏見区向島藤ﾉ木町85-7,,社会福祉法人　京都社会福祉協会,075-602-7291,075-602-7391,http://www.city.kyoto.lg.jp/hagukumi/page/0000032935.html,遊戯室、育成室、図書室等,10:00〜18:30※学童クラブ事業月〜金：放課後〜18:30土：8:00〜18:30,日曜日、祝日、年末年始（12/29〜1/3）,詳細はホームページを御覧ください。,,直接施設へお越しください。（活動内容によっては事前の申し込が必要な場合もあります。）,,,,,,,,,,,,,,,,,,,,,,,,,,,,,,
子ども若者はぐくみ局,育成推進課,1000001399,はなぶさ児童館,はなぶさじどうかん,34.94248949,135.8016559,114,11,詳細はホームページを御覧ください。,601-1438,京都市伏見区石田川向町1-7,,社会福祉法人　志心福祉会,075-572-9394,075-572-8035,http://www.city.kyoto.lg.jp/hagukumi/page/0000032935.html,遊戯室、育成室、図書室等,10:00〜18:30※学童クラブ事業月〜金：放課後〜18:30土：8:00〜18:30,日曜日、祝日、年末年始（12/29〜1/3）,詳細はホームページを御覧ください。,,直接施設へお越しください。（活動内容によっては事前の申し込が必要な場合もあります。）,,,,,,,,,,,,,,,,,,,,,,,,,,,,,,
子ども若者はぐくみ局,育成推進課,1000001400,桃の里児童館,もものさとじどうかん,34.8900804,135.716756,114,11,詳細はホームページを御覧ください。,613-0915,京都市伏見区淀際目町555,,桃の里児童館運営委員会,075-632-3200,075-632-3200,http://www.city.kyoto.lg.jp/hagukumi/page/0000032935.html,遊戯室、育成室、図書室等,10:00〜18:30※学童クラブ事業月〜金：放課後〜18:30土：8:00〜18:30,日曜日、祝日、年末年始（12/29〜1/3）,詳細はホームページを御覧ください。,,直接施設へお越しください。（活動内容によっては事前の申し込が必要な場合もあります。）,,,,,,,,,,,,,,,,,,,,,,,,,,,,,,
子ども若者はぐくみ局,育成推進課,1000001401,下鳥羽児童館,しもとばじどうかん,34.93665178,135.7440984,114,11,詳細はホームページを御覧ください。,612-8488,京都市伏見区下鳥羽東柳長町33,,（一社）京都市ひとり親家庭福祉連合会,075-603-5510,075-603-5520,http://www.city.kyoto.lg.jp/hagukumi/page/0000032935.html,遊戯室、育成室、図書室等,10:00〜18:30※学童クラブ事業月〜金：放課後〜18:30土：8:00〜18:30,日曜日、祝日、年末年始（12/29〜1/3）,詳細はホームページを御覧ください。,,直接施設へお越しください。（活動内容によっては事前の申し込が必要な場合もあります。）,,,,,,,,,,,,,,,,,,,,,,,,,,,,,,
子ども若者はぐくみ局,育成推進課,1000001402,ももやま児童館,ももやまじどうかん,34.93235514,135.7718191,114,11,詳細はホームページを御覧ください。,612-8036,京都市伏見区桃山町立売1-6,,社会福祉法人　健光園,075-605-5586,075-605-5587,http://www.city.kyoto.lg.jp/hagukumi/page/0000032935.html,遊戯室、育成室、図書室等,10:00〜18:30※学童クラブ事業月〜金：放課後〜18:30土：8:00〜18:30,日曜日、祝日、年末年始（12/29〜1/3）,詳細はホームページを御覧ください。,,直接施設へお越しください。（活動内容によっては事前の申し込が必要な場合もあります。）,,,,,,,,,,,,,,,,,,,,,,,,,,,,,,
子ども若者はぐくみ局,育成推進課,1000001403,久我の杜児童館,こがのもりじどうかん,34.9332831,135.7290673,114,11,詳細はホームページを御覧ください。,612-8494,京都市伏見区久我東町209,,社会福祉法人　京都社会福祉協会,075-933-3157,075-933-3157,http://www.city.kyoto.lg.jp/hagukumi/page/0000032935.html,遊戯室、育成室、図書室等,10:00〜18:30※学童クラブ事業月〜金：放課後〜18:30土：8:00〜18:30,日曜日、祝日、年末年始（12/29〜1/3）,詳細はホームページを御覧ください。,,直接施設へお越しください。（活動内容によっては事前の申し込が必要な場合もあります。）,,,,,,,,,,,,,,,,,,,,,,,,,,,,,,
子ども若者はぐくみ局,育成推進課,1000001404,藤城児童館,ふじしろじどうかん,34.94285227,135.7754266,114,11,詳細はホームページを御覧ください。,612-0856,京都市伏見区桃山町正宗52-6,,社会福祉法人　健光園,075-622-1127,075-622-1101,http://www.city.kyoto.lg.jp/hagukumi/page/0000032935.html,遊戯室、育成室、図書室等,10:00〜18:30※学童クラブ事業月〜金：放課後〜18:30土：8:00〜18:30,日曜日、祝日、年末年始（12/29〜1/3）,詳細はホームページを御覧ください。,,直接施設へお越しください。（活動内容によっては事前の申し込が必要な場合もあります。）,,,,,,,,,,,,,,,,,,,,,,,,,,,,,,
子ども若者はぐくみ局,育成推進課,1000001405,ふかくさ輝っず児童館,ふかくさきっずじどうかん,34.95896474,135.7748526,114,11,詳細はホームページを御覧ください。,612-0877,京都市伏見区深草僧坊町54-3,,社会福祉法人　深草福祉会,075-641-3511,075-641-3522,http://www.city.kyoto.lg.jp/hagukumi/page/0000032935.html,遊戯室、育成室、図書室等,10:00〜18:30※学童クラブ事業月〜金：放課後〜18:30土：8:00〜18:30,日曜日、祝日、年末年始（12/29〜1/3）,詳細はホームページを御覧ください。,,直接施設へお越しください。（活動内容によっては事前の申し込が必要な場合もあります。）,,,,,,,,,,,,,,,,,,,,,,,,,,,,,,
保健福祉局,障害保健福祉推進室,1000001407,大原野の杜,おおはらののもり,34.95303588,135.6784379,116,10,障害のある方のための福祉施設です。,610-1123,京都市西京区大原野上里南ノ町38-2,,社会福祉法人京都障害児福祉協会,075-335-3764,075-332-1949,https://www.sogofukushi.jp/ooharano/,,,,,,住所地の保健福祉センターへお尋ねください。,,,,,,,,,,,,,,,,,,,,,,,,,,,,,,
保健福祉局,障害保健福祉推進室,1000001414,洛南身体障害者福祉会館,らくなんしんたいしょうがいしゃふくしかいかん,34.97699,135.73587,116,8,障害のある方のための福祉施設です。,601-8321,京都市南区吉祥院西定成町35,,社会福祉法人京都障害者福祉センター,075-691-2468,075-691-9226,https://www.normanet.ne.jp/~r-kaikan/,,,,,,住所地の保健福祉センターへお尋ねください。,,,,,,,,,,,,,,,,,,,,,,,,,,,,,,
保健福祉局,障害保健福祉推進室,1000001415,山科身体障害者福祉会館,やましなしんたいしょうがいしゃふくしかいかん,34.98652601,135.8162928,116,6,障害のある方のための福祉施設です。,607-8086,京都市山科区竹鼻四丁野町34-1,,社会福祉法人京都障害者福祉センター,075-591-8821,075-591-8831,https://www.normanet.ne.jp/~y_kaikan/,,,,,,住所地の保健福祉センターへお尋ねください。,,,,,,,,,,,,,,,,,,,,,,,,,,,,,,
保健福祉局,障害保健福祉推進室,1000001417,横大路学園,よこおおじがくえん,34.91967941,135.7373071,116,11,障害のある方のための福祉施設です。,612-8244,京都市伏見区横大路千両松町277,,社会福祉法人京都国際社会福祉協力会,075-602-9855,075-602-4090,http://www.kiswec.jp/yokoozi_b/,,,,,,住所地の保健福祉センターへお尋ねください。,,,,,,,,,,,,,,,,,,,,,,,,,,,,,,
保健福祉局,障害保健福祉推進室,1000001418,みぶ身体障害者福祉会館,みぶしんたいしょうがいしゃふくしかいかん,35.00388221,135.7459491,116,4,障害のある方のための福祉施設です。,604-8804,京都市中京区壬生坊城町19-4,,社会福祉法人京都国際社会福祉協力会,075-822-0548,075-822-0548,http://www.kiswec.jp/mibu_k/,,,,,,住所地の保健福祉センターへお尋ねください。,,,,,,,,,,,,,,,,,,,,,,,,,,,,,,
保健福祉局,障害保健福祉推進室,1000001422,西ノ京障害者授産所,にしのきょうじゅさんしょ,35.01328937,135.730623,116,4,障害のある方のための福祉施設です。,604-8437,京都市中京区西ノ京東中合町2,,社会福祉法人京都聴覚言語障害者福祉協会,075-841-8336,075-841-8311,http://www.kyoto-chogen.or.jp/center/work/aozora.html,,,,,,施設の見学を希望する場合は、事前に電話又はＦＡＸでご連絡ください。,施設の利用を希望する場合は、お住まいの区の福祉事務所で手続きが必要です。,,,,,,,,,,,,,,,,,,,,,,,,,,,,,
保健福祉局,障害保健福祉推進室,1000001423,桂川障害者デイサービスセンター,かつらがわしょうがいしゃでいさーびすせんたー,34.97597514,135.7138431,116,10,障害のある方のための福祉施設です。,615-8037,京都市西京区下津林東大般若町32,,社会福祉法人京都社会事業財団,075-391-1675,075-391-1640,,,,,,,住所地の保健福祉センターへお尋ねください。,,,,,,,,,,,,,,,,,,,,,,,,,,,,,,
保健福祉局,障害保健福祉推進室,1000001424,横大路福祉工場,よこおおじふくしこうじょう,34.91924834,135.737071,116,11,障害のある方のための福祉施設です。,612-8244,京都市伏見区横大路千両松町447,,社会福祉法人京都国際社会福祉協力会,075-621-7075,075-621-7076,http://www.kiswec.jp/yokoozi_a/,,,,,,住所地の保健福祉センターへお尋ねください。,,,,,,,,,,,,,,,,,,,,,,,,,,,,,,
行財政局,サービス事業推進室,1000001434,行財政局サービス事業推進室,ぎょうざいせいきょくさーびすじぎょうすいしんしつ,34.9991117,135.7365161,101,4,,604-8832,京都市中京区壬生下溝町44-3,,,075-874-7230,075-312-5122,,,,,,,,,,,,,,,,,,,,,,,,,,,,,,,,,,,,,
建設局,建設総務課,1000001435,御池駐車場,おいけちゅうしゃじょう,35.01080697,135.7620692,135,4,ゼスト御池と直結している、都心部でのお買い物等にも便利な駐車場です。,,京都市中京区御池通高倉西入高宮町,,京都御池地下街（株）,075-253-2760,,http://zestoike.com/?page_id=60,普通車439台自動二輪車・原動機付き403台,0：00〜24：00,なし,ゼスト御池のホームページをご覧ください。,地下鉄「京都市役所前駅」下車すぐ、「烏丸御池駅」下車　東へ約200m,,,,,,,,,,,,,,,,,,,,,,,,,,,,,,,
建設局,自転車政策推進室,1000001436,三条千本保管所,さんじょうせんぼんほかんしょ,35.00819707,135.7418561,135,4,-,604-8874,京都市中京区壬生天池町5-2,,,075-821-9366,,https://kyoto-bicycle.com/,,12：00〜21：00,12月29日〜1月3日,"○撤去・保管の費用…自転車1台3,500円、原動機付自転車1台5,000円 ",○地下鉄「二条駅」下車　南へ約350ｍ　○市バス「千本三条」下車　西へ約150ｍ　○JR「二条駅」下車　南へ約300m,"1.引取りに来られた方（代理人も可）の氏名・住所等が確認できるもの（１）１点でよいもの運転免許証、パスポート、マイナンバーカード（通知カードは不可）、在留カード　等（２）２点必要なもの健康保険証、年金手帳、学生証、敬老乗車証　等詳細は、本人確認書類の一覧（https://kyoto-bicycle.com/pdf/honninkakunin.pdf）を確認してください。2.撤去、保管の費用…自転車１台3,500円、原動機付自転車１台5,000円（釣り銭のいらないようにお願いします。）3.その他…自転車のかぎ 等",○保管期間…撤去した日の翌日から4週間です（＊撤去当日も返還できます。）。,,,,,,,,,,,,,,,,,,,,,,,,,,,,,
建設局,自転車政策推進室,1000001439,国際会館駅保管所,こくさいかいかんえきほかんしょ,35.06417292,135.7853615,135,3,-,606-0001,京都市左京区岩倉大鷺町550番地（地階）,,,075-241-0333,,https://kyoto-bicycle.com/,,5:00〜翌日1:00,なし,"○撤去・保管の費用…自転車1台3,500円、原動機付自転車1台5,000円 ",国際会館駅自転車等駐車場内○地下鉄「国際会館駅」下車、４−１番出口横,"1.引取りに来られた方（代理人も可）の氏名・住所等が確認できるもの（１）１点でよいもの運転免許証、パスポート、マイナンバーカード（通知カードは不可）、在留カード　等（２）２点必要なもの健康保険証、年金手帳、学生証、敬老乗車証　等詳細は、本人確認書類の一覧（https://kyoto-bicycle.com/pdf/honninkakunin.pdf）を確認してください。2.撤去、保管の費用…自転車１台3,500円、原動機付自転車１台5,000円（釣り銭のいらないようにお願いします。）3.その他…自転車のかぎ 等",○保管期間…撤去した日の翌日から4週間です（＊撤去当日も返還できます。）。,,,,,,,,,,,,,,,,,,,,,,,,,,,,,
建設局,自転車政策推進室,1000001441,石田保管所,いしだほかんしょ,34.940989,135.803782,135,11,-,601-1439,京都市伏見区石田森東町46（石田駅自転車等駐車場内）,,,075-241-0333,,https://kyoto-bicycle.com/,,5:00〜翌日1:00,なし,"○撤去・保管の費用…自転車1台3,500円、原動機付自転車1台5,000円 ",石田駅自転車等駐車場内地下鉄「石田駅」下車 　1番出口から北東へ約10m,"1.引取りに来られた方（代理人も可）の氏名・住所等が確認できるもの（１）１点でよいもの運転免許証、パスポート、マイナンバーカード（通知カードは不可）、在留カード　等（２）２点必要なもの健康保険証、年金手帳、学生証、敬老乗車証　等詳細は、本人確認書類の一覧（https://kyoto-bicycle.com/pdf/honninkakunin.pdf）を確認してください。2.撤去、保管の費用…自転車１台3,500円、原動機付自転車１台5,000円（釣り銭のいらないようにお願いします。）3.その他…自転車のかぎ 等",○保管期間…撤去した日の翌日から4週間です（＊撤去当日も返還できます。）。,,,,,,,,,,,,,,,,,,,,,,,,,,,,,
子ども若者はぐくみ局,育成推進課,1000001443,ハートの家族,はーとのかぞく,34.93616548,135.7186255,115,11,子育て中の親子（主に乳幼児）が気軽に集い、交流する場です。子育てアドバイザーによる子育て相談も行っています。,612-8487,京都市伏見区羽束師菱川町559-105,,「ハートの家族」運営委員会,080-2435-3555,,,,10:00〜16:00,日曜、月曜、祝日及び年末年始,無料（ただし、材料代等の実費をご負担いただく場合があります。）,,,公共交通機関をご利用ください。,子育て支援活動いきいきセンター（つどいの広場）,,,,,,,,,,,,,,,,,,,,,,,,,,,,
建設局,自転車政策推進室,1000001444,桂川駅東自転車等駐車場,かつらがわえきひがしじてんしゃとうちゅうしゃじょう,34.96485361,135.71078,135,8,JR[桂川駅]のご利用に便利な駐輪場です。,601-8212,京都市南区久世上久世町110-3,,?アーキエムズ,0800-3333-321,,https://kyoto-bicycle.com/parking/85,自転車駐車台数602台原動機付自転車駐車台数80台,4：30〜翌1：30,なし,上記ホームページをご覧ください。,JR[桂川駅」下車すぐ,上記ホームページをご覧ください。,,,,,,,,,,,,,,,,,,,,,,,,,,,,,,
建設局,自転車政策推進室,1000001445,桂川駅西自転車等駐車場,かつらがわえきにしじてんしゃとうちゅうしゃじょう,34.96459808,135.7089005,135,8,JR[桂川駅]のご利用に便利な駐輪場です。,601-8211 ,京都市南区久世高田町126,,?アーキエムズ,0800-3333-321,,https://kyoto-bicycle.com/parking/86,自転車駐車台数887台原動機付自転車駐車台数233台,4：30〜翌1：30,なし,上記ホームページをご覧ください。,JR[桂川駅」下車徒歩1分,上記ホームページをご覧ください。,,,,,,,,,,,,,,,,,,,,,,,,,,,,,,
子ども若者はぐくみ局,育成推進課,1000001446,格致つどいの広場,かくちつどいのひろば,35.00057478,135.7532478,115,7,子育て中の親子（主に乳幼児）が気軽に集い、交流する場です。子育てアドバイザーによる子育て相談も行っています。,600-8469 ,京都市下京区油小路通仏光寺下る太子山町602-1　北総合支援学校中央分校,,ＮＰＯ法人 チャイルドライン京都,075-406-5950,075-406-5950,http://kakuchitsudoi.web.fc2.com/,,10:00〜16:00,日曜、水曜、祝日及び年末年始,無料（ただし、材料代等の実費をご負担いただく場合があります。）,阪急「大宮駅」から徒歩２分　　　　　　　　　　　　　　　　　　京福電気鉄道「四条大宮駅」から徒歩２分,,公共交通機関をご利用ください。,子育て支援活動いきいきセンター（つどいの広場）,,,,,,,,,,,,,,,,,,,,,,,,,,,,
子ども若者はぐくみ局,幼保総合支援室,1000001447,いしはら保育室,いしはらほいくしつ,34.930909,135.718605,113,11,,607-8074,京都市伏見区羽束師菱川町262-11,,,075‐931-9473,075‐931-9473,,,,,,,お住まいの区の保健福祉センターにお申し込みください。,,小規模保育事業所,,,,,,,,,,,,,,,,,,,,,,,,,,,,
子ども若者はぐくみ局,育成推進課,1000001449,げんきスポット０−３（ぜろさん）,げんきすぽっとぜろさん,34.9849347,135.8193295,115,6,子育て中の親子（主に乳幼児）が気軽に集い、交流する場です。子育てアドバイザーによる子育て相談も行っています。,607-8074,京都市山科区音羽乙出町１４,,特定非営利活動法人山科醍醐こどものひろば,070-6558-3429075-634-9242,075-634-9242,http://www.kodohiro.com/,,10:00〜16:00,日曜、月曜、祝日及び年末年始,無料（ただし、材料代等の実費をご負担いただく場合があります。）,地下鉄「東野」から徒歩５分,,公共交通機関をご利用ください。,子育て支援活動いきいきセンター（つどいの広場）,,,,,,,,,,,,,,,,,,,,,,,,,,,,
子ども若者はぐくみ局,育成推進課,1000001450,ぱれっとひろば,ぱれっとひろば,35.02407704,135.7159111,115,9,子育て中の親子（主に乳幼児）が気軽に集い、交流する場です。子育てアドバイザーによる子育て相談も行っています。,616-8025,京都市右京区花園土堂町14-4,,特定非営利活動法人　夢いろ,075-463-0580,075-463-0581,https://kyoto-palette.wixsite.com/palette-kyoto/,,10:00〜16:00,日曜、金曜、祝日及び年末年始,無料（ただし、材料代等の実費をご負担いただく場合があります。）,JR山陰本線「花園駅」から徒歩９分、京福電車「御室仁和寺駅」から徒歩９分,,公共交通機関をご利用ください。,子育て支援活動いきいきセンター（つどいの広場）,,,,,,,,,,,,,,,,,,,,,,,,,,,,
建設局,自転車政策推進室,1000001451,嵯峨嵐山駅自転車駐車場,さがあらしやまえきじてんしゃちゅうしゃじょう,35.01901398,135.6815037,135,9,JR「嵯峨嵐山駅」のご利用に便利な駐輪場です。,616-8372 ,京都市右京区嵯峨天龍寺広道町20-7,,?アーキエムズ,0800-3333-321,,https://kyoto-bicycle.com/parking/78,自転車駐車台数333台,5:00〜翌1:00,なし,上記ホームページをご覧ください。,JR「嵯峨嵐山駅」下車すぐ,上記ホームページをご覧ください。,,,,,,,,,,,,,,,,,,,,,,,,,,,,,,
文化市民局,市民スポーツ振興室,1000001452,左京地域体育館,さきょうちいきたいいくかん,35.03274833,135.7768804,132,3,-,606-8201,京都市左京区田中玄京町44-2,,シンコースポーツグループ・シティービルサービス共同事業体,075-701-4816,,https://takaragaike-kyoto.jp,体育室,9:00〜21:00,12/29〜1/3,ホームページを御覧ください。,●京都バス「飛鳥井町」下車●叡山電鉄「出町柳」駅下車,ホームページを御覧ください。,,,,,,,,,,,,,,,,,,,,,,,,,,,,,,
文化市民局,市民スポーツ振興室,1000001453,中京地域体育館,なかぎょうちいきたいいくかん,35.00932628,135.7340696,132,4,-,604-8433,京都市中京区西ノ京北小路町4,,ビバ・アシックス・日本メックス・テルウェルグループ,075-802-1486,,https://g-kyoto.pref.kyoto.lg.jp/reserve_j/html2/100074.htm,体育室,9:00〜21:00,12/29〜1/3,ホームページを御覧ください。,●地下鉄東西線「西大路御池」下車 徒歩5分●市バス「西大路御池」下車 徒歩5分●京福電鉄「西大路三条」駅下車 徒歩5分  ,ホームページを御覧ください。,,,,,,,,,,,,,,,,,,,,,,,,,,,,,,
文化市民局,市民スポーツ振興室,1000001454,吉祥院地域体育館,きっしょういんちいきたいいくかん,34.96880127,135.7322806,132,8,-,601-8335,京都市南区吉祥院砂ノ町47,,ビバ・アシックス・日本メックス・テルウェルグループ,075-691-1271,,https://g-kyoto.pref.kyoto.lg.jp/reserve_j/html2/100075.htm,体育室,9:00〜21:00,12/29〜1/3,ホームページを御覧ください。,●市バス「吉祥院池田町」下車 徒歩5分●市バス「吉祥院堂ノ後町」下車 徒歩7分●JR東海道本線「西大路」駅下車 徒歩19分,ホームページを御覧ください。,,,,,,,,,,,,,,,,,,,,,,,,,,,,,,
文化市民局,市民スポーツ振興室,1000001455,久世地域体育館,くぜちいきたいいくかん,34.96160258,135.7211629,132,8,-,601-8202,京都市南区久世大築町36,,ビバ・アシックス・日本メックス・テルウェルグループ,075-934-4317,,https://g-kyoto.pref.kyoto.lg.jp/reserve_j/html2/100076.htm,体育室,9:00〜21:00,12/29〜1/3,ホームページを御覧ください。,●市バス「久世橋西詰」下車 徒歩4分●市バス「中久世」下車 徒歩5分●JR東海道本線「桂川」駅下車 徒歩17分,ホームページを御覧ください。,,,,,,,,,,,,,,,,,,,,,,,,,,,,,,
文化市民局,市民スポーツ振興室,1000001456,伏見東部地域体育館,ふしみとうぶちいきたいいくかん,34.9421245,135.813565,132,11,-,601-1344,京都市伏見区醍醐辰巳町4-1,,ビバ・アシックス・日本メックス・テルウェルグループ,075-573-5323,,https://g-kyoto.pref.kyoto.lg.jp/reserve_j/html2/100077.htm,体育室,9:00〜21:00,12/29〜1/3,ホームページを御覧ください。,●醍醐コミュニティバス「一言寺・醍醐中学校前」下車 徒歩4分●地下鉄東西線「石田」駅下車 徒歩12分 ,ホームページを御覧ください。,,,,,,,,,,,,,,,,,,,,,,,,,,,,,,
文化市民局,市民スポーツ振興室,1000001457,伏見北部地域体育館,ふしみほくぶちいきたいいくかん,34.95025925,135.7580405,132,11,-,612-8441,京都市伏見区竹田醍醐田町17-6,,横大路スポーツネットワーク,075-643-7573,,https://g-kyoto.pref.kyoto.lg.jp/reserve_j/html2/100078.htm,体育室,9:00〜21:00,12/29〜1/3,ホームページを御覧ください。,,ホームページを御覧ください。,,,,,,,,,,,,,,,,,,,,,,,,,,,,,,
文化市民局,市民スポーツ振興室,1000001458,下京地域体育館,しもぎょうちいきたいいくかん,34.98646888,135.7662615,132,7,-,600-8202,京都市下京区川端町13,,ビバ・アシックス・日本メックス・テルウェルグループ,075-351-7510,,https://g-kyoto.pref.kyoto.lg.jp/reserve_j/html2/100079.htm,体育室,9:00〜21:00,12/29〜1/3,ホームページを御覧ください。,●市バス「塩小路高倉」下車 徒歩2分●市バス「七条河原町」下車 徒歩5分●京阪本線「七条」駅下車 徒歩3分 ,ホームページを御覧ください。,,,,,,,,,,,,,,,,,,,,,,,,,,,,,,
文化市民局,美術館,1000001459,京都市美術館別館,きょうとしびじゅつかんべっかん,35.01457118,135.7813959,131,3,京都市美術館の別館です。主に美術団体の展覧会を開催しています。,606-8342,京都市左京区岡崎最勝寺町13番地,,京都市,075-762-4671,075-771-4334,https://kyotocity-kyocera.museum/,別館（展示室）,10:00〜18:00※ただし、入場は17:30まで,月曜日（祝日の場合は開館）、12/28〜1/2,展覧会により異なります。,地下鉄「東山」から徒歩10分,詳細はホームページを御覧ください。,・館内での飲食は、指定の場所以外では不可です。・館内は全面禁煙です。・ペット持込不可です。・公共交通機関をご利用ください。,,,,,,,,,,,,,,,,,,,,,,,,,,,,,
子ども若者はぐくみ局,育成推進課,1000001460,隨林寺つどいの広場,ずいりんじつどいのひろば,34.97673117,135.7539314,115,8,子育て中の親子（主に乳幼児）が気軽に集い、交流する場です。子育てアドバイザーによる子育て相談も行っています。,601-8432,京都市南区西九条東島町１５番１,,宗教法人隨林寺,075-672-0404,075-672-1022,http://www.zuirinji.jp/support.html,,10:00〜16:00,日曜、水曜、祝日及び年末年始,無料（ただし、材料代等の実費をご負担いただく場合があります。）,ＪＲ京都駅から徒歩１０分、近鉄東寺駅から徒歩３分、地下鉄九条駅から徒歩７分,,公共交通機関をご利用ください。,子育て支援活動いきいきセンター（つどいの広場）,,,,,,,,,,,,,,,,,,,,,,,,,,,,
保健福祉局,障害保健福祉推進室,1000001464,桂授産園,かつらじゅさんえん,34.9900727,135.7051313,116,10,一般企業等への就労を希望する障害のある方に、一定期間、就労に必要な知識及び能力の向上のために必要な訓練を行う施設です。,615-8301,京都市西京区桂徳大寺北町81番地,,社会福祉法人京都総合福祉協会,075-393-2044,075-393-2098,https://www.sogofukushi.jp/katsura/,,,,,,施設の見学を希望する場合は、事前に電話又はＦＡＸでご連絡ください。,施設の利用を希望する場合は、お住まいの区の福祉事務所で手続きが必要です。,,,,,,,,,,,,,,,,,,,,,,,,,,,,,
保健福祉局,障害保健福祉推進室,1000001466,だいご学園,だいごがくえん,34.94175512,135.8134308,116,11,一般企業等への就労を希望する障害のある方に、一定期間、就労に必要な知識及び能力の向上のために必要な訓練を行う施設です。,601-1344 ,京都市伏見区醍醐辰巳町15番地,,社会福祉法人京都障害者福祉センター,075-571-7216,075-571-7217,http://daigogakuen.lovepop.jp/,,,,,,施設の見学を希望する場合は、事前に電話又はＦＡＸでご連絡ください。,施設の利用を希望する場合は、お住まいの区の福祉事務所で手続きが必要です。,,,,,,,,,,,,,,,,,,,,,,,,,,,,,
保健福祉局,障害保健福祉推進室,1000001482,紫野障害者授産所,むらさきのしょうがいしゃじゅさんしょ,35.04090262,135.749613,116,1,障害のある方が継続して働く場を提供するとともに、就労に必要な知識及び能力の向上のための必要な訓練を行う施設です。,603-8214,京都市北区紫野雲林院町44-1,,社会福祉法人京都総合福祉協会,075-492-8821,075-491-2138,http://www.sogofukushi.jp/　,,,,,,施設の見学を希望する場合は、事前に電話又はＦＡＸでご連絡ください。,施設の利用を希望する場合は、お住まいの区の福祉事務所で手続きが必要です。,,,,,,,,,,,,,,,,,,,,,,,,,,,,,
保健福祉局,障害保健福祉推進室,1000001483,みぶ障害者授産所,みぶしょうがいしゃじゅさんしょ,35.00388221,135.745976,116,4,障害のある方が継続して働く場を提供するとともに、就労に必要な知識及び能力の向上のための必要な訓練を行う施設です。,604-8804,京都市中京区壬生坊城町19-4 ,,社会福祉法人京都国際社会福祉協力会,075-822-0547,075-822-0547,http://www.kiswec.jp/fukinotou/,,,,,,施設の見学を希望する場合は、事前に電話又はＦＡＸでご連絡ください。,施設の利用を希望する場合は、お住まいの区の福祉事務所で手続きが必要です。,,,,,,,,,,,,,,,,,,,,,,,,,,,,,
保健福祉局,障害保健福祉推進室,1000001484,山科障害者デイサービスセンター,やましなしょうがいしゃでいさーびすせんたー,34.98651502,135.8162928,116,6,障害のある方が継続して働く場を提供するとともに、就労に必要な知識及び能力の向上のための必要な訓練を行う施設です。,607-8086,京都市山科区竹鼻四丁野町34-1,,社会福祉法人京都身体障害者福祉センター,075-591-8771,075-591-8772,https://www.normanet.ne.jp/~buranko/,,,,,,施設の見学を希望する場合は、事前に電話又はＦＡＸでご連絡ください。,施設の利用を希望する場合は、お住まいの区の福祉事務所で手続きが必要です。,,,,,,,,,,,,,,,,,,,,,,,,,,,,,
保健福祉局,障害保健福祉推進室,1000001485,洛南障害者授産所,らくなんしょうがいしゃじゅさんしょ,34.97697073,135.735805,116,8,障害のある方が継続して働く場を提供するとともに、就労に必要な知識及び能力の向上のための必要な訓練を行う施設です。,601-8321,京都市南区吉祥院西定成町35,,社会福祉法人京都身体障害者福祉センター,075-671-8439,075-661-0894,http://web.kyoto-inet.or.jp/people/k-fukusi,,,,,,施設の見学を希望する場合は、事前に電話又はＦＡＸでご連絡ください。,施設の利用を希望する場合は、お住まいの区の福祉事務所で手続きが必要です。,,,,,,,,,,,,,,,,,,,,,,,,,,,,,
保健福祉局,障害保健福祉推進室,1000001486,伏見障害者デイサービスセンター,ふしみしょうがいしゃでいさーびすせんたー,34.94026219,135.7605457,116,11,障害のある方が継続して働く場を提供するとともに、就労に必要な知識及び能力の向上のための必要な訓練を行う施設です。,612-8318,京都市伏見区紙子屋町544,,社会福祉法人京都障害者福祉センター,075-603-1291,075-603-1292,https://www.normanet.ne.jp/~fusimids/,,,,,,施設の見学を希望する場合は、事前に電話又はＦＡＸでご連絡ください。,施設の利用を希望する場合は、お住まいの区の福祉事務所で手続きが必要です。,,,,,,,,,,,,,,,,,,,,,,,,,,,,,
保健福祉局,障害保健福祉推進室,1000001488,飛鳥井学園,あすかいがくえん,35.0321751,135.7798067,116,3,障害のある方が継続して働く場を提供するとともに、就労に必要な知識及び能力の向上のための必要な訓練を行う施設です。,606-8226,京都市左京区田中飛鳥井町40　 ,,社会福祉法人修光学園,075-722-5991,075-722-5951,http://shuko-gakuen,,,,,,施設の見学を希望する場合は、事前に電話又はＦＡＸでご連絡ください。,施設の利用を希望する場合は、お住まいの区の福祉事務所で手続きが必要です。,,,,,,,,,,,,,,,,,,,,,,,,,,,,,
保健福祉局,障害保健福祉推進室,1000001489,よしだ福祉工場,よしだふくしこうじょう,35.02072293,135.7806489,116,3,障害のある方が継続して働く場を提供するとともに、就労に必要な知識及び能力の向上のための必要な訓練を行う施設です。,606-8315,京都市左京区吉田近衛町26-72,,社会福祉法人京都育成の会,075-761-2250,075-761-4940,http://www.kyoto-ikuseinokai.com/facility/yoshida-factory/,,,,,,施設の見学を希望する場合は、事前に電話又はＦＡＸでご連絡ください。,施設の利用を希望する場合は、お住まいの区の福祉事務所で手続きが必要です。,,,,,,,,,,,,,,,,,,,,,,,,,,,,,
保健福祉局,障害保健福祉推進室,1000001495,やましな学園,やましながくえん,34.98651502,135.8162928,116,6,障害のある方が継続して働く場を提供するとともに、就労に必要な知識及び能力の向上のための必要な訓練を行う施設です。,607-8086,京都市山科区竹鼻四丁野町34-1 ,,社会福祉法人京都身体障害者福祉センター,075-591-8841,075-591-8842,https://www.normanet.ne.jp/~y-gakuen/,,,,,,施設の見学を希望する場合は、事前に電話又はＦＡＸでご連絡ください。,施設の利用を希望する場合は、お住まいの区の福祉事務所で手続きが必要です。,,,,,,,,,,,,,,,,,,,,,,,,,,,,,
保健福祉局,障害保健福祉推進室,1000001496,西寺育成苑,さいじいくせいえん,34.98097055,135.7356226,116,8,障害のある方が継続して働く場を提供するとともに、就労に必要な知識及び能力の向上のための必要な訓練を行う施設です。,601-8469,京都市南区唐橋平垣町64-3,,社会福祉法人京都育成の会,075-693-3300,075-693-3400,http://www.kyoto-ikuseinokai.com/facility/saiji-ikuseien/,,,,,,施設の見学を希望する場合は、事前に電話又はＦＡＸでご連絡ください。,施設の利用を希望する場合は、お住まいの区の福祉事務所で手続きが必要です。,,,,,,,,,,,,,,,,,,,,,,,,,,,,,
保健福祉局,障害保健福祉推進室,1000001497,太秦障害者デイサービスセンター,うずまさしょうがいしゃでいさーびすせんたー,35.0100842,135.7127514,116,9,障害のある方が継続して働く場を提供するとともに、就労に必要な知識及び能力の向上のための必要な訓練を行う施設です。,616-8105,京都市右京区太秦森ケ前町21-10,,社会福祉法人京都市右京区社会福祉協議会,075-873-5353,075-864-4753,http://uzumasagakuen.jp/dayservice.html,,,,,,施設の見学を希望する場合は、事前に電話又はＦＡＸでご連絡ください。,施設の利用を希望する場合は、お住まいの区の福祉事務所で手続きが必要です。,,,,,,,,,,,,,,,,,,,,,,,,,,,,,
保健福祉局,障害保健福祉推進室,1000001498,洛西ふれあいの里更生園,らくさいふれあいのさとこうせいえん,34.9889652,135.6559235,116,10,障害のある方が継続して働く場を提供するとともに、就労に必要な知識及び能力の向上のための必要な訓練を行う施設です。,610-1101,京都市西京区大枝北沓掛町一丁目21-20,,社会福祉法人京都総合福祉協会,075-331-4150,075-331-6163,https://www.sogofukushi.jp/kousei/,,,,,,施設の見学を希望する場合は、事前に電話又はＦＡＸでご連絡ください。,施設の利用を希望する場合は、お住まいの区の福祉事務所で手続きが必要です。,,,,,,,,,,,,,,,,,,,,,,,,,,,,,
保健福祉局,障害保健福祉推進室,1000001499,ふしみ学園,ふしみがくえん,34.94093061,135.7588935,116,11,障害のある方が継続して働く場を提供するとともに、就労に必要な知識及び能力の向上のための必要な訓練を行う施設です。,612-8318,京都市伏見区紙子屋町544,,社会福祉法人京都障害者福祉センター,075-603-1288,075-603-1289,http://web.kyoto-inet.or.jp/people/f-gakuen,,,,,,施設の見学を希望する場合は、事前に電話又はＦＡＸでご連絡ください。,施設の利用を希望する場合は、お住まいの区の福祉事務所で手続きが必要です。,,,,,,,,,,,,,,,,,,,,,,,,,,,,,
保健福祉局,障害保健福祉推進室,1000001500,京都市地域生活支援センターなごやかサロン,きょうとしちいきせいかつしえんせんたーなごやかさろん,34.99830376,135.7349306,116,4,障害のある方やご家族、地域住民の方が気軽に自由に過ごすことができる場所です。,604-8845,京都市中京区壬生仙念町３０番地,,社会福祉法人京都光彩の会,075-813-0504,075-813-0520,https://kyoto-kosainokai.jp/nagoyakasalon/,,,,,,事前に電話又はＦＡＸでご連絡ください。,,,,,,,,,,,,,,,,,,,,,,,,,,,,,,
保健福祉局,障害保健福祉推進室,1000001517,みぶ学園,みぶがくえん,35.00388221,135.745976,116,4,障害のある方が継続して働く場を提供するとともに、就労に必要な知識及び能力の向上のための必要な訓練を行う施設です。,604-8804,京都市中京区壬生坊城町１９−４,,社会福祉法人京都国際社会福祉協力会,075-802-2085,075-802-2093,http://www.kiswec.jp/mibu_g/,,,,,,施設の見学を希望する場合は、事前に電話又はＦＡＸでご連絡ください。,施設の利用を希望する場合は、お住まいの区の福祉事務所で手続きが必要です。,,,,,,,,,,,,,,,,,,,,,,,,,,,,,
子ども若者はぐくみ局,育成推進課,1000001528,ほっこりはあと出町,ほっこりはあとでまち,35.02931619,135.7682503,115,2,子育て中の親子（主に乳幼児）が気軽に集い、交流する場です。子育てアドバイザーによる子育て相談も行っています。,602-0824,京都市上京区今出川通寺町東入一真町86 桂ビル3階,,京都市ひとり親家庭福祉連合会,075-708-7736,075-708-7076,https://www.hh-demachi.com/,,10:00〜16:00,日曜、火曜、祝日及び年末年始,無料（ただし、材料代等の実費をご負担いただく場合があります。）,,,公共交通機関をご利用ください。,"子育て支援活動いきいきセンター（つどいの広場）",,,,,,,,,,,,,,,,,,,,,,,,,,,,
子ども若者はぐくみ局,育成推進課,1000001529,どんぐり広場,どんぐりひろば,35.01274896,135.7756573,115,3,子育て中の親子（主に乳幼児）が気軽に集い、交流する場です。子育てアドバイザーによる子育て相談も行っています。,606-8354,京都市左京区新間之町二条下ル頭町３５１,,どんぐり広場子育て支援事業運営委員会,075-752-7676,075-741-7690,http://donguri123.jugem.jp/,,10:00〜16:00,日曜、水曜、祝日及び年末年始,無料（ただし、材料代等の実費をご負担いただく場合があります。）,地下鉄東西線三条京阪駅・京阪電車三条駅から徒歩７分、市バス新間之町二条から徒歩２分,,公共交通機関をご利用ください。,"子育て支援活動いきいきセンター（つどいの広場）",,,,,,,,,,,,,,,,,,,,,,,,,,,,
子ども若者はぐくみ局,育成推進課,1000001530,いっぽ,いっぽ,34.98306048,135.6999868,115,10,子育て中の親子（主に乳幼児）が気軽に集い、交流する場です。子育てアドバイザーによる子育て相談も行っています。,615-8075,京都市西京区桂巽町７５−５桂小学校内ふれあいサロン３階,,特定非営利法人　京都子育てネットワーク,075-381-1890,075-381-1890,http://tudoiippo.exblog.jp/,,10:00〜16:00,日曜、水曜、祝日及び年末年始,無料（ただし、材料代等の実費をご負担いただく場合があります。）,阪急電鉄桂駅から徒歩５分、市バス桂駅西口から徒歩５分,,公共交通機関をご利用ください。,"子育て支援活動いきいきセンター（つどいの広場）",,,,,,,,,,,,,,,,,,,,,,,,,,,,
子ども若者はぐくみ局,育成推進課,1000001531,まーぶりんぐ,まーぶりんぐ,34.96713958,135.6718558,115,10,子育て中の親子（主に乳幼児）が気軽に集い、交流する場です。子育てアドバイザーによる子育て相談も行っています。,610-1142,京都市西京区大枝東新林町3-5　ＵＲ洛西新林団地中央集会所内,,特定非営利法人　京都子育てネットワーク,075-333-8285,075-333-8285,http://maburing.exblog.jp/,,10:00〜16:00,日曜、木曜、祝日及び年末年始,無料（ただし、材料代等の実費をご負担いただく場合があります。）,市バス新林公団住宅前から徒歩３分,,公共交通機関をご利用ください。,"子育て支援活動いきいきセンター（つどいの広場）",,,,,,,,,,,,,,,,,,,,,,,,,,,,
子ども若者はぐくみ局,育成推進課,1000001534,葵児童館,あおいじどうかん,35.05171081,135.7708454,114,3,詳細はホームページを御覧ください。,606-0846,京都市左京区下鴨北野々神町26番地　北山ふれあいセンター内,,（一社）京都市ひとり親家庭福祉連合会,075-708-7760,075-708-7833,http://www.city.kyoto.lg.jp/hagukumi/page/0000032935.html,遊戯室、育成室、図書室等,10:00〜18:30※学童クラブ事業月〜金：放課後〜18:30土：8:00〜18:30,日曜日、祝日、年末年始（12/29〜1/3）,詳細はホームページを御覧ください。,,直接施設へお越しください。（活動内容によっては事前の申込みが必要な場合もあります。）,,,,,,,,,,,,,,,,,,,,,,,,,,,,,,
子ども若者はぐくみ局,育成推進課,1000001535,北白川児童館,きたしらかわじどうかん,35.03124388,135.7929844,114,3,詳細はホームページを御覧ください。,606-8275,京都市左京区北白川上別当町３９番地の５,,社会福祉法人　健光園,075-708-8170,075-708-8208,http://www.city.kyoto.lg.jp/hagukumi/page/0000032935.html,遊戯室、育成室、図書室等,10:00〜18:30※学童クラブ事業月〜金：放課後〜18:30土：8:00〜18:30,日曜日、祝日、年末年始（12/29〜1/3）,詳細はホームページを御覧ください。,,直接施設へお越しください。（活動内容によっては事前の申込みが必要な場合もあります。）,,,,,,,,,,,,,,,,,,,,,,,,,,,,,,
子ども若者はぐくみ局,育成推進課,1000001536,七条第三児童館,しちじょうだいさんじどうかん,34.99276008,135.7340589,114,7,詳細はホームページを御覧ください。,600-8896,京都市下京区西七条西石ヶ坪町５番地,,公益社団法人　　　　　　　　　　　　　　　　　　　　　　　　　　　　　　　　　　　　　　　　　　　　　　　　　　　　　　　　　　　　　　　　　　　　　　　　　　　　　　　　　　　　　　　　　　　　　　　　　　　　　　　　　　　　　　　　　　　　　　　　　　　　　京都市児童館学童連盟,075-874-6102,075-874-6102,http://www.city.kyoto.lg.jp/hagukumi/page/0000032935.html,遊戯室、育成室、図書室等,10:00〜18:30※学童クラブ事業月〜金：放課後〜18:30土：8:00〜18:30,日曜日、祝日、年末年始（12/29〜1/3）,詳細はホームページを御覧ください。,,直接施設へお越しください。（活動内容によっては事前の申込みが必要な場合もあります。）,,,,,,,,,,,,,,,,,,,,,,,,,,,,,,
子ども若者はぐくみ局,育成推進課,1000001537,うたの・ひこばえ児童館,うたの・ひこばえじどうかん,35.02881913,135.7094496,114,9,詳細はホームページを御覧ください。,616-8208,京都市右京区宇多野福王寺町４５番地２,,特定非営利活動法人　フォーラムひこばえ,075-463-0438,075-468-3077,http://www.city.kyoto.lg.jp/hagukumi/page/0000032935.html,遊戯室、育成室、図書室等,10:00〜18:30※学童クラブ事業月〜金：放課後〜18:30土：8:00〜18:30,日曜日、祝日、年末年始（12/29〜1/3）,詳細はホームページを御覧ください。,,直接施設へお越しください。（活動内容によっては事前の申込みが必要な場合もあります。）,,,,,,,,,,,,,,,,,,,,,,,,,,,,,,
子ども若者はぐくみ局,育成推進課,1000001538,桂徳児童館,けいとくじどうかん,34.9897277,135.7055551,114,10,詳細はホームページを御覧ください。,615-8302,京都市西京区桂徳大寺南町２番地,,社会福祉法人　積慶園,075-874-6125,075-874-6152,http://www.city.kyoto.lg.jp/hagukumi/page/0000032935.html,遊戯室、育成室、図書室等,10:00〜18:30※学童クラブ事業月〜金：放課後〜18:30土：8:00〜18:30,日曜日、祝日、年末年始（12/29〜1/3）,詳細はホームページを御覧ください。,,直接施設へお越しください。（活動内容によっては事前の申込みが必要な場合もあります。）,,,,,,,,,,,,,,,,,,,,,,,,,,,,,,
子ども若者はぐくみ局,育成推進課,1000001539,明徳児童館,めいとくじどうかん,35.07510534,135.7859945,114,3,詳細はホームページを御覧ください。,606-0021,京都市左京区岩倉忠在地町２１５番地の２,,社会福祉法人京都福祉サービス協会,075-708-8834,075-708-8992,http://www.city.kyoto.lg.jp/hagukumi/page/0000032935.html,遊戯室、育成室、図書室等,10:00〜18:30※学童クラブ事業月〜金：放課後〜18:30土：8:00〜18:30,日曜日、祝日、年末年始（12/29〜1/3）,詳細はホームページを御覧ください。,,直接施設へお越しください。（活動内容によっては事前の申込みが必要な場合もあります。）,,,,,,,,,,,,,,,,,,,,,,,,,,,,,,
子ども若者はぐくみ局,育成推進課,1000001540,修学院第二児童館,しゅうがくいんだいにじどうかん,35.04489053,135.7882047,114,3,詳細はホームページを御覧ください。,606-8115,京都市左京区一乗寺里ノ西町３４番地,,社会福祉法人　京都社会福祉協会,075-708-2740,075-708-2740,http://www.city.kyoto.lg.jp/hagukumi/page/0000032935.html,遊戯室、育成室、図書室等,10:00〜18:30※学童クラブ事業月〜金：放課後〜18:30土：8:00〜18:30,日曜日、祝日、年末年始（12/29〜1/3）,詳細はホームページを御覧ください。,,直接施設へお越しください。（活動内容によっては事前の申込みが必要な場合もあります。）,,,,,,,,,,,,,,,,,,,,,,,,,,,,,,
子ども若者はぐくみ局,育成推進課,1000001541,唐橋児童館,からはしじどうかん,34.97979919,135.7375646,114,8,詳細はホームページを御覧ください。,601-8466,京都市南区唐橋西寺町６５,,（福）京都市社会福祉協議会,075-644-5066,075-644-5066,http://www.city.kyoto.lg.jp/hagukumi/page/0000032935.html,遊戯室、育成室、図書室等,10:00〜18:30※学童クラブ事業月〜金：放課後〜18:30土：8:00〜18:30,日曜日、祝日、年末年始（12/29〜1/3）,詳細はホームページを御覧ください。,,直接施設へお越しください。（活動内容によっては事前の申込みが必要な場合もあります。）,,,,,,,,,,,,,,,,,,,,,,,,,,,,,,
子ども若者はぐくみ局,育成推進課,1000001542,向島南児童館,むかいじまみなみじどうかん,34.92297828,135.7652289,114,11,詳細はホームページを御覧ください。,612-8154,京都市伏見区向島津田町９１番地の５,,社会福祉法人　向島保育園,075-644-5510,075-644-5542,http://www.city.kyoto.lg.jp/hagukumi/page/0000032935.html,遊戯室、育成室、図書室等,10:00〜18:30※学童クラブ事業月〜金：放課後〜18:30土：8:00〜18:30,日曜日、祝日、年末年始（12/29〜1/3）,詳細はホームページを御覧ください。,,直接施設へお越しください。（活動内容によっては事前の申し込が必要な場合もあります。）,,,,,,,,,,,,,,,,,,,,,,,,,,,,,,
教育委員会事務局,総務部　学校事務支援室,1000001543,下京渉成小学校,しもぎょうしょうせいしょうがっこう,34.99014,135.76231,122,7,,600-8145,京都市下京区皆山町438-1,,,075-342-2522,075-371-1022,http://www.edu.city.kyoto.jp/hp/shosei-s/,,,,,,,,,,,,,,,,,,,,,,,,,,,,,,,,,,,,
教育委員会事務局,総務部　学校事務支援室,1000001544,京都堀川音楽高等学校,きょうとほりかわおんがくこうとうがっこう,35.011776,135.752757,124,4,,604-0052,京都市中京区油小路通御池押油小路町238-１ ,,,075-253-1581,075-213-3631,http://www.edu.city.kyoto.jp/hp/ongaku/,,,,,,,,,,,,,,,,,,,,,,,,,,,,,,,,,,,,
文化市民局,共生社会推進室,1000001545,ラボール学園（京都労働学校）,らぼーるがくえん（きょうとろうどうがっこう）,35.0038888,135.735274,112,4,勤労者の教養と自覚を高め、その社会的・経済的地位の向上を図るため、各種講座を行います。,604-8854,京都市中京区壬生仙念町30-2　京都労働者総合会館（ラボール京都）3階,,,075-801-5925,075-812-1508,http://www.labor.or.jp/gakuen/,,"受付時間（月〜金）9:00〜20:00（土）9:00〜17:00",日曜日、祝日、8月の土曜日、12/29〜1/4,ホームページを御覧ください。,○電車をご利用の場合　阪急電車（京都線）　西院駅から東へ徒歩5分　京福電車（嵐山本線）　西院駅から東へ徒歩3分　市営地下鉄（東西線）西大路御池駅　1番出口から南東へ徒歩約10分○市バスをご利用の場合　ＪＲ京都駅より市バス26番、28番、四条御前通下車すぐ　ＪＲ円町駅より市バス26番、91番、203番、四条御前通下車すぐ,ホームページを御覧ください。,公共交通機関をご利用ください。,,,,,,,,,,,,,,,,,,,,,,,,,,,,,
子ども若者はぐくみ局,幼保総合支援室,1000001546,にじいろカエデの木乳児園,にじいろかえでのきにゅうじえん,35.01807162,135.6939894,113,9,昼間里親制度は、京都市独自の事業で、昭和２５年に発足した制度です。保護者の方の就労や病気等（保育所と同じ条件）により、家庭で保育できない3歳未満のお子さんを、経験豊かな里親さんが個人の家庭等の落ち着いた雰囲気の中で保育します。,616-8312,京都市右京区嵯峨野清水町21-66,,,075-204-1400,075-204-1400,http://www.city.kyoto.lg.jp/hokenfukushi/page/0000003194.html,,8:30〜17:00（必要な場合は7:30〜18：00）,,保育料は、保護者の所得状況と保育時間により決められています。,,お住まいの区の保健福祉センターにお申し込みください。,離乳食、給食費、おやつ代については、現物持参か実費負担をお願いしています。,小規模保育事業所,,,,,,,,,,,,,,,,,,,,,,,,,,,,
子ども若者はぐくみ局,幼保総合支援室,1000001547,希（のぞみ）保育園,のぞみほいくえん,34.9904954,135.6947454,113,10,,615-8226,京都市西京区上桂森上町20-12,,,075-393-6867,075-393-6867,,,,,,,お住まいの区の保健福祉センターにお申し込みください。,,小規模保育事業所,,,,,,,,,,,,,,,,,,,,,,,,,,,,
子ども若者はぐくみ局,幼保総合支援室,1000001548,こが保育園,こがほいくえん,34.93451888,135.7266828,113,11,,612-8495,京都市伏見区久我森の宮町15-8,,,075-934-1890,075-874-7115,,,,,,,,,,,,,,,,,,,,,,,,,,,,,,,,,,,,,
消防局,総務課,1000001549,塩小路消防出張所,しおこうじしょうぼうしゅっちょうしょ,34.98741819,135.7649124,106,7,,600-8207,京都市下京区上之町13,,,075-351-1045,,,,,,,,,,,,,,,,,,,,,,,,,,,,,,,,,,,,,,
環境政策局,廃棄物指導課,1000001550,環境政策局循環型社会推進部廃棄物指導課,かんきょうせいさくきょくじゅんかんがたしゃかいすいしんぶはいきぶつしどうか,35.01223271,135.7692093,101,4,,604-0924,京都市中京区河原町通二条下る一之船入町384ヤサカ河原町ビル7階,,,075-366-1394,075-221-6550,http://www.city.kyoto.lg.jp/menu1/category/1-6-0-0-0-0-0-0-0-0.html,,,,,,,,,,,,,,,,,,,,,,,,,,,,,,,,,,,,
子ども若者はぐくみ局,幼保総合支援室,1000001552,蜂ヶ岡けやき保育園,はちがおかけやきほいくえん,35.00959759,135.6994571,113,9,,616-8322,京都市右京区嵯峨野芝野町31-1,,,075-864-1919,,http://www.city.kyoto.lg.jp/hokenfukushi/page/0000054110.html,,,,,,,,,,,,,,,,,,,,,,,,,,,,,,,,,,,,
子ども若者はぐくみ局,幼保総合支援室,1000001555,桂ぶどうの木こども園,かつらぶどうのきこどもえん,34.98309564,135.7074809,113,10,,615-8016,京都市西京区桂久方町114,,,075-383-5556,,http://www.city.kyoto.lg.jp/hokenfukushi/page/0000054110.html,,,,,,,,認定こども園,,,,,,,,,,,,,,,,,,,,,,,,,,,,
子ども若者はぐくみ局,幼保総合支援室,1000001556,モーツァルトしずかこども園,もーつぁるとしずかこどもえん,34.94921717,135.7595801,113,11,,612-8435,京都市伏見区深草泓ノ壺町33-3,,,075-645-1515,,http://www.city.kyoto.lg.jp/hokenfukushi/page/0000054110.html,,,,,,,,認定こども園,,,,,,,,,,,,,,,,,,,,,,,,,,,,
子ども若者はぐくみ局,幼保総合支援室,1000001557,西田保育室,にしだほいくしつ,34.94589297,135.7775509,113,11,,612-0846,京都市伏見区深草大亀谷万帖敷町170-1,,,075-642-3392,,,,,,,,お住まいの区の保健福祉センターにお申し込みください。,,小規模保育事業所,,,,,,,,,,,,,,,,,,,,,,,,,,,,
子ども若者はぐくみ局,幼保総合支援室,1000001558,七実の木保育園,ななみのきほいくえん,34.9874094,135.7379454,113,7,,600-8874,京都市下京区西七条西久保町32-11,,,075-323-2860,,,,,,,,お住まいの区の保健福祉センターにお申し込みください。,,小規模保育事業所,,,,,,,,,,,,,,,,,,,,,,,,,,,,
子ども若者はぐくみ局,幼保総合支援室,1000001559,おかもと保育園,おかもとほいくえん,34.93991699,135.7311809,113,11,,612-8495,京都市伏見区久我森の宮町2-269,,,075-932-3456,,,,,,,,お住まいの区の保健福祉センターにお申し込みください。,,小規模保育事業所,,,,,,,,,,,,,,,,,,,,,,,,,,,,
教育委員会事務局,総務部　学校事務支援室,1000001560,開睛小中学校,かいせいしょうちゅうがっこう,34.996388,135.774249,139,5,,605-0844,京都市東山区六波羅裏門通東入多門町155番地,,,075-533-8811,075-551-1522,http://www.edu.city.kyoto.jp/hp/kaisei-sc/,,,,,,,,,,,,,,,,,,,,,,,,,,,,,,,,,,,,
子ども若者はぐくみ局,育成推進課,1000001563,つどいの広場　ぴーちくぱーちく,つどいのひろば　ぴーちくぱーちく,35.12111083,135.8284968,115,3,子育て中の親子（主に乳幼児）が気軽に集い、交流する場です。子育てアドバイザーによる子育て相談も行っています。,601-1242,京都市左京区大原来迎院町22　京都大原学院内,,大原自治連合会,075-201-6387,075-201-6387,http://pichiku.exblog.jp/,,10：00〜16：00,日曜、水曜、祝日及び年末年始,無料（ただし、材料代等の実費をご負担いただく場合があります。）,京都バス「大原」から徒歩３分,,公共交通機関をご利用ください。,子育て支援活動いきいきセンター（つどいの広場）,,,,,,,,,,,,,,,,,,,,,,,,,,,,
子ども若者はぐくみ局,育成推進課,1000001564,ひだまり・ホット・みやこ,ひだまり・ほっと・みやこ,35.00755118,135.7276618,115,9,子育て中の親子（主に乳幼児）が気軽に集い、交流する場です。子育てアドバイザーによる子育て相談も行っています。,615-0005,京都市右京区西院春栄町３番地の２,,社会福祉法人　宏量福祉会,075-322-3091,075-322-3091,http://www.nogiku.gr.jp/hidamarihot/,,10：00〜16：00,日曜、水曜、祝日及び年末年始,無料（ただし、材料代等の実費をご負担いただく場合があります。）,市バス「西大路三条」から徒歩８分,,公共交通機関をご利用ください。,子育て支援活動いきいきセンター（つどいの広場）,,,,,,,,,,,,,,,,,,,,,,,,,,,,
子ども若者はぐくみ局,育成推進課,1000001565,のこちゃん広場,のこちゃんひろば,34.95592553,135.6772373,115,10,子育て中の親子（主に乳幼児）が気軽に集い、交流する場です。子育てアドバイザーによる子育て相談も行っています。,610-1144,京都市西京区大原野東竹の里町四丁目２番地　洛西東竹の里市営住宅５８棟１０２号室,,公益社団法人　児童館学童連盟,075-331-0132,075-331-0132,,,10：00〜16：00,日曜、木曜、祝日及び年末年始,無料（ただし、材料代等の実費をご負担いただく場合があります。）,市バス「東竹の里町」から徒歩５分,,公共交通機関をご利用ください。,子育て支援活動いきいきセンター（つどいの広場）,,,,,,,,,,,,,,,,,,,,,,,,,,,,
子ども若者はぐくみ局,育成推進課,1000001566,安朱つどいの広場　おじぞうさん,あんしゅつどいのひろば　おじぞうさん,34.99014851,135.8186638,115,6,子育て中の親子（主に乳幼児）が気軽に集い、交流する場です。子育てアドバイザーによる子育て相談も行っています。,607-8080,京都市山科区竹鼻竹ノ街道町7-14,,社会福祉法人　光寿福祉会,075-581-1312,075-581-1412,http://www.anshu.or.jp/hiroba/,,10：00〜16：00,日曜、火曜、祝日及び年末年始,無料（ただし、材料代等の実費をご負担いただく場合があります。）,地下鉄「山科」から徒歩３分,,公共交通機関をご利用ください。,子育て支援活動いきいきセンター（つどいの広場）,,,,,,,,,,,,,,,,,,,,,,,,,,,,
子ども若者はぐくみ局,育成推進課,1000001567,上総つどいの広場　すずらんど,かみふさつどいのひろば　すずらんど,35.04268908,135.7610111,115,1,子育て中の親子（主に乳幼児）が気軽に集い、交流する場です。子育てアドバイザーによる子育て相談も行っています。,603-8144,京都市北区小山東花池町8-8,,社会福祉法人　上総福祉会,075-451-1663,075-451-2424,http://www.kamifusa7.or.jp/suzuland/,,10：00〜16：00,日曜、火曜、祝日及び年末年始,無料（ただし、材料代等の実費をご負担いただく場合があります。）,地下鉄「北大路」から徒歩５分,,公共交通機関をご利用ください。,子育て支援活動いきいきセンター（つどいの広場）,,,,,,,,,,,,,,,,,,,,,,,,,,,,
子ども若者はぐくみ局,育成推進課,1000001568,墨染つどいの広場　ほっこり,すみぞめつどいのひろば　ほっこり,34.94725828,135.7706,115,11,子育て中の親子（主に乳幼児）が気軽に集い、交流する場です。子育てアドバイザーによる子育て相談も行っています。,612-0049,京都市伏見区深草石橋町18−1,,社会福祉法人　京都老人福祉協会,075-641-2571,075-641-2571075-645-2740,http://kyoro.or.jp/jigyocafe/,,10：00〜16：00,日曜、月曜、祝日及び年末年始,無料（ただし、材料代等の実費をご負担いただく場合があります。）,京阪「墨染」から徒歩３分,,公共交通機関をご利用ください。,子育て支援活動いきいきセンター（つどいの広場）,,,,,,,,,,,,,,,,,,,,,,,,,,,,
子ども若者はぐくみ局,育成推進課,1000001569,岩倉南児童館,いわくらみなみじどうかん,35.0672201,135.7831621,114,3,詳細はホームページを御覧ください。,606-0010,京都市左京区岩倉北四ノ坪町35番地,,一般社団法人　京都市ひとり親家庭福祉連合会,075-706-6100,075-706-6116,http://www.city.kyoto.lg.jp/hagukumi/page/0000032935.html,遊戯室、育成室、図書室等,10:00〜18:30※学童クラブ事業月〜金：放課後〜18:30土：8:00〜18:30,日曜日、祝日、年末年始（12/29〜1/3）,詳細はホームページを御覧ください。,,直接施設へお越しください。（活動内容によっては事前の申込みが必要な場合もあります。）,,,,,,,,,,,,,,,,,,,,,,,,,,,,,,
子ども若者はぐくみ局,育成推進課,1000001570,朱雀第三児童館,すざくだいさんじどうかん,34.99896071,135.7416844,114,4,詳細はホームページを御覧ください。,604-8823,京都市中京区壬生松原町１９−２,,（福）京都保育センター,075-326-6909,075-326-6910,http://www.city.kyoto.lg.jp/hagukumi/page/0000032935.html,遊戯室、育成室、図書室等,10:00〜18:30※学童クラブ事業月〜金：放課後〜18:30土：8:00〜18:30,日曜日、祝日、年末年始（12/29〜1/3）,詳細はホームページを御覧ください。,,直接施設へお越しください。（活動内容によっては事前の申込みが必要な場合もあります。）,,,,,,,,,,,,,,,,,,,,,,,,,,,,,,
子ども若者はぐくみ局,育成推進課,1000001571,西野児童館,にしのじ゛とうかん,34.98317476,135.8032465,114,6,詳細はホームページを御覧ください。,607-8357,京都市山科区西野櫃川町２７−３,,（福）京都社会福祉協会,075-644-9585,075-644-9597,http://www.city.kyoto.lg.jp/hagukumi/page/0000032935.html,遊戯室、育成室、図書室等,10:00〜18:30※学童クラブ事業月〜金：放課後〜18:30土：8:00〜18:30,日曜日、祝日、年末年始（12/29〜1/3）,詳細はホームページを御覧ください。,,直接施設へお越しください。（活動内容によっては事前の申込みが必要な場合もあります。）,,,,,,,,,,,,,,,,,,,,,,,,,,,,,,
子ども若者はぐくみ局,育成推進課,1000001572,祥豊児童館,しょうほうじどうかん,34.97735534,135.7279515,114,8,詳細はホームページを御覧ください。,601-8319,京都市南区吉祥院三ノ宮町１０６番地,,（福）清和園,075-693-9208,075-693-9209,http://www.city.kyoto.lg.jp/hagukumi/page/0000032935.html,遊戯室、育成室、図書室等,10:00〜18:30※学童クラブ事業月〜金：放課後〜18:30土：8:00〜18:30,日曜日、祝日、年末年始（12/29〜1/3）,詳細はホームページを御覧ください。,,直接施設へお越しください。（活動内容によっては事前の申込みが必要な場合もあります。）,,,,,,,,,,,,,,,,,,,,,,,,,,,,,,
子ども若者はぐくみ局,育成推進課,1000001573,梅津北児童館,うめづきたじどうかん,35.00606164,135.7003784,114,9,詳細はホームページを御覧ください。,615-0931,京都市右京区梅津開キ町１８番地,,（公社）京都市児童館学童連盟,075-865-2225,075-865-2218,http://www.city.kyoto.lg.jp/hagukumi/page/0000032935.html,遊戯室、育成室、図書室等,10:00〜18:30※学童クラブ事業月〜金：放課後〜18:30土：8:00〜18:30,日曜日、祝日、年末年始（12/29〜1/3）,詳細はホームページを御覧ください。,,直接施設へお越しください。（活動内容によっては事前の申込みが必要な場合もあります。）,,,,,,,,,,,,,,,,,,,,,,,,,,,,,,
子ども若者はぐくみ局,育成推進課,1000001574,西京極西児童館,にしきょうごくにしじどうかん,34.98570634,135.7164288,114,9,詳細はホームページを御覧ください。,615-0841,京都市右京区西京極火打畑町６番地１,,（公社）京都市児童館学童連盟,075-326-6401,075-326-6402,http://www.city.kyoto.lg.jp/hagukumi/page/0000032935.html,遊戯室、育成室、図書室等,10:00〜18:30※学童クラブ事業月〜金：放課後〜18:30土：8:00〜18:30,日曜日、祝日、年末年始（12/29〜1/3）,詳細はホームページを御覧ください。,,直接施設へお越しください。（活動内容によっては事前の申込みが必要な場合もあります。）,,,,,,,,,,,,,,,,,,,,,,,,,,,,,,
子ども若者はぐくみ局,育成推進課,1000001575,川岡東児童館,かわおかひがしじどうかん,34.97571141,135.715034,114,10,詳細はホームページを御覧ください。,615-8033,京都市西京区下津林東大般若町４４番地,,（福）積慶園,075-382-1181,075-382-1182,http://www.city.kyoto.lg.jp/hagukumi/page/0000032935.html,遊戯室、育成室、図書室等,10:00〜18:30※学童クラブ事業月〜金：放課後〜18:30土：8:00〜18:30,日曜日、祝日、年末年始（12/29〜1/3）,詳細はホームページを御覧ください。,,直接施設へお越しください。（活動内容によっては事前の申込みが必要な場合もあります。）,,,,,,,,,,,,,,,,,,,,,,,,,,,,,,
子ども若者はぐくみ局,育成推進課,1000001576,桃山東児童館,ももやまひがしじどうかん,34.93530608,135.7868528,114,11,詳細はホームページを御覧ください。,612-8011,京都市伏見区桃山町伊庭１６番地,,（福）曙福祉会,075-604-6757,075-604-6758,http://www.city.kyoto.lg.jp/hagukumi/page/0000032935.html,遊戯室、育成室、図書室等,10:00〜18:30※学童クラブ事業月〜金：放課後〜18:30土：8:00〜18:30,日曜日、祝日、年末年始（12/29〜1/3）,詳細はホームページを御覧ください。,,直接施設へお越しください。（活動内容によっては事前の申込みが必要な場合もあります。）,,,,,,,,,,,,,,,,,,,,,,,,,,,,,,
子ども若者はぐくみ局,育成推進課,1000001577,錦林児童館,きんりんじどうかん,35.01761252,135.7832104,114,3,詳細はホームページを御覧ください。,606-8322,京都市左京区岡崎入江町８番地,,（福）京都福祉サービス協会,075-762-0231,075-762-0232,http://www.city.kyoto.lg.jp/hagukumi/page/0000032935.html,遊戯室、育成室、図書室等,10:00〜18:30※学童クラブ事業月〜金：放課後〜18:30土：8:00〜18:30,日曜日、祝日、年末年始（12/29〜1/3）,詳細はホームページを御覧ください。,,直接施設へお越しください。（活動内容によっては事前の申込みが必要な場合もあります。）,,,,,,,,,,,,,,,,,,,,,,,,,,,,,,
教育委員会事務局,総務部　学校事務支援室,1000001578,凌風小中学校,りょうふうしょうちゅうがっこう,34.978525,135.7574631,139,8,,601-8047,京都市南区東九条下殿田町56,,,075-693-8222,075-691-9029,http://www.edu.city.kyoto.jp/hp/ryofu-sc/,,,,,,,,,,,,,,,,,,,,,,,,,,,,,,,,,,,,
子ども若者はぐくみ局,児童福祉センター,1000001581,第二児童福祉センター,だいにじどうふくしせんたー,34.94802777,135.7569408,115,11,子どもに関する相談を受け、専門的な立場から解決を図る児童福祉の総合機関です。（所管区域：南区・伏見区）,612-8434,京都市伏見区深草加賀屋敷町24-26,,京都市,075-612-2727,075-612-2888,http://www.city.kyoto.lg.jp/hagukumi/page/0000123002.html,第二児童相談所、発達相談部門、診療所,平日　8:30〜17:00,土曜、日曜、祝日及び年末年始,相談については無料。診療所の利用については費用負担が発生する場合があります。,"近鉄「伏見」下車　徒歩10分、近鉄・市営地下鉄「竹田」下車　徒歩15分、市バス81号系統「西墨染通」または「棒鼻」下車　徒歩5分",来所または電話,,,,,,,,,,,,,,,,,,,,,,,,,,,,,,
子ども若者はぐくみ局,育成推進課,1000001582,おひさまルーム,おひさまるーむ,35.02553,135.74578,115,2,子育て中の親子（主に乳幼児）が気軽に集い、交流する場です。子育てアドバイザーによる子育て相談も行っています。,602-8276,京都市上京区裏門通一条下る今新在家町205-7,,おひさまルーム子育て支援運営委員会,075-366-0909,075-464-7439,https://www.ohisama.server-shared.com,,10:00〜16:00,日曜、月曜、祝日及び年末年始,無料（ただし、材料代等の実費をご負担いただく場合があります。）,市バス「千本出水」北行きバス停前,,公共交通機関をご利用ください。,子育て支援活動いきいきセンター（つどいの広場）,,,,,,,,,,,,,,,,,,,,,,,,,,,,
子ども若者はぐくみ局,育成推進課,1000001583,フレンドリーハウス西八条,ふれんどりーはうすにしはちじょう,34.98441,135.73152,115,7,子育て中の親子（主に乳幼児）が気軽に集い、交流する場です。子育てアドバイザーによる子育て相談も行っています。,600-8864,京都市下京区七条御所ノ内本町56,,社会福祉法人　浄正寺福祉会,090-8193-0375,075-314-6513,http://www.hachijo.ed.jp/fre8/index.html,,10:00〜16:00,日曜、月曜、祝日及び年末年始,無料（ただし、材料代等の実費をご負担いただく場合があります。）,JR「西大路」駅より徒歩6分,,公共交通機関をご利用ください。,子育て支援活動いきいきセンター（つどいの広場）,,,,,,,,,,,,,,,,,,,,,,,,,,,,
文化市民局,文化財保護課,1000001584,岩倉具視幽棲旧宅,いわくらともみゆうせいきゅうたく,35.07835844,135.7830709,131,3,幕末〜明治期の代表的な政治家である岩倉具視（文政8-明治16、1825-1883）が、佐幕派と見なされ攘夷運動の高まりの中で一時失脚して岩倉村に隠棲、当旧宅は文久４年（1864）から慶応３年（1867）までの３年間住居としたもので、昭和７年(1932)に国の史跡に指定された。また、対岳文庫は展示・収蔵施設として昭和３年(1928)に建てられ、平成１９年(2007)に国の登録有形文化財となっている。,606-0017,京都市左京区岩倉上蔵町100,,(指定管理者)植彌加藤造園株式会社,075-781-7984（旧宅）,075-781-7984（旧宅）,http://iwakura-tomomi.jp/,駐車場（詳しく岩倉具視幽棲旧宅へお問合せください。）,9:00〜17:00（入場は16:30まで）,12/29〜1/3、水曜日（祝日の場合は開館、翌平日休館）,一般　400円、中学・高校生及び高等専門学校生　200円、小学生　100円,"・京都バス21・23・24系統で「岩倉実相院」下車南へ徒歩3分・叡山電車岩倉駅から北へ徒歩20分",受付で入場券を御購入ください。,公共交通機関をご利用ください。,,,,,,,,,,,,,,,,,,,,,,,,,,,,,
子ども若者はぐくみ局,幼保総合支援室,1000001586,みつばち菜の花保育園,みつばちなのはなほいくえん,34.99895192,135.7134461,113,9,,615-0885,京都市右京区西京極午塚町90,,社会福祉法人みつばち福祉会,075-323-3878,075-323-3879,,,,,,,,,,,,,,,,,,,,,,,,,,,,,,,,,,,,,
子ども若者はぐくみ局,幼保総合支援室,1000001590,池坊保育園,いけのぼうほいくえん,35.00334943,135.7580365,113,7,,600-8491,京都市下京区室町通四条下る鶏鉾町485,,社会福祉法人むろまち会,075-351-8733,075-351-8744,,,,,,,,,,,,,,,,,,,,,,,,,,,,,,,,,,,,,
子ども若者はぐくみ局,幼保総合支援室,1000001593,第二深草保育園,だいにふかくさほいくえん,34.96077387,135.7762447,113,11,,612-0871,京都市伏見区深草坊町11-4,,社会福祉法人深草福祉会,075-641-3233,075-641-3234,,,,,,,,,,,,,,,,,,,,,,,,,,,,,,,,,,,,,
子ども若者はぐくみ局,幼保総合支援室,1000001594,松ヶ崎保育ルーム,まつがさきほいくるーむ,35.05183377,135.7787848,113,3,,606-0954,京都市左京区松ケ崎壱町田町4-1　きんこん館1階,,社団法人京都市保育園連盟,075-702-9669,075-702-9669,,,,,,,,,小規模保育事業所,,,,,,,,,,,,,,,,,,,,,,,,,,,,
子ども若者はぐくみ局,幼保総合支援室,1000001595,BeBeせんしょうじ,べべせんしょうじ,34.9915285,135.7162256,113,9,,615-0851,京都市右京区西京極西池田町44,,社団法人京都市保育園連盟,075-322-4269,075-322-4269,,,,,,,,,小規模保育事業所,,,,,,,,,,,,,,,,,,,,,,,,,,,,
子ども若者はぐくみ局,幼保総合支援室,1000001596,永興北白川保育室,えいこうきたしらかわほいくしつ,35.02899703,135.7868555,113,3,,606-8267,京都市左京区北白川西町80-4　エステートビル１階,,社会福祉法人永興福祉会,075-748-1151,075-748-1151,,,,,,,,,小規模保育事業所,,,,,,,,,,,,,,,,,,,,,,,,,,,,
子ども若者はぐくみ局,幼保総合支援室,1000001598,かわしま保育室　たんぽぽ,かわしまほいくしつたんぽぽ,35.0330149,135.7514329,113,2,,602-8413,京都市上京区大北小路東町490 GRANDVALUE西陣101,,,075-555-7434,075-555-7434,,,,,,,,,小規模保育事業所,,,,,,,,,,,,,,,,,,,,,,,,,,,,
子ども若者はぐくみ局,幼保総合支援室,1000001599,京ベビーハウス大原　小野山わらんべ,みやこべびーはうすおおはらおのやまわらんべ,35.12059746,135.8282715,113,3,,601-1243,京都市左京区大原来迎院町22　京都大原学院内,,,075-203-8058,075-203-8058,,,,,,,,,小規模保育事業所,,,,,,,,,,,,,,,,,,,,,,,,,,,,
子ども若者はぐくみ局,幼保総合支援室,1000001600,なないろ保育園,なないろほいくえん,35.04936132,135.7939231,113,3,,606-8085,京都市左京区修学院中林町72,,,075-721-1708,075-721-1708,,,,,,,,,小規模保育事業所,,,,,,,,,,,,,,,,,,,,,,,,,,,,
子ども若者はぐくみ局,幼保総合支援室,1000001601,手をつなごう　あおき保育室,てをつなごうあおきほいくしつ,35.0124196,135.7727067,113,3,,606-8385,京都市左京区川端通二条下る孫橋町13　こまかも川,,,075-708-2599,075-708-2599,,,,,,,,,小規模保育事業所,,,,,,,,,,,,,,,,,,,,,,,,,,,,
子ども若者はぐくみ局,幼保総合支援室,1000001602,ハピネスかわい,はぴねすかわい,35.00380971,135.7343808,113,4,,604-8854,京都市中京区壬生仙念町26-37-101,,,075-812-7668,075-812-7668,,,,,,,,,小規模保育事業所,,,,,,,,,,,,,,,,,,,,,,,,,,,,
子ども若者はぐくみ局,幼保総合支援室,1000001603,花園かとう保育園,はなぞのかとうほいくえん,35.01728521,135.7175741,113,9,,616-8043,京都市右京区花園寺ノ内町1,,,075-888-5870,075-888-5870,,,,,,,,,小規模保育事業所,,,,,,,,,,,,,,,,,,,,,,,,,,,,
子ども若者はぐくみ局,幼保総合支援室,1000001604,ぽこあぽこ保育室,ぽこあぽこほいくしつ,34.9925218,135.7189828,113,9,,615-0851,京都市右京区西京極西池田町11　イワシゲビル1・2階,,,075-323-1822,075-323-1822,,,,,,,,,小規模保育事業所,,,,,,,,,,,,,,,,,,,,,,,,,,,,
子ども若者はぐくみ局,幼保総合支援室,1000001605,とだ保育園,とだほいくえん,34.96825617,135.7037848,113,10,,615-8104,京都市西京区川島五反長町65-3　桂第2合同宿舎5棟101,,,075-391-7626,075-391-7626,,,,,,,,,小規模保育事業所,,,,,,,,,,,,,,,,,,,,,,,,,,,,
子ども若者はぐくみ局,幼保総合支援室,1000001606,認定こども園京都きらら幼稚園,にんていこどもえんきょうときららようちえん,35.0690108,135.7946428,113,3,,606-0064,京都市左京区上高野西明寺山30,,,075-791-5300,075-712-1091,,,,,,,,,認定こども園,,,,,,,,,,,,,,,,,,,,,,,,,,,,
子ども若者はぐくみ局,幼保総合支援室,1000001607,セヴァ　ノーチェ学園,せヴぁ　のーちぇがくえん,35.0786735,135.7816162,113,3,,606-0017,京都市左京区岩倉上蔵町116,,,075-722-2639,075-721-7675,,,,,,,,,,,,,,,,,,,,,,,,,,,,,,,,,,,,,
子ども若者はぐくみ局,幼保総合支援室,1000001608,こぐま保育園,こぐまほいくえん,35.01523349,135.7535076,113,4,,604-0072,京都市中京区油小路通竹屋町下る橋本町493,,,075-253-5515,075-251-2903,,,,,,,,,,,,,,,,,,,,,,,,,,,,,,,,,,,,,
子ども若者はぐくみ局,幼保総合支援室,1000001609,西大路保育園,にしおおじほいくえん,34.9836631,135.7314523,113,7,,600-8864,京都市下京区七条御所ノ内南町66,,,075-313-8841,075-314-6513,,,,,,,,,,,,,,,,,,,,,,,,,,,,,,,,,,,,,
子ども若者はぐくみ局,幼保総合支援室,1000001610,清明保育園,せいめいほいくえん,34.99872122,135.7230699,113,9,,615-0052,京都市右京区西院清水町28-3,,,075-325-0366,075-325-0367,,,,,,,,,,,,,,,,,,,,,,,,,,,,,,,,,,,,,
子ども若者はぐくみ局,幼保総合支援室,1000001611,かつらのみや保育園,かつらのみやほいくえん,34.98582501,135.6997883,113,10,,615-8083,京都市西京区桂艮町5,,,075-382-0375,075-382-3715,,,,,,,,,,,,,,,,,,,,,,,,,,,,,,,,,,,,,
子ども若者はぐくみ局,幼保総合支援室,1000001613,中京みぎわ保育ルーム　La petite ?toile,なかぎょうみぎわほいくるーむら・ぷてぃ・えとわーる,35.01514562,135.7593495,113,4,,604-0862,京都市中京区烏丸通夷川上ル少将井町254-1藤和シティスクエア烏丸丸太町101号,,,075-746-5015,075-746-5015,,,,,,,,,小規模保育事業所,,,,,,,,,,,,,,,,,,,,,,,,,,,,
子ども若者はぐくみ局,幼保総合支援室,1000001614,川北保育室「はっぴぃ」,かわきたほいくしつはっぴぃ,35.0524376,135.7459638,113,1,,603-8414,京都市北区紫竹大門町11,,,075-495-4189,075-495-4189,,,,,,,,,小規模保育事業所,,,,,,,,,,,,,,,,,,,,,,,,,,,,
子ども若者はぐくみ局,幼保総合支援室,1000001616,京（みやこ）ベビーハウス　下鴨ぺんぎん保育室,みやこべびーはうすしもがもぺんぎんほいくしつ,35.0415002,135.7693121,113,3,,606-0814,京都市左京区下鴨芝本町59,,,075-701-0016,075-701-0016,,,,,,,,,小規模保育事業所,,,,,,,,,,,,,,,,,,,,,,,,,,,,
子ども若者はぐくみ局,幼保総合支援室,1000001617,長谷川保育室,はせがわほいくしつ,35.0181514,135.7000935,113,9,,616-8177,京都市右京区太秦馬塚町26 メゾン太秦107,,,075-432-8149,075-432-8149,,,,,,,,,小規模保育事業所,,,,,,,,,,,,,,,,,,,,,,,,,,,,
子ども若者はぐくみ局,幼保総合支援室,1000001618,育心保育室,いくしんほいくしつ,35.00744243,135.7126562,113,9,,616-8116,京都市右京区太秦松本町14-5,,,075-204-6148,075-204-6148,,,,,,,,,小規模保育事業所,,,,,,,,,,,,,,,,,,,,,,,,,,,,
教育委員会事務局,総務部　学校事務支援室,1000001619,東山泉小中学校（西学舎）,ひがしやまいずみしょうちゅうがっこう（にしがくしゃ）,34.98363111,135.7709289,139,5,,605-0966,京都市東山区大和大路通七条下る5丁目下池田町527,,,075-532-0377,075-541-2633,http://www.edu.city.kyoto.jp/hp/higashiyamaizumi-sc/,,,,,,,,,,,,,,,,,,,,,,,,,,,,,,,,,,,,
教育委員会事務局,総務部　学校事務支援室,1000001620,東山泉小中学校（東学舎）,ひがしやまいずみしょうちゅうがっこう（ひがしがくしゃ）,34.979883,135.778385,139,5,,605-0977,京都市東山区泉涌寺山内町5,,,075-532-0355,075-561-4592,http://www.edu.city.kyoto.jp/hp/higashiyamaizumi-sc/,,,,,,,,,,,,,,,,,,,,,,,,,,,,,,,,,,,,
子ども若者はぐくみ局,育成推進課,1000001621,八瀬わらべっ子広場,やせわらべっこひろば,35.0849454,135.8175265,115,3,子育て中の親子（主に乳幼児）が気軽に集い、交流する場です。子育てアドバイザーによる子育て相談も行っています。,601-1252,京都市左京区八瀬秋元町324-1 八瀬小学校内,,社会福祉法人　妙秀福祉会,075-781-5577,075-781-5577,https://yase.myoshu.jp/,,10：00〜16：00,日曜、月曜、水曜、土曜、祝日及び年末年始,無料（ただし、材料代等の実費をご負担いただく場合があります。）,京都バス「八瀬大橋」から徒歩４分,,,子育て支援活動いきいきセンター（つどいの広場）,,,,,,,,,,,,,,,,,,,,,,,,,,,,
子ども若者はぐくみ局,育成推進課,1000001622,京北にこにこ広場,けいほくにこにこひろば,35.15546413,135.6334037,115,9,子育て中の親子（主に乳幼児）が気軽に集い、交流する場です。子育てアドバイザーによる子育て相談も行っています。,601-0292,京都市右京区京北周山町上寺田1-1京北合同庁舎３階,,福祉あんしん京北ネットワーク協議会,075-852-1125,075-852-1125,http://ameblo.jp/nikonikohiroba1125/,,10：00〜16：00,日曜、土曜、祝日及び年末年始,無料（ただし、材料代等の実費をご負担いただく場合があります。）,JRバス「京北合同庁舎前」、京北ふるさとバス「合同庁舎前」下車すぐ,,,子育て支援活動いきいきセンター（つどいの広場）,,,,,,,,,,,,,,,,,,,,,,,,,,,,
子ども若者はぐくみ局,育成推進課,1000001623,はなぶさつどいの広場　スマイル,はなぶさつどいのひろば　すまいる,34.958404,135.8130524,115,11,子育て中の親子（主に乳幼児）が気軽に集い、交流する場です。子育てアドバイザーによる子育て相談も行っています。,601-1371,京都市伏見区醍醐上ノ山18-9,,社会福祉法人　志心福祉会,075-575-3737,075-575-3737,https://www.smile-hanabusa.com/つどいの広場スマイル/,,10：00〜16：00,日曜、月曜、祝日及び年末年始,無料（ただし、材料代等の実費をご負担いただく場合があります。）,京阪バス「西醍醐上ノ山町」から徒歩２分,,公共交通機関をご利用ください。,子育て支援活動いきいきセンター（つどいの広場）,,,,,,,,,,,,,,,,,,,,,,,,,,,,
子ども若者はぐくみ局,育成推進課,1000001624,かしの木,かしのき,35.04016475,135.7465607,115,1,子育て中の親子（主に乳幼児）が気軽に集い、交流する場です。子育てアドバイザーによる子育て相談も行っています。,603-8221,京都市北区紫野上築山町1-3,,かしの木子育て支援運営委員会,075-451-3711,075-451-3711,,,10：00〜16：00,日曜、水曜、祝日及び年末年始,無料（ただし、材料代等の実費をご負担いただく場合があります。）,市バス「大徳寺」バス停より徒歩１分,,公共交通機関をご利用ください。,子育て支援活動いきいきセンター（つどいの広場）,,,,,,,,,,,,,,,,,,,,,,,,,,,,
子ども若者はぐくみ局,育成推進課,1000001625,嵯峨ひかり広場,さがひかりひろば,35.0269087,135.6775918,115,9,子育て中の親子（主に乳幼児）が気軽に集い、交流する場です。子育てアドバイザーによる子育て相談も行っています。,616-8417,京都市右京区嵯峨大覚寺門前六道町12　健光園内,,社会福祉法人　健光園,075-882-0403,075-881-0343,http://www.kenkouen.jp/,,10：00〜16：00,日曜、水曜、祝日及び年末年始,無料（ただし、材料代等の実費をご負担いただく場合があります。）,市バス・京都バス「大覚寺」バス停より徒歩１分,,公共交通機関をご利用ください。,子育て支援活動いきいきセンター（つどいの広場）,,,,,,,,,,,,,,,,,,,,,,,,,,,,
子ども若者はぐくみ局,育成推進課,1000001626,ぴいちゃん,ぴいちゃん,35.009607,135.7553655,115,4,子育て中の親子（主に乳幼児）が気軽に集い、交流する場です。子育てアドバイザーによる子育て相談も行っています。,604-8273,京都市中京区姉西洞院町542　サンフィールドビル3階,,特定非営利活動法人 FaSoLabo京都,075-252-5088,075-252-5088,http://www.allergy-k.org/,,10：00〜16：00,日曜、火曜、祝日及び年末年始,無料（ただし、材料代等の実費をご負担いただく場合があります。）,地下鉄「烏丸御池」から徒歩７分,,公共交通機関をご利用ください。,子育て支援活動いきいきセンター（つどいの広場）,,,,,,,,,,,,,,,,,,,,,,,,,,,,
子ども若者はぐくみ局,育成推進課,1000001627,金閣つどいの広場　ひまわり,きんかくつどいのひろば　ひまわり,35.04142912,135.7319199,115,1,子育て中の親子（主に乳幼児）が気軽に集い、交流する場です。子育てアドバイザーによる子育て相談も行っています。,603-8456,京都市北区衣笠西尊上院町２２　京都聖嬰会敷地内,,社会福祉法人京都司教区カリタス会,075-432-8117,075-462-8195,https://www.kyoto-seieikai.org/plaza/,,10：00〜16：00,日曜、金曜、祝日及び年末年始,無料（ただし、材料代等の実費をご負担いただく場合があります。）,市バス「金閣寺道」バス停より徒歩６分,,公共交通機関をご利用ください。,子育て支援活動いきいきセンター（つどいの広場）,,,,,,,,,,,,,,,,,,,,,,,,,,,,
子ども若者はぐくみ局,幼保総合支援室,1000001628,第二うづらこども園（うづらこども園分園）,だいにうづらこどもえん,34.95117,135.7707454,113,11,,612-0867 ,京都市伏見区深草直違橋片町532-8,,,075-641-5815,075-643-0129,,,,,,,,,認定こども園,,,,,,,,,,,,,,,,,,,,,,,,,,,,
子ども若者はぐくみ局,幼保総合支援室,1000001629,京都たからこども園,きょうとたからこどもえん,35.06898073,135.773136,113,3,,606-0015 ,京都市左京区岩倉幡枝町2278,,,075-701-5111,075-701-5112,,,,,,,,,,,,,,,,,,,,,,,,,,,,,,,,,,,,,
子ども若者はぐくみ局,幼保総合支援室,1000001630,保育所型認定こども園下鴨夢,ほいくしょがたにんていこどもえんしもがもゆめ,35.0426389,135.7771838,113,3,,606-0865 ,京都市左京区下鴨東高木町30,,,075-722-9614,075-722-9615,,,,,,,,,認定こども園,,,,,,,,,,,,,,,,,,,,,,,,,,,,
子ども若者はぐくみ局,幼保総合支援室,1000001631,保育所型照隅認定こども園,ほいくしょがたしょうぐうにんていこどもえん,35.000435,135.7125556,113,9,,615-0901 ,京都市右京区梅津南広町66−2,,,075-201-0120,075-861-3532,,,,,,,,,認定こども園,,,,,,,,,,,,,,,,,,,,,,,,,,,,
子ども若者はぐくみ局,幼保総合支援室,1000001632,うたの里保育園,うたのさとほいくえん,35.0132296,135.7205168,113,9,,616-8074 ,京都市右京区太秦安井二条裏町19−3,,,075-802-5070,075-802-5071,,,,,,,,,,,,,,,,,,,,,,,,,,,,,,,,,,,,,
子ども若者はぐくみ局,幼保総合支援室,1000001634,さくらんぼＫＩＤＳ,さくらんぼきっず,35.0513516,135.7462666,113,1,,603-8414 ,京都市北区紫竹大門町46　マンションやまもと１階西,,,075-406-0139,075-493-1643,,,,,,,,,小規模保育事業所,,,,,,,,,,,,,,,,,,,,,,,,,,,,
子ども若者はぐくみ局,幼保総合支援室,1000001635,ぽにぃ保育園,ぽにぃほいくえん,35.0675582,135.7716449,113,3,,606-0015 ,京都市左京区岩倉幡枝町585−5,,,075-721-7680,075-721-7680,,,,,,,,,小規模保育事業所,,,,,,,,,,,,,,,,,,,,,,,,,,,,
子ども若者はぐくみ局,幼保総合支援室,1000001636,さくらんぼ保育園,さくらんぼほいくえん,35.0095501,135.7554118,113,4,,604-8327 ,京都市中京区西洞院通姉小路下ル姉西洞院町ニューシャトー西洞院,,,075-251-0039,075-251-0031,,,,,,,,,小規模保育事業所,,,,,,,,,,,,,,,,,,,,,,,,,,,,
子ども若者はぐくみ局,幼保総合支援室,1000001637,かぜの詩保育園,かぜのうたほいくえん,35.01748291,135.7583919,113,4,,604-0867 ,京都市中京区丸太町通烏丸西入る常真横町187THE ＬＯＦＴ1階 ,,,075-229-6929,075-229-6930,,,,,,,,,小規模保育事業所,,,,,,,,,,,,,,,,,,,,,,,,,,,,
子ども若者はぐくみ局,幼保総合支援室,1000001638,そらの詩保育園,そらのうたほいくえん,35.01212726,135.7434855,113,4,,604-8382 ,京都市中京区西ノ京北聖町68ジョイフルスクエア二条101号,,,075-813-5158,075-813-5159,,,,,,,,,小規模保育事業所,,,,,,,,,,,,,,,,,,,,,,,,,,,,
子ども若者はぐくみ局,幼保総合支援室,1000001639,京都ランド園,きょうとらんどえん,35.0121986,135.7404277,113,4,,604-8382,京都市中京区西ノ京北聖町68,,,075-366-3804,075-366-3804,,,,,,,,,小規模保育事業所,,,,,,,,,,,,,,,,,,,,,,,,,,,,
子ども若者はぐくみ局,幼保総合支援室,1000001641,保育ルームPetite　Ange　Ooyake,ほいくるーむぷち・あんじゅ・おおやけ,34.97496525,135.8237292,113,6,,607-8178 ,京都市山科区大宅五反畑町1-9,,,075-585-3077,075-501-9315,,,,,,,,,小規模保育事業所,,,,,,,,,,,,,,,,,,,,,,,,,,,,
子ども若者はぐくみ局,幼保総合支援室,1000001643,チャイルドハウスみなみ,ちゃいるどはうすみなみ,34.9900488,135.7351575,113,7,,600-8879 ,京都市下京区西七条中野町5-2,,南　道雄,075-326-7575,075-326-7575,,,,,,,,,小規模保育事業所,,,,,,,,,,,,,,,,,,,,,,,,,,,,
子ども若者はぐくみ局,幼保総合支援室,1000001644,らくさいぐち保育園,らくさいぐちほいくえん,34.9643813,135.704524,113,10,,615-8103,京都市西京区川島六ノ坪町52-7,,,075-201-6032,075-201-3459,,,,,,,,,小規模保育事業所,,,,,,,,,,,,,,,,,,,,,,,,,,,,
子ども若者はぐくみ局,幼保総合支援室,1000001645,南の風保育園,みなみのかぜほいくえん,34.9776023,135.6939751,113,10,,615-8232,京都市西京区御陵南荒木町26-3,,,075-382-0577,075-382-0577,,,,,,,,,小規模保育事業所,,,,,,,,,,,,,,,,,,,,,,,,,,,,
子ども若者はぐくみ局,幼保総合支援室,1000001646,桂駅西口保育園,かつらえきにしぐちほいくえん,34.9782106,135.7021382,113,10,,615-8191,京都市西京区川島有栖川町94−1ヴィラ・コマ106号,,,075-393-8505,075-393-8505,,,,,,,,,小規模保育事業所,,,,,,,,,,,,,,,,,,,,,,,,,,,,
子ども若者はぐくみ局,幼保総合支援室,1000001647,京都市立病院院内保育所　青いとり保育園,きょうとしりつびょういんないほいくしょ　あおいとりほいくえん,34.99820928,135.7335198,113,4,,604-8845 ,京都市中京区壬生東高田1-2,,,075-963-6761,075-963-6761,,,,,,,,,事業所内保育事業所,,,,,,,,,,,,,,,,,,,,,,,,,,,,
子ども若者はぐくみ局,幼保総合支援室,1000001648,保育園Apple Kids,ほいくえんあっぷるきっず,34.9731417,135.8221681,113,6,,607-8178,京都市山科区大宅五反畑町8　北隣館,,,075-632-8158,075-632-8158,,,,,,,,,事業所内保育事業所,,,,,,,,,,,,,,,,,,,,,,,,,,,,
子ども若者はぐくみ局,幼保総合支援室,1000001649,ラビパラ保育園,らびぱらほいくえん,34.98577666,135.8055693,113,6,,607-8385,京都市山科区西野野色町15-89,,,075-595-2555,075-595-1231,,,,,,,,,事業所内保育事業所,,,,,,,,,,,,,,,,,,,,,,,,,,,,
子ども若者はぐくみ局,幼保総合支援室,1000001650,きらきら保育園,きらきらほいくえん,34.9955705,135.7341631,113,7,,600-8898 ,京都市下京区西七条東御前田町15-1,,,075-325-2555,075-325-2556,,,,,,,,,,,,,,,,,,,,,,,,,,,,,,,,,,,,,
都市計画局,住宅管理課,1000001651,府営住宅吉田近衛団地,ふえいじゅうたくよしだこのえだんち,35.0208977,135.7790003,134,3,,606-8315,京都市左京区吉田近衛町,,京都府指定管理者　株式会社東急コミュニティー　京都府営住宅管理センター,入居等の問い合わせは、京都府指定管理者　株式会社東急コミュニティー　京都府営住宅管理センター（075-354-1090）まで,075-354-1092,http://www.kyoto-fuei.jp/,,,,,,,,,,,,,,,,,,,,,,,,,,,,,,,,,,,,
都市計画局,住宅管理課,1000001652,府営住宅田中関田団地,ふえいじゅうたくたなかせきでんだんち,35.02832714,135.7764351,134,3,,606-8203,京都市左京区田中関田町,,京都府指定管理者　株式会社東急コミュニティー　京都府営住宅管理センター,入居等の問い合わせは、京都府指定管理者　株式会社東急コミュニティー　京都府営住宅管理センター（075-354-1090）まで,075-354-1092,http://www.kyoto-fuei.jp/,,,,,,,,,,,,,,,,,,,,,,,,,,,,,,,,,,,,
都市計画局,住宅管理課,1000001653,府営住宅西天王町団地,ふえいじゅうたくにしてんのうちょうだんち,35.01575412,135.7796752,134,3,,606-8341,京都市左京区岡崎西天王町,,京都府指定管理者　株式会社東急コミュニティー　京都府営住宅管理センター,入居等の問い合わせは、京都府指定管理者　株式会社東急コミュニティー　京都府営住宅管理センター（075-354-1090）まで,075-354-1092,http://www.kyoto-fuei.jp/,,,,,,,,,,,,,,,,,,,,,,,,,,,,,,,,,,,,
都市計画局,住宅管理課,1000001654,府営住宅岩倉長谷団地,ふえいじゅうたくいわくらながたにだんち,35.0846509,135.7891688,134,3,,606-0026,京都市左京区岩倉長谷町,,京都府指定管理者　株式会社東急コミュニティー　京都府営住宅管理センター,入居等の問い合わせは、京都府指定管理者　株式会社東急コミュニティー　京都府営住宅管理センター（075-354-1090）まで,075-354-1092,http://www.kyoto-fuei.jp/,,,,,,,,,,,,,,,,,,,,,,,,,,,,,,,,,,,,
都市計画局,住宅管理課,1000001655,府営住宅山科東野団地,ふえいじゅうたくやましなひがしのだんち,34.9778225,135.8220043,134,6,,607-8143,京都市山科区東野南井ノ上町,,京都府指定管理者　株式会社東急コミュニティー　京都府営住宅管理センター,入居等の問い合わせは、京都府指定管理者　株式会社東急コミュニティー　京都府営住宅管理センター（075-354-1090）まで,075-354-1092,http://www.kyoto-fuei.jp/,,,,,,,,,,,,,,,,,,,,,,,,,,,,,,,,,,,,
都市計画局,住宅管理課,1000001656,府営住宅山科大宅団地,ふえいじゅうたくやましなおおやけだんち,34.974452,135.8219301,134,6,,607-8181,京都市山科区大宅打明町,,京都府指定管理者　株式会社東急コミュニティー　京都府営住宅管理センター,入居等の問い合わせは、京都府指定管理者　株式会社東急コミュニティー　京都府営住宅管理センター（075-354-1090）まで,075-354-1092,http://www.kyoto-fuei.jp/,,,,,,,,,,,,,,,,,,,,,,,,,,,,,,,,,,,,
都市計画局,住宅管理課,1000001657,府営住宅西七条団地,ふえいじゅうたくにしななじょうだんち,34.9919746,135.7297629,134,7,,600-8887,京都市下京区西七条名倉町,,京都府指定管理者　株式会社東急コミュニティー　京都府営住宅管理センター,入居等の問い合わせは、京都府指定管理者　株式会社東急コミュニティー　京都府営住宅管理センター（075-354-1090）まで,075-354-1092,http://www.kyoto-fuei.jp/,,,,,,,,,,,,,,,,,,,,,,,,,,,,,,,,,,,,
都市計画局,住宅管理課,1000001658,府営住宅久世団地,ふえいじゅうたくくぜだんち,34.95565138,135.72712,134,8,,601-8203,京都市南区久世築山町,,京都府指定管理者　株式会社東急コミュニティー　京都府営住宅管理センター,入居等の問い合わせは、京都府指定管理者　株式会社東急コミュニティー　京都府営住宅管理センター（075-354-1090）まで,075-354-1092,http://www.kyoto-fuei.jp/,,,,,,,,,,,,,,,,,,,,,,,,,,,,,,,,,,,,
都市計画局,住宅管理課,1000001659,府営住宅嵯峨天竜寺団地,ふえいじゅうたくさがてんりゅうじだんち,35.0170571,135.6778597,134,9,,616-8374,京都市右京区嵯峨天龍寺北造路町,,京都府指定管理者　株式会社東急コミュニティー　京都府営住宅管理センター,入居等の問い合わせは、京都府指定管理者　株式会社東急コミュニティー　京都府営住宅管理センター（075-354-1090）まで,075-354-1092,http://www.kyoto-fuei.jp/,,,,,,,,,,,,,,,,,,,,,,,,,,,,,,,,,,,,
都市計画局,住宅管理課,1000001660,府営住宅常盤団地,ふえいじゅうたくときわだんち,35.0196456,135.7057365,134,9,,616-8224,京都市右京区常盤窪町,,京都府指定管理者　株式会社東急コミュニティー　京都府営住宅管理センター,入居等の問い合わせは、京都府指定管理者　株式会社東急コミュニティー　京都府営住宅管理センター（075-354-1090）まで,075-354-1092,http://www.kyoto-fuei.jp/,,,,,,,,,,,,,,,,,,,,,,,,,,,,,,,,,,,,
都市計画局,住宅管理課,1000001661,府営住宅周山団地,ふえいじゅうたくしゅうざんだんち,35.1600985,135.6309239,134,9,,601-0251,京都市右京区京北周山町,,京都府指定管理者　株式会社東急コミュニティー　京都府営住宅管理センター,入居等の問い合わせは、京都府指定管理者　株式会社東急コミュニティー　京都府営住宅管理センター（075-354-1090）まで,075-354-1092,http://www.kyoto-fuei.jp/,,,,,,,,,,,,,,,,,,,,,,,,,,,,,,,,,,,,
都市計画局,住宅管理課,1000001662,府営住宅墨染団地,ふえいじゅうたくすみぞめだんち,34.9470645,135.7702227,134,11,,612-0049,京都市伏見区深草中ノ島町,,京都府指定管理者　株式会社東急コミュニティー　京都府営住宅管理センター,入居等の問い合わせは、京都府指定管理者　株式会社東急コミュニティー　京都府営住宅管理センター（075-354-1090）まで,075-354-1092,http://www.kyoto-fuei.jp/,,,,,,,,,,,,,,,,,,,,,,,,,,,,,,,,,,,,
都市計画局,住宅管理課,1000001663,府営住宅深草鍵屋団地,ふえいじゅうたくふかくさかぎやだんち,34.95001,135.7680008,134,11,,612-0041,京都市伏見区深草北鍵屋町,,京都府指定管理者　株式会社東急コミュニティー　京都府営住宅管理センター,入居等の問い合わせは、京都府指定管理者　株式会社東急コミュニティー　京都府営住宅管理センター（075-354-1090）まで,075-354-1092,http://www.kyoto-fuei.jp/,,,,,,,,,,,,,,,,,,,,,,,,,,,,,,,,,,,,
都市計画局,住宅管理課,1000001664,府営住宅淀際目団地,ふえいじゅうたくよどさいめだんち,34.8904643,135.7187562,134,11,,613-0915,京都市伏見区淀際目町,,京都府指定管理者　株式会社東急コミュニティー　京都府営住宅管理センター,入居等の問い合わせは、京都府指定管理者　株式会社東急コミュニティー　京都府営住宅管理センター（075-354-1090）まで,075-354-1092,http://www.kyoto-fuei.jp/,,,,,,,,,,,,,,,,,,,,,,,,,,,,,,,,,,,,
都市計画局,住宅管理課,1000001665,府営住宅深草団地,ふえいじゅうたくふかくさだんち,34.9537447,135.7673157,134,11,,612-0031,京都市伏見区深草池ノ内町,,京都府指定管理者　株式会社東急コミュニティー　京都府営住宅管理センター,入居等の問い合わせは、京都府指定管理者　株式会社東急コミュニティー　京都府営住宅管理センター（075-354-1090）まで,075-354-1092,http://www.kyoto-fuei.jp/,,,,,,,,,,,,,,,,,,,,,,,,,,,,,,,,,,,,
都市計画局,住宅管理課,1000001666,府営住宅桃山日向団地,ふえいじゅうたくももやまひゅうがだんち,34.9400087,135.7936888,134,11,,612-8001,京都市伏見区桃山町日向,,京都府指定管理者　株式会社東急コミュニティー　京都府営住宅管理センター,入居等の問い合わせは、京都府指定管理者　株式会社東急コミュニティー　京都府営住宅管理センター（075-354-1090）まで,075-354-1092,http://www.kyoto-fuei.jp/,,,,,,,,,,,,,,,,,,,,,,,,,,,,,,,,,,,,
都市計画局,住宅管理課,1000001667,府営住宅小栗栖西団地,ふえいじゅうたくおぐりすにしだんち,34.9402228,135.7932442,134,11,,601-1463,京都市伏見区小栗栖中山田町,,京都府指定管理者　株式会社東急コミュニティー　京都府営住宅管理センター,入居等の問い合わせは、京都府指定管理者　株式会社東急コミュニティー　京都府営住宅管理センター（075-354-1090）まで,075-354-1092,http://www.kyoto-fuei.jp/,,,,,,,,,,,,,,,,,,,,,,,,,,,,,,,,,,,,
都市計画局,住宅管理課,1000001668,府営住宅北後藤団地,ふえいじゅうたくきたごとうだんち,34.9469667,135.8050834,134,11,,601-1446,京都市伏見区小栗栖北後藤町,,京都府指定管理者　株式会社東急コミュニティー　京都府営住宅管理センター,入居等の問い合わせは、京都府指定管理者　株式会社東急コミュニティー　京都府営住宅管理センター（075-354-1090）まで,075-354-1092,http://www.kyoto-fuei.jp/,,,,,,,,,,,,,,,,,,,,,,,,,,,,,,,,,,,,
都市計画局,住宅管理課,1000001669,府営住宅羽束師団地,ふえいじゅうたくはづかしだんち,34.9256526,135.7274319,134,11,,612-8486,京都市伏見区羽束師古川町,,京都府指定管理者　株式会社東急コミュニティー　京都府営住宅管理センター,入居等の問い合わせは、京都府指定管理者　株式会社東急コミュニティー　京都府営住宅管理センター（075-354-1090）まで,075-354-1092,http://www.kyoto-fuei.jp/,,,,,,,,,,,,,,,,,,,,,,,,,,,,,,,,,,,,
都市計画局,住宅管理課,1000001670,府営住宅洛西西境谷団地,ふえいじゅうたくらくさいにしさかいだにだんち,34.9618475,135.6718724,134,10,,610-1146,京都市西京区大原野西境谷町,,京都府指定管理者　株式会社東急コミュニティー　乙訓・南丹府営住宅管理センター,入居等の問い合わせは、京都府指定管理者　株式会社東急コミュニティー　乙訓・南丹府営住宅管理センター（075-382-1091）まで,075-382-1092,http://www.kyoto-fuei.jp/,,,,,,,,,,,,,,,,,,,,,,,,,,,,,,,,,,,,
都市計画局,住宅管理課,1000001671,府営住宅洛西竹の里団地,ふえいじゅうたくらくさいたけのさとだんち,34.9604068,135.6727039,134,10,,610-1144,京都市西京区大原野東竹の里町,,京都府指定管理者　株式会社東急コミュニティー　乙訓・南丹府営住宅管理センター,入居等の問い合わせは、京都府指定管理者　株式会社東急コミュニティー　乙訓・南丹府営住宅管理センター（075-382-1091）まで,075-382-1092,http://www.kyoto-fuei.jp/,,,,,,,,,,,,,,,,,,,,,,,,,,,,,,,,,,,,
都市計画局,住宅管理課,1000001672,府営住宅洛西沓掛団地,ふえいじゅうたくらくさいくつかけだんち,34.9770583,135.6618767,134,10,,610-1106,京都市西京区大枝沓掛町,,京都府指定管理者　株式会社東急コミュニティー　乙訓・南丹府営住宅管理センター,入居等の問い合わせは、京都府指定管理者　株式会社東急コミュニティー　乙訓・南丹府営住宅管理センター（075-382-1091）まで,075-382-1092,http://www.kyoto-fuei.jp/,,,,,,,,,,,,,,,,,,,,,,,,,,,,,,,,,,,,
保健福祉局,医療衛生企画課,1000001673,動物愛護センター,どうぶつあいごせんたー,34.97096404,135.7505035,108,8,収容している動物の譲渡事業や動物に係る様々な情報を発信しています。また、広大なドッグランも御使用いただけます。,601-8103,京都市南区上鳥羽仏現寺町11番地,,,075-671-0336,075-671-0338,https://kyoto-ani-love.com/,,午前9時〜午後5時,12/29〜1/3、木曜日（木曜日が祝日の場合は翌平日）,"○ドッグラン　共用ゾーン：300円／時間（1時間延長につき300円）　個別ゾーン：3,050円／時間（5頭まで※）　※５頭を超える場合は一頭につき300円の追加料金",○近鉄十条駅から徒歩5分○京都市営地下鉄烏丸線十条駅から徒歩15分○京都市営バス十条大宮停留所から徒歩5分,まず、利用登録を行ってください。詳しくは、動物愛護センターにお問い合わせください。,可能な限り公共交通機関を御利用ください。車の場合は動物愛護センター北側にございます有料駐車場を御利用ください。,動物愛ランド・京都,,,,,,,,,,,,,,,,,,,,,,,,,,,,
教育委員会事務局,総合育成支援課,1000001674,東山総合支援学校・総合育成支援教育相談センター,ひがしやまそうごうしえんがっこうそうごういくせいしえんきょういくそうだんせんたー,34.99189652,135.7753837,115,5,施設見学や障害のある子どもについての相談を受け付けています。,605-0932,京都市東山区東大路渋谷下る妙法院前側町441,,京都市,075-561-3373,075-561-3383,http://cms.edu.city.kyoto.jp/weblog/index.php?id=400251,,9：30〜16：30,土、日、祝休日,無料,市バス馬町より徒歩2分,電話かホームページをご覧ください。,,,,,,,,,,,,,,,,,,,,,,,,,,,,,,
教育委員会事務局,総務部　学校事務支援室,1000001675,京都工学院高等学校,きょうとこうがくいんこうとうがっこう,34.96208398,135.7777762,124,11,,612-0884,京都市伏見区深草西出山町23,,,075-646-1515,075-646-1516,http://cms.edu.city.kyoto.jp/weblog/index.php?id=300254,,,,,,,,京都工学院高校,,,,,,,,,,,,,,,,,,,,,,,,,,,,
環境政策局,まち美化推進課,1000001677 ,烏丸北大路南公衆トイレ,からすまきたおおじみなみこうしゅうといれ,35.04283072,135.7594943,137,1,京都市が設置している、観光客や市民の皆様向けに開設されたトイレです。,603-8143,京都市北区小山上総町,100701p.jpg,,075-222-3953,,https://www.city.kyoto.lg.jp/kankyo/page/0000331178.html,小便器１基、大便器１基（男女共用）※洋式化対応。,終日,なし,,,,皆様が気持ちよく利用できるよう、マナーを守ってお使いください。,,,,,,,,,,,,,,,,,,,,,,,,,,,,,
環境政策局,まち美化推進課,1000001678 ,大徳寺東門前公衆トイレ,だいとくじひがしもんまえこうしゅうといれ,35.04111893,135.7473801,137,1,京都市が設置している、観光客や市民の皆様向けに開設されたトイレです。,603-8231,京都市北区紫野大徳寺町,100702p.jpg,,075-222-3953,,https://www.city.kyoto.lg.jp/kankyo/page/0000331175.html,男子小便器２基、大便器１基女子大便器２基※洋式化対応。,終日,なし,,,,皆様が気持ちよく利用できるよう、マナーを守ってお使いください。,,,,,,,,,,,,,,,,,,,,,,,,,,,,,
環境政策局,まち美化推進課,1000001679 ,北大路橋西詰公衆トイレ,きたおおじばしにしづめこうしゅうといれ,35.04410548,135.7619673,137,1,京都市が設置している、観光客や市民の皆様向けに開設されたトイレです。,603-8132,京都市北区小山下内河原町,100703p.jpg,,075-222-3953,,https://www.city.kyoto.lg.jp/kankyo/page/0000331174.html,男子小便器２基、大便器１基女子大便器２基※洋式化対応。,終日,なし,,,,皆様が気持ちよく利用できるよう、マナーを守ってお使いください。,,,,,,,,,,,,,,,,,,,,,,,,,,,,,
環境政策局,まち美化推進課,1000001680 ,荒神橋西詰公衆トイレ,こうじんばしにしづめこうしゅうといれ,35.02134731,135.7705913,137,2,京都市が設置している、観光客や市民の皆様向けに開設されたトイレです。,602-0855,京都市上京区上生洲町,100704p.jpg,,075-222-3953,,https://www.city.kyoto.lg.jp/kankyo/page/0000331245.html,男子小便器２基、大便器１基女子大便器２基※洋式化対応。,終日,なし,,,,皆様が気持ちよく利用できるよう、マナーを守ってお使いください。,,,,,,,,,,,,,,,,,,,,,,,,,,,,,
環境政策局,まち美化推進課,1000001682 ,寺町丸太町北公衆トイレ,てらまちまるたまちきたこうしゅうといれ,35.01768391,135.7672539,137,2,京都市が設置している、観光客や市民の皆様向けに開設されたトイレです。,602-0881,京都市上京区京都御苑,100706p.jpg,,075-222-3953,,https://www.city.kyoto.lg.jp/kankyo/page/0000331166.html,男子小便器１基、大便器１基女子大便器１基※洋式化対応。,終日,なし,,,,皆様が気持ちよく利用できるよう、マナーを守ってお使いください。,,,,,,,,,,,,,,,,,,,,,,,,,,,,,
環境政策局,まち美化推進課,1000001683 ,出町橋西詰公衆トイレ,でまちばしにしづめこうしゅうといれ,35.03049054,135.7705383,137,2,京都市が設置している、観光客や市民の皆様向けに開設されたトイレです。,602-0822,京都市上京区青龍町,100707p.jpg,,075-222-3953,,https://www.city.kyoto.lg.jp/kankyo/page/0000331172.html,男子小便器３基、大便器１基女子大便器２基※洋式化対応。,終日,なし,,,,皆様が気持ちよく利用できるよう、マナーを守ってお使いください。,,,,,,,,,,,,,,,,,,,,,,,,,,,,,
環境政策局,まち美化推進課,1000001684 ,上立売浄福寺東公衆トイレ,かみだちうりじょうふくじひがしこうしゅうといれ,35.03223495,135.7459505,137,2,京都市が設置している、観光客や市民の皆様向けに開設されたトイレです。,602-8447,京都市上京区紋屋町,100708p.jpg,,075-222-3953,,https://www.city.kyoto.lg.jp/kankyo/page/0000330601.html,小便器１基、大便器１基（男女共用）※洋式化対応。,終日,なし,,,,皆様が気持ちよく利用できるよう、マナーを守ってお使いください。,,,,,,,,,,,,,,,,,,,,,,,,,,,,,
環境政策局,まち美化推進課,1000001685 ,西陣（今出川千本）公衆トイレ,にしじんこうしゅうといれ,35.02992499,135.743971,137,2,京都市が設置している、観光客や市民の皆様向けに開設されたトイレです。,602-8473,京都市上京区般舟院前町,100709p.jpg,,075-222-3953,,https://www.city.kyoto.lg.jp/kankyo/page/0000331239.html,男子小便器１基、大便器１基女子大便器１基※洋式化対応。,終日,なし,,,,皆様が気持ちよく利用できるよう、マナーを守ってお使いください。,,,,,,,,,,,,,,,,,,,,,,,,,,,,,
環境政策局,まち美化推進課,1000001686 ,千本釈迦堂公衆トイレ,せんぼんしゃかどうこうしゅうといれ,35.03121093,135.7396996,137,2,京都市が設置している、観光客や市民の皆様向けに開設されたトイレです。,602-8319,京都市上京区溝前町,100710p.jpg,,075-222-3953,,https://www.city.kyoto.lg.jp/kankyo/page/0000331243.html,男子小便器２基、大便器１基女子大便器２基※洋式化対応。,終日,なし,,,,皆様が気持ちよく利用できるよう、マナーを守ってお使いください。,,,,,,,,,,,,,,,,,,,,,,,,,,,,,
環境政策局,まち美化推進課,1000001687 ,二条公園公衆トイレ,にじょうこうえんこうしゅうといれ,35.01665696,135.745644,137,2,京都市が設置している、観光客や市民の皆様向けに開設されたトイレです。,602-8155,京都市上京区主税町,100711p.jpg,,075-222-3953,,https://www.city.kyoto.lg.jp/kankyo/page/0000330881.html,男子小便器３基、大便器１基女子大便器２基※オストメイト対応。ウォシュレット付便座あり。洋式化対応。,終日,なし,,,,皆様が気持ちよく利用できるよう、マナーを守ってお使いください。,,,,,,,,,,,,,,,,,,,,,,,,,,,,,
環境政策局,まち美化推進課,1000001688 ,堀川中立売南公衆トイレ,ほりかわなかだちうりみなみこうしゅうといれ,35.02482165,135.7519251,137,2,京都市が設置している、観光客や市民の皆様向けに開設されたトイレです。,602-8241,京都市上京区役人町,100712p.jpg,,075-222-3953,,https://www.city.kyoto.lg.jp/kankyo/page/0000331242.html,小便器１基、大便器１基（男女共用）※洋式化対応。,終日,なし,,,,皆様が気持ちよく利用できるよう、マナーを守ってお使いください。,,,,,,,,,,,,,,,,,,,,,,,,,,,,,
環境政策局,まち美化推進課,1000001689 ,一乗寺下り松公衆トイレ,いちじょうじさがりまつこうしゅうといれ,35.04376181,135.7937863,137,3,京都市が設置している、観光客や市民の皆様向けに開設されたトイレです。,606-8151,京都市左京区一乗寺花ノ木町,100713p.jpg,,075-222-3953,,https://www.city.kyoto.lg.jp/kankyo/page/0000331153.html,男子小便器２基、大便器１基女子大便器２基※洋式化対応。,終日,なし,,,,皆様が気持ちよく利用できるよう、マナーを守ってお使いください。,,,,,,,,,,,,,,,,,,,,,,,,,,,,,
環境政策局,まち美化推進課,1000001690 ,岡崎グラウンド西南角公衆トイレ,おかざきぐらうんどせいなんかどこうしゅうといれ,35.01401979,135.782796,137,3,京都市が設置している、観光客や市民の皆様向けに開設されたトイレです。,606-8342,京都市左京区岡崎最勝寺町,100714p.jpg,,075-222-3953,,https://www.city.kyoto.lg.jp/kankyo/page/0000331223.html,男子小便器２基、大便器１基（多目的１室）女子大便器２基（うち多目的１室）※車いす利用可。洋式化対応。,終日,なし,,,,皆様が気持ちよく利用できるよう、マナーを守ってお使いください。,京都ココログループのトイレ,,,,,,,,,,,,,,,,,,,,,,,,,,,,
環境政策局,まち美化推進課,1000001691 ,岡崎グラウンド西北角公衆トイレ,おかざきぐらうんどせいほくかどこうしゅうといれ,35.01487268,135.7832781,137,3,京都市が設置している、観光客や市民の皆様向けに開設されたトイレです。,606-8342,京都市左京区岡崎最勝寺町,100715p.jpg,,075-222-3953,,https://www.city.kyoto.lg.jp/kankyo/page/0000331221.html,男子小便器５基、大便器１基女子大便器２基※洋式化対応。,終日,なし,,,,皆様が気持ちよく利用できるよう、マナーを守ってお使いください。,,,,,,,,,,,,,,,,,,,,,,,,,,,,,
環境政策局,まち美化推進課,1000001692 ,吉田神社境内公衆トイレ,よしだじんじゃけいだいこうしゅうといれ,35.02515222,135.7836905,137,3,京都市が設置している、観光客や市民の皆様向けに開設されたトイレです。,606-8317,京都市左京区吉田本町,100716p.jpg,,075-222-3953,,https://www.city.kyoto.lg.jp/kankyo/page/0000330706.html,男子小便器２基、大便器１基女子大便器２基※洋式化対応。,終日,なし,,,,皆様が気持ちよく利用できるよう、マナーを守ってお使いください。,,,,,,,,,,,,,,,,,,,,,,,,,,,,,
環境政策局,まち美化推進課,1000001693 ,銀閣寺橋西詰公衆トイレ,ぎんかくじばしにしづめこうしゅうといれ,35.02734096,135.7946447,137,3,京都市が設置している、観光客や市民の皆様向けに開設されたトイレです。,606-8407,京都市左京区銀閣寺前町,100717p.jpg,,075-222-3953,,https://www.city.kyoto.lg.jp/kankyo/page/0000330602.html,男子小便器３基、大便器１基女子大便器２基※洋式化対応。,終日,なし,,,,皆様が気持ちよく利用できるよう、マナーを守ってお使いください。,,,,,,,,,,,,,,,,,,,,,,,,,,,,,
環境政策局,まち美化推進課,1000001694 ,江文神社公衆トイレ,えぶみじんじゃこうしゅうといれ,35.11303475,135.8139083,137,3,京都市が設置している、観光客や市民の皆様向けに開設されたトイレです。,601-1247,京都市左京区大原野村町,100718p.jpg,,075-222-3953,,https://www.city.kyoto.lg.jp/kankyo/page/0000331164.html,男子小便器１基、大便器１基女子大便器１基※和式のみ。,終日,なし,,,,皆様が気持ちよく利用できるよう、マナーを守ってお使いください。,,,,,,,,,,,,,,,,,,,,,,,,,,,,,
環境政策局,まち美化推進課,1000001695 ,寂光院公衆トイレ,じゃっこういんこうしゅうといれ,35.12341876,135.8216009,137,3,京都市が設置している、観光客や市民の皆様向けに開設されたトイレです。,601-1248,京都市左京区大原草生町,100719p.jpg,,075-222-3953,,https://www.city.kyoto.lg.jp/kankyo/page/0000331162.html,男子小便器２基、大便器１基女子大便器３基多機能１室※車いす利用可。ベビーチェア等あり。洋式化対応。,終日,なし,,,,皆様が気持ちよく利用できるよう、マナーを守ってお使いください。,,,,,,,,,,,,,,,,,,,,,,,,,,,,,
環境政策局,まち美化推進課,1000001696 ,出町柳駅前公衆トイレ,でまちやなぎえきまえこうしゅうといれ,35.03011827,135.7730341,137,3,京都市が設置している、観光客や市民の皆様向けに開設されたトイレです。,606-8204,京都市左京区田中下柳町,100720p.jpg,,075-222-3953,,https://www.city.kyoto.lg.jp/kankyo/page/0000331173.html,男子小便器２基、大便器１基（多目的１室）女子大便器２基（うち多目的１室）※オストメイト対応。車いす利用可。ベビーチェア等あり。ウォシュレット付便座あり。洋式化対応。,終日,なし,,,,皆様が気持ちよく利用できるよう、マナーを守ってお使いください。,,,,,,,,,,,,,,,,,,,,,,,,,,,,,
環境政策局,まち美化推進課,1000001697 ,川端丸太町南公衆トイレ,かわばたまるたまちみなみこうしゅうといれ,35.01733574,135.7720497,137,3,京都市が設置している、観光客や市民の皆様向けに開設されたトイレです。,606-8396,京都市左京区下堤町,100721p.jpg,,075-222-3953,,https://www.city.kyoto.lg.jp/kankyo/page/0000331226.html,男子小便器２基、大便器１基女子大便器２基※ベビーチェア等あり。洋式化対応。,終日,なし,,,,皆様が気持ちよく利用できるよう、マナーを守ってお使いください。,,,,,,,,,,,,,,,,,,,,,,,,,,,,,
環境政策局,まち美化推進課,1000001698 ,東一条川端東公衆トイレ,ひがしいちじょうかわばたひがしこうしゅうといれ,35.025284,135.772499,137,3,京都市が設置している、観光客や市民の皆様向けに開設されたトイレです。,606-8305,京都市左京区吉田河原町,100722p.jpg,,075-222-3953,,https://www.city.kyoto.lg.jp/kankyo/page/0000330802.html,男子小便器１基、大便器１基女子大便器１基※洋式化対応。,終日,なし,,,,皆様が気持ちよく利用できるよう、マナーを守ってお使いください。,,,,,,,,,,,,,,,,,,,,,,,,,,,,,
環境政策局,まち美化推進課,1000001699 ,大原の里公衆トイレ,おおはらのさとこうしゅうといれ,35.11978242,135.8287342,137,3,京都市が設置している、観光客や市民の皆様向けに開設されたトイレです。,601-1242,京都市左京区大原来迎院町,100723p.jpg,,075-222-3953,,https://www.city.kyoto.lg.jp/kankyo/page/0000331165.html,男子小便器３基、大便器１基女子大便器４基多機能１室※車いす利用可。ベビーチェア等あり。洋式化対応。,午前6時30分頃から午後9時30分頃まで,なし,,,,皆様が気持ちよく利用できるよう、マナーを守ってお使いください。,,,,,,,,,,,,,,,,,,,,,,,,,,,,,
環境政策局,まち美化推進課,1000001700 ,錦小路東洞院東公衆トイレ,にしきこうじひがしのとういんひがしこうしゅうといれ,35.00497798,135.7612324,137,4,京都市が設置している、観光客や市民の皆様向けに開設されたトイレです。,604-8143,京都市中京区阪東屋町,100724p.jpg,,075-222-3953,,https://www.city.kyoto.lg.jp/kankyo/page/0000331250.html,小便器２基、大便器１基（男女共用）※洋式化対応。,終日,なし,,,,皆様が気持ちよく利用できるよう、マナーを守ってお使いください。,,,,,,,,,,,,,,,,,,,,,,,,,,,,,
環境政策局,まち美化推進課,1000001701 ,烏丸御池公衆トイレ,からすまおいけこうしゅうといれ,35.01066198,135.7591778,137,4,京都市が設置している、観光客や市民の皆様向けに開設されたトイレです。,604-8171,京都市中京区虎屋町,100725p.jpg,,075-222-3953,,https://www.city.kyoto.lg.jp/kankyo/page/0000331248.html,男子小便器１基、大便器１基女子大便器２基多機能１室※オストメイト対応。車いす利用可。ベビーチェア等あり。ウォシュレット付便座あり。洋式化対応。,終日,なし,,,,皆様が気持ちよく利用できるよう、マナーを守ってお使いください。,トワレ・リュージュ(龍珠軒),,,,,,,,,,,,,,,,,,,,,,,,,,,,
環境政策局,まち美化推進課,1000001702 ,姉小路寺町東公衆トイレ,あねやこうじてらまちひがしこうしゅうといれ,35.00957672,135.7673411,137,4,京都市が設置している、観光客や市民の皆様向けに開設されたトイレです。,604-8081,京都市中京区天性寺前町,100726p.jpg,,075-222-3953,,https://www.city.kyoto.lg.jp/kankyo/page/0000330594.html,男子小便器２基、大便器１基女子大便器１基※ベビーチェア等あり。洋式化対応。,終日,なし,,,,皆様が気持ちよく利用できるよう、マナーを守ってお使いください。,,,,,,,,,,,,,,,,,,,,,,,,,,,,,
環境政策局,まち美化推進課,1000001703 ,第二京極公衆トイレ,だいにきょうごくこうしゅうといれ,35.00507519,135.7678454,137,4,京都市が設置している、観光客や市民の皆様向けに開設されたトイレです。,604-8041,京都市中京区裏寺町,100727p.jpg,,075-222-3953,,https://www.city.kyoto.lg.jp/kankyo/page/0000330598.html,男子小便器２基、大便器１基女子大便器２基※洋式化対応。,終日,なし,,,,皆様が気持ちよく利用できるよう、マナーを守ってお使いください。,,,,,,,,,,,,,,,,,,,,,,,,,,,,,
環境政策局,まち美化推進課,1000001704 ,蛸薬師新京極公衆トイレ,たこやくししんきょうごくこうしゅうといれ,35.00584524,135.7674041,137,4,京都市が設置している、観光客や市民の皆様向けに開設されたトイレです。,604-8046,京都市中京区東側町,100728p.jpg,,075-222-3953,,https://www.city.kyoto.lg.jp/kankyo/page/0000330596.html,男子小便器２基、大便器１基女子大便器１基多機能１室※オストメイト対応。車いす利用可。洋式化対応。,終日,なし,,,,皆様が気持ちよく利用できるよう、マナーを守ってお使いください。,京都市蛸薬師新京極ササミック公衆トイレ,,,,,,,,,,,,,,,,,,,,,,,,,,,,
環境政策局,まち美化推進課,1000001705 ,二条城外壕公衆トイレ,にじょうじょうそとぼりこうしゅうといれ,35.01222831,135.7473426,137,4,京都市が設置している、観光客や市民の皆様向けに開設されたトイレです。,604-8301,京都市中京区二条城町,100729p.jpg,,075-222-3953,,https://www.city.kyoto.lg.jp/kankyo/page/0000331167.html,男子小便器２基、大便器１基女子大便器２基多機能１室※オストメイト対応。車いす利用可。ベビーチェア等あり。ウォシュレット付便座あり。洋式化対応。,終日,なし,,,,皆様が気持ちよく利用できるよう、マナーを守ってお使いください。,,,,,,,,,,,,,,,,,,,,,,,,,,,,,
環境政策局,まち美化推進課,1000001706 ,木屋町公衆トイレ,きやまちこうしゅうといれ,35.00644501,135.7706107,137,4,京都市が設置している、観光客や市民の皆様向けに開設されたトイレです。,604-8016,京都市中京区下樵木町,100730p.jpg,,075-222-3953,,https://www.city.kyoto.lg.jp/kankyo/page/0000330595.html,男子小便器３基、大便器１基女子大便器２基※洋式化対応。,終日,なし,,,,皆様が気持ちよく利用できるよう、マナーを守ってお使いください。,,,,,,,,,,,,,,,,,,,,,,,,,,,,,
環境政策局,まち美化推進課,1000001707 ,六角新京極東公衆トイレ,ろっかくしんきょうごくひがしこうしゅうといれ,35.00719857,135.7677776,137,4,京都市が設置している、観光客や市民の皆様向けに開設されたトイレです。,604-8035,京都市中京区桜之町,100731p.jpg,,075-222-3953,,https://www.city.kyoto.lg.jp/kankyo/page/0000330597.html,男子小便器２基、大便器１基女子大便器１基※ベビーチェア等あり。洋式化対応。,終日,なし,,,,皆様が気持ちよく利用できるよう、マナーを守ってお使いください。,,,,,,,,,,,,,,,,,,,,,,,,,,,,,
環境政策局,まち美化推進課,1000001708 ,円山公園一休庵前公衆トイレ,まるやまこうえんいっきゅうあんまえこうしゅうといれ,35.00414366,135.7794178,137,5,京都市が設置している、観光客や市民の皆様向けに開設されたトイレです。,605-0073,京都市東山区祇園町北側,100732p.jpg,,075-222-3953,,https://www.city.kyoto.lg.jp/kankyo/page/0000330425.html,男子小便器２基、大便器１基女子大便器２基※オストメイト対応。ベビーチェア等あり。ウォシュレット付便座あり。洋式化対応。,終日,なし,,,,皆様が気持ちよく利用できるよう、マナーを守ってお使いください。,,,,,,,,,,,,,,,,,,,,,,,,,,,,,
環境政策局,まち美化推進課,1000001710 ,円山公園藤ノ棚東公衆トイレ,まるやまこうえんふじのたなひがしこうしゅうといれ,35.00371304,135.7820463,137,5,京都市が設置している、観光客や市民の皆様向けに開設されたトイレです。,605-0071,京都市東山区円山町,100733p.jpg,,075-222-3953,,https://www.city.kyoto.lg.jp/kankyo/page/0000330426.html,男子小便器２基、大便器１基女子大便器２基※ベビーチェア等あり。洋式化対応。,終日,なし,,,,皆様が気持ちよく利用できるよう、マナーを守ってお使いください。,,,,,,,,,,,,,,,,,,,,,,,,,,,,,
環境政策局,まち美化推進課,1000001711 ,円山公園銅像前公衆トイレ,まるやまこうえんどうぞうまえこうしゅうといれ,35.003077,135.7814468,137,5,京都市が設置している、観光客や市民の皆様向けに開設されたトイレです。,605-0071,京都市東山区円山町,100734p.jpg,,075-222-3953,,https://www.city.kyoto.lg.jp/kankyo/page/0000330431.html,男子小便器１基、大便器１基女子大便器２基※洋式化対応。,終日,なし,,,,皆様が気持ちよく利用できるよう、マナーを守ってお使いください。,,,,,,,,,,,,,,,,,,,,,,,,,,,,,
環境政策局,まち美化推進課,1000001712 ,円山公園弁天堂前公衆トイレ,まるやまこうえんべんてんどうまえこうしゅうといれ,35.00328462,135.7833217,137,5,京都市が設置している、観光客や市民の皆様向けに開設されたトイレです。,605-0071,京都市東山区円山町,100735p.jpg,,075-222-3953,,https://www.city.kyoto.lg.jp/kankyo/page/0000330432.html,男子小便器１基、大便器１基女子大便器１基※ベビーチェア等あり。洋式化対応。,終日,なし,,,,皆様が気持ちよく利用できるよう、マナーを守ってお使いください。,,,,,,,,,,,,,,,,,,,,,,,,,,,,,
環境政策局,まち美化推進課,1000001713 ,祇園石段下公衆トイレ,ぎおんいしだんしたこうしゅうといれ,35.00440511,135.77785,137,5,京都市が設置している、観光客や市民の皆様向けに開設されたトイレです。,605-0073,京都市東山区祇園町北側,100736p.jpg,,075-222-3953,,https://www.city.kyoto.lg.jp/kankyo/page/0000330424.html,男子小便器１基、大便器１基女子大便器２基※ベビーチェア等あり。洋式化対応。,終日,なし,,,,皆様が気持ちよく利用できるよう、マナーを守ってお使いください。,,,,,,,,,,,,,,,,,,,,,,,,,,,,,
環境政策局,まち美化推進課,1000001714 ,祇園白川公衆トイレ,ぎおんしらかわこうしゅうといれ,35.00651422,135.7775194,137,5,京都市が設置している、観光客や市民の皆様向けに開設されたトイレです。,605-0066,京都市東山区石橋町,100737p.jpg,,075-222-3953,,https://www.city.kyoto.lg.jp/kankyo/page/0000330437.html,男子小便器１基、大便器１基女子大便器１基※洋式化対応。,終日,なし,,,,皆様が気持ちよく利用できるよう、マナーを守ってお使いください。,,,,,,,,,,,,,,,,,,,,,,,,,,,,,
環境政策局,まち美化推進課,1000001715 ,京阪三条駅前広場公衆トイレ,けいはんさんじょうえきまえひろばこうしゅうといれ,35.00812128,135.7735142,137,5,京都市が設置している、観光客や市民の皆様向けに開設されたトイレです。,602-8331,京都市東山区若松町,100738p.jpg,,075-222-3953,,https://www.city.kyoto.lg.jp/kankyo/page/0000330440.html,男子小便器３基、大便器２基女子大便器２基多機能１室※オストメイト対応。車いす利用可。ベビーチェア等あり。洋式化対応。,終日,なし,,,,皆様が気持ちよく利用できるよう、マナーを守ってお使いください。,,,,,,,,,,,,,,,,,,,,,,,,,,,,,
環境政策局,まち美化推進課,1000001717 ,高台寺公園公衆トイレ,こうだいじこうえんこうしゅうといれ,34.99951989,135.7799636,137,5,京都市が設置している、観光客や市民の皆様向けに開設されたトイレです。,605-0825,京都市東山区下河原町,100739p.jpg,,075-222-3953,,https://www.city.kyoto.lg.jp/kankyo/page/0000330390.html,男子小便器２基、大便器２基（うち多機能１室）女子大便器３基（うち多機能１室）※車いす利用可。ベビーチェア等あり。洋式化対応。,終日,なし,,,,皆様が気持ちよく利用できるよう、マナーを守ってお使いください。,,,,,,,,,,,,,,,,,,,,,,,,,,,,,
環境政策局,まち美化推進課,1000001718 ,三十三間堂バスプール公衆トイレ,さんじゅうさんげんどうばすぷーるこうしゅうといれ,34.98874765,135.772326,137,5,京都市が設置している、観光客や市民の皆様向けに開設されたトイレです。,605-0941,京都市東山区三十三間堂廻り,100740p.jpg,,075-222-3953,,https://www.city.kyoto.lg.jp/kankyo/page/0000330600.html,男子小便器４基、大便器１基女子大便器３基多機能１室※オストメイト対応。車いす利用可。ベビーチェア等あり。ウォシュレット付便座あり。洋式化対応。,終日,なし,,,,皆様が気持ちよく利用できるよう、マナーを守ってお使いください。,,,,,,,,,,,,,,,,,,,,,,,,,,,,,
環境政策局,まち美化推進課,1000001719 ,四条大橋東詰公衆トイレ,しじょうおおはしひがしづめこうしゅうといれ,35.00417222,135.7722931,137,5,京都市が設置している、観光客や市民の皆様向けに開設されたトイレです。,605-0076,京都市東山区川端町,100741p.jpg,,075-222-3953,,https://www.city.kyoto.lg.jp/kankyo/page/0000330438.html,男子小便器２基、大便器１基女子大便器１基※洋式化対応。,終日,なし,,,,皆様が気持ちよく利用できるよう、マナーを守ってお使いください。,,,,,,,,,,,,,,,,,,,,,,,,,,,,,
環境政策局,まち美化推進課,1000001720 ,清水寺境内公衆トイレ,きよみずでらけいだいこうしゅうといれ,34.99473216,135.7827061,137,5,京都市が設置している、観光客や市民の皆様向けに開設されたトイレです。,605-0862,京都市東山区清水1丁目,100742p.jpg,,075-222-3953,,https://www.city.kyoto.lg.jp/kankyo/page/0000329491.html,男子小便器２基、大便器１基女子大便器３基多機能１室※オストメイト対応。車いす利用可。ベビーチェア等あり。ウォシュレット付便座あり。洋式化対応。,午前6時から午後6時まで（7月、8月は午後6時30分）,なし,,,,皆様が気持ちよく利用できるよう、マナーを守ってお使いください。,,,,,,,,,,,,,,,,,,,,,,,,,,,,,
環境政策局,まち美化推進課,1000001721 ,清水坂観光駐車場東公衆トイレ,きよみずざかかんこうちゅうしゃじょうひがしこうしゅうといれ,34.99642899,135.780264,137,5,京都市が設置している、観光客や市民の皆様向けに開設されたトイレです。,605-0862,京都市東山区清水2丁目,100743p.jpg,,075-222-3953,,https://www.city.kyoto.lg.jp/kankyo/page/0000330382.html,男子小便器６基、大便器２基女子大便器７基※ベビーチェア等あり。洋式化対応。,終日,なし,,,,皆様が気持ちよく利用できるよう、マナーを守ってお使いください。,蛇口屋稼業　因　東司,,,,,,,,,,,,,,,,,,,,,,,,,,,,
環境政策局,まち美化推進課,1000001722 ,大和大路七条北東角公衆トイレ,やまとおおじしちじょうほくとうかどこうしゅうといれ,34.98942666,135.7713195,137,5,京都市が設置している、観光客や市民の皆様向けに開設されたトイレです。,602-8053,京都市東山区茶屋町,100744p.jpg,,075-222-3953,,https://www.city.kyoto.lg.jp/kankyo/page/0000330599.html,男子小便器３基、大便器１基女子大便器３基多機能１室※オストメイト対応。車いす利用可。ベビーチェア等あり。ウォシュレット付便座あり。洋式化対応。,終日,なし,,,,皆様が気持ちよく利用できるよう、マナーを守ってお使いください。,,,,,,,,,,,,,,,,,,,,,,,,,,,,,
環境政策局,まち美化推進課,1000001723 ,大和大路団栗南公衆トイレ,やまとおおじどんぐりみなみこうしゅうといれ,35.00109853,135.7725815,137,5,京都市が設置している、観光客や市民の皆様向けに開設されたトイレです。,605-0811,京都市東山区小松町,100745p.jpg,,075-222-3953,,https://www.city.kyoto.lg.jp/kankyo/page/0000330439.html,男子小便器１基、大便器１基女子大便器１基※ベビーチェア等あり。洋式化対応。,終日,なし,,,,皆様が気持ちよく利用できるよう、マナーを守ってお使いください。,,,,,,,,,,,,,,,,,,,,,,,,,,,,,
環境政策局,まち美化推進課,1000001724 ,烏丸七条西北角公衆トイレ,からすましちじょうせいほくかどこうしゅうといれ,34.98951895,135.7594661,137,7,京都市が設置している、観光客や市民の皆様向けに開設されたトイレです。,602-0805,京都市下京区桜木町,100746p.jpg,,075-222-3953,,https://www.city.kyoto.lg.jp/kankyo/page/0000330551.html,男子小便器２基、大便器１基女子大便器１基※ベビーチェア等あり。洋式化対応。,終日,なし,,,,皆様が気持ちよく利用できるよう、マナーを守ってお使いください。,,,,,,,,,,,,,,,,,,,,,,,,,,,,,
環境政策局,まち美化推進課,1000001725 ,花屋町新町東公衆トイレ,はなやちょうしんまちひがしこうしゅうといれ,34.99327096,135.7571554,137,7,京都市が設置している、観光客や市民の皆様向けに開設されたトイレです。,600-8167,京都市下京区常葉町,100747p.jpg,,075-222-3953,,https://www.city.kyoto.lg.jp/kankyo/page/0000330552.html,男子小便器１基、大便器１基女子大便器１基※洋式化対応。,終日,なし,,,,皆様が気持ちよく利用できるよう、マナーを守ってお使いください。,,,,,,,,,,,,,,,,,,,,,,,,,,,,,
環境政策局,まち美化推進課,1000001726 ,京福四条大宮駅南公衆トイレ,けいふくしじょうおおみやえきみなみこうしゅうといれ,35.00315609,135.7485589,137,7,京都市が設置している、観光客や市民の皆様向けに開設されたトイレです。,600-8389,京都市下京区四条大宮町,100748p.jpg,,075-222-3953,,https://www.city.kyoto.lg.jp/kankyo/page/0000331171.html,男子小便器２基、大便器１基女子大便器２基※ベビーチェア等あり。洋式化対応。,終日,なし,,,,皆様が気持ちよく利用できるよう、マナーを守ってお使いください。,,,,,,,,,,,,,,,,,,,,,,,,,,,,,
環境政策局,まち美化推進課,1000001727 ,五条大橋西詰公衆トイレ,ごじょうおおはしにしづめこうしゅうといれ,34.99609446,135.7675946,137,7,京都市が設置している、観光客や市民の皆様向けに開設されたトイレです。,600-8017,京都市下京区下材木町,100749p.jpg,,075-222-3953,,https://www.city.kyoto.lg.jp/kankyo/page/0000330416.html,男子小便器２基、大便器１基女子大便器２基多機能１室※オストメイト対応。車いす利用可。ベビーチェア等あり。ウォシュレット付便座あり。洋式化対応。,終日,なし,,,,皆様が気持ちよく利用できるよう、マナーを守ってお使いください。,,,,,,,,,,,,,,,,,,,,,,,,,,,,,
環境政策局,まち美化推進課,1000001728 ,七条堀川西公衆トイレ,しちじょうほりかわにしこうしゅうといれ,34.98937282,135.7526446,137,7,京都市が設置している、観光客や市民の皆様向けに開設されたトイレです。,600-8262,京都市下京区八百屋町,100750p.jpg,,075-222-3953,,https://www.city.kyoto.lg.jp/kankyo/page/0000330553.html,男子小便器２基、大便器１基女子大便器２基※ベビーチェア等あり。洋式化対応。,終日,なし,,,,皆様が気持ちよく利用できるよう、マナーを守ってお使いください。,,,,,,,,,,,,,,,,,,,,,,,,,,,,,
環境政策局,まち美化推進課,1000001729 ,七本松七条北公衆トイレ,しちほんまつしちじょうきたこうしゅうといれ,34.98944863,135.7392691,137,7,京都市が設置している、観光客や市民の皆様向けに開設されたトイレです。,600-8845,京都市下京区朱雀北ノ口町,100751p.jpg,,075-222-3953,,https://www.city.kyoto.lg.jp/kankyo/page/0000330555.html,小便器１基、大便器１基（男女共用）※洋式化対応。,終日,なし,,,,皆様が気持ちよく利用できるよう、マナーを守ってお使いください。,,,,,,,,,,,,,,,,,,,,,,,,,,,,,
環境政策局,まち美化推進課,1000001731 ,亀山公園下公衆トイレ,かめやまこうえんしたこうしゅうといれ,35.01332671,135.6729689,137,9,京都市が設置している、観光客や市民の皆様向けに開設されたトイレです。,616-8386,京都市右京区嵯峨亀ノ尾町,100752p.jpg,,075-222-3953,,https://www.city.kyoto.lg.jp/kankyo/page/0000330534.html,男子小便器２基、大便器１基女子大便器３基多機能１室※車いす利用可。ベビーチェア等あり。洋式化対応。,終日,なし,,,,皆様が気持ちよく利用できるよう、マナーを守ってお使いください。,,,,,,,,,,,,,,,,,,,,,,,,,,,,,
環境政策局,まち美化推進課,1000001732 ,御室仁和寺東公衆トイレ,おむろにんなじひがしこうしゅうといれ,35.02845892,135.7157086,137,9,京都市が設置している、観光客や市民の皆様向けに開設されたトイレです。,616-8092,京都市右京区御室大内,100753p.jpg,,075-222-3953,,https://www.city.kyoto.lg.jp/kankyo/page/0000331228.html,男子小便器３基、大便器１基女子大便器３基多機能１室※オストメイト対応。車いす利用可。ベビーチェア等あり。ウォシュレット付便座あり。洋式化対応。,終日,なし,,,,皆様が気持ちよく利用できるよう、マナーを守ってお使いください。,,,,,,,,,,,,,,,,,,,,,,,,,,,,,
環境政策局,まち美化推進課,1000001734 ,高雄神護寺下公衆トイレ,たかおじんごじしたこうしゅうといれ,35.0540723,135.6728549,137,9,京都市が設置している、観光客や市民の皆様向けに開設されたトイレです。,616-8292,京都市右京区梅ケ畑高雄町,100754p.jpg,,075-222-3953,,https://www.city.kyoto.lg.jp/kankyo/page/0000330879.html,男子小便器１基、大便器１基女子大便器２基※ベビーチェア等あり。洋式化対応。,終日,なし,,,,皆様が気持ちよく利用できるよう、マナーを守ってお使いください。,,,,,,,,,,,,,,,,,,,,,,,,,,,,,
環境政策局,まち美化推進課,1000001735 ,嵯峨清滝公衆トイレ,さがきよたきこうしゅうといれ,35.03950044,135.6583388,137,9,京都市が設置している、観光客や市民の皆様向けに開設されたトイレです。,616-8455,京都市右京区嵯峨清滝田鶴原町,100755p.jpg,,075-222-3953,,https://www.city.kyoto.lg.jp/kankyo/page/0000330546.html,男子小便器２基、大便器１基女子大便器３基※洋式化対応。,終日,なし,,,,皆様が気持ちよく利用できるよう、マナーを守ってお使いください。,,,,,,,,,,,,,,,,,,,,,,,,,,,,,
環境政策局,まち美化推進課,1000001736 ,嵯峨落柿舎北公衆トイレ,さがらくししゃきたこうしゅうといれ,35.0208701,135.6702599,137,9,京都市が設置している、観光客や市民の皆様向けに開設されたトイレです。,616-8391,京都市右京区嵯峨小倉山緋明神町,100756p.jpg,,075-222-3953,,https://www.city.kyoto.lg.jp/kankyo/page/0000330545.html,男子小便器２基、大便器１基女子大便器３基多機能１室※車いす利用可。洋式化対応。,終日,なし,,,,皆様が気持ちよく利用できるよう、マナーを守ってお使いください。,,,,,,,,,,,,,,,,,,,,,,,,,,,,,
環境政策局,まち美化推進課,1000001737 ,清凉寺境内公衆トイレ,せいりょうじけいだいこうしゅうといれ,35.02304578,135.6737481,137,9,京都市が設置している、観光客や市民の皆様向けに開設されたトイレです。,616-8447,京都市右京区嵯峨釈迦堂藤ノ木町,100757p.jpg,,075-222-3953,,https://www.city.kyoto.lg.jp/kankyo/page/0000330542.html,男子小便器２基、大便器１基女子大便器２基※洋式化対応。,午前6時頃から午後6時頃まで,なし,,,,皆様が気持ちよく利用できるよう、マナーを守ってお使いください。,,,,,,,,,,,,,,,,,,,,,,,,,,,,,
環境政策局,まち美化推進課,1000001738 ,天龍寺南門前公衆トイレ,てんりゅうじみなみもんまえこうしゅうといれ,35.01350355,135.6741612,137,9,京都市が設置している、観光客や市民の皆様向けに開設されたトイレです。,616-8385,京都市右京区嵯峨天龍寺芒ノ馬場町,100758p.jpg,,075-222-3953,,https://www.city.kyoto.lg.jp/kankyo/page/0000330533.html,男子小便器２基、大便器１基女子大便器２基※洋式化対応。,終日,なし,,,,皆様が気持ちよく利用できるよう、マナーを守ってお使いください。,,,,,,,,,,,,,,,,,,,,,,,,,,,,,
環境政策局,まち美化推進課,1000001739 ,嵐山中ノ島公園西公衆トイレ,あらしやまなかのしまこうえんにしこうしゅうといれ,35.01157476,135.6782837,137,9,京都市が設置している、観光客や市民の皆様向けに開設されたトイレです。,616-8383,京都市右京区嵯峨中ノ島町,100759p.jpg,,075-222-3953,,https://www.city.kyoto.lg.jp/kankyo/page/0000330538.html,女子大便器６基（うち多機能１室）※女性専用トイレ※車いす利用可。ベビーチェア等あり。洋式化対応。,終日,なし,,,,皆様が気持ちよく利用できるよう、マナーを守ってお使いください。,嵐山さくらトイレ,,,,,,,,,,,,,,,,,,,,,,,,,,,,
環境政策局,まち美化推進課,1000001740 ,嵐山中ノ島公園東公衆トイレ,あらしやまなかのしまこうえんひがしこうしゅうといれ,35.01181861,135.6791715,137,9,京都市が設置している、観光客や市民の皆様向けに開設されたトイレです。,616-8383,京都市右京区嵯峨中ノ島町,100760p.jpg,,075-222-3953,,https://www.city.kyoto.lg.jp/kankyo/page/0000330537.html,男子小便器２基、大便器１基女子大便器２基多機能１室※車いす利用可。洋式化対応。,終日,なし,,,,皆様が気持ちよく利用できるよう、マナーを守ってお使いください。,,,,,,,,,,,,,,,,,,,,,,,,,,,,,
環境政策局,まち美化推進課,1000001741 ,龍安寺境内公衆トイレ,りょうあんじけいだいこうしゅうといれ,35.03307667,135.719689,137,9,京都市が設置している、観光客や市民の皆様向けに開設されたトイレです。,616-8001,京都市右京区龍安寺御陵ノ下町,100761p.jpg,,075-222-3953,,https://www.city.kyoto.lg.jp/kankyo/page/0000331227.html,男子小便器５基、大便器２基女子大便器５基多機能１室※車いす利用可。ベビーチェア等あり。洋式化対応。 ※東側の女性専用トイレは、龍安寺様の設置したトイレです。当市の設置したトイレは、西側の男女別トイレです。,午前8時から午後5時まで（12月から2月は午前8時30分から午後4時30分まで）,なし,,,,皆様が気持ちよく利用できるよう、マナーを守ってお使いください。,,,,,,,,,,,,,,,,,,,,,,,,,,,,,
環境政策局,まち美化推進課,1000001742 ,JR嵯峨嵐山駅前公衆トイレ,じぇいあーるさがあらしやまえきまえこうしゅうといれ,35.01860101,135.6815681,137,9,京都市が設置している、観光客や市民の皆様向けに開設されたトイレです。,616-8373,京都市右京区嵯峨天龍寺車道町,100762p.jpg,,075-222-3953,,https://www.city.kyoto.lg.jp/kankyo/page/0000330278.html,男子小便器１基、大便器１基女子大便器１基多機能１室※車いす利用可。ベビーチェア等あり。洋式化対応。,終日,なし,,,,皆様が気持ちよく利用できるよう、マナーを守ってお使いください。,,,,,,,,,,,,,,,,,,,,,,,,,,,,,
環境政策局,まち美化推進課,1000001743 ,中地公衆トイレ,ちゅうじこうしゅうといれ,35.14008568,135.5884431,137,9,京都市が設置している、観光客や市民の皆様向けに開設されたトイレです。,601-0265,京都市右京区京北中地町,100763p.jpg,,075-222-3953,,https://www.city.kyoto.lg.jp/kankyo/page/0000331157.html,小便器１基、大便器１基（男女共用、多機能１室）※車いす利用可。ベビーチェア等あり。洋式化対応。,終日,なし,,,,皆様が気持ちよく利用できるよう、マナーを守ってお使いください。,,,,,,,,,,,,,,,,,,,,,,,,,,,,,
環境政策局,まち美化推進課,1000001744 ,常照皇寺公衆トイレ,じょうしょうこうじこうしゅうといれ,35.20001057,135.6844997,137,9,京都市が設置している、観光客や市民の皆様向けに開設されたトイレです。,601-0313,京都市右京区京北井戸町,100764p.jpg,,075-222-3953,,https://www.city.kyoto.lg.jp/kankyo/page/0000331161.html,男子小便１基、大便器１基女子大便器２基多機能１室※オストメイト対応。車いす利用可。ベビーチェア等あり。ウォシュレット付便座あり。洋式化対応。,終日,なし,,,,皆様が気持ちよく利用できるよう、マナーを守ってお使いください。,,,,,,,,,,,,,,,,,,,,,,,,,,,,,
環境政策局,まち美化推進課,1000001745 ,上黒田公衆トイレ,かみくろだこうしゅうといれ,35.20776024,135.7400684,137,9,京都市が設置している、観光客や市民の皆様向けに開設されたトイレです。,601-0402,京都市右京区京北上黒田町,100765p.jpg,,075-222-3953,,https://www.city.kyoto.lg.jp/kankyo/page/0000331160.html,小便器２基、大便器１基（男女共用）※和式のみ。,終日,なし,,,,皆様が気持ちよく利用できるよう、マナーを守ってお使いください。,,,,,,,,,,,,,,,,,,,,,,,,,,,,,
環境政策局,まち美化推進課,1000001746 ,嵐山渡月小橋西公衆トイレ,あらしやまとげつこばしにしこうしゅうといれ,35.01177193,135.6761809,137,10,京都市が設置している、観光客や市民の皆様向けに開設されたトイレです。,616-0007,京都市西京区嵯峨元禄山町,100766p.jpg,,075-222-3953,,https://www.city.kyoto.lg.jp/kankyo/page/0000330541.html,男子小便器１基、大便器１基女子大便器２基※洋式化対応。,終日,なし,,,,皆様が気持ちよく利用できるよう、マナーを守ってお使いください。,,,,,,,,,,,,,,,,,,,,,,,,,,,,,
環境政策局,まち美化推進課,1000001747 ,大原野公衆トイレ,おおはらのこうしゅうといれ,34.95842837,135.6552731,137,10,京都市が設置している、観光客や市民の皆様向けに開設されたトイレです。,610-1153,京都市西京区大原野南春日町,100767p.jpg,,075-222-3953,,https://www.city.kyoto.lg.jp/kankyo/page/0000331252.html,男子小便１基、大便器１基女子大便器１基多機能１室※オストメイト対応。車いす利用可。ベビーチェア等あり。ウォシュレット付便座あり。洋式化対応。,終日,なし,,,,皆様が気持ちよく利用できるよう、マナーを守ってお使いください。,,,,,,,,,,,,,,,,,,,,,,,,,,,,,
環境政策局,まち美化推進課,1000001749 ,醍醐三宝院公衆トイレ,だいごさんぼういんこうしゅうといれ,34.95063244,135.8179557,137,11,京都市が設置している、観光客や市民の皆様向けに開設されたトイレです。,601-1325,京都市伏見区醍醐東大路町,100768p.jpg,,075-222-3953,,https://www.city.kyoto.lg.jp/kankyo/page/0000331144.html,男子小便器４基、大便器１基女子大便器４基※洋式化対応。,終日,なし,,,,皆様が気持ちよく利用できるよう、マナーを守ってお使いください。,,,,,,,,,,,,,,,,,,,,,,,,,,,,,
環境政策局,まち美化推進課,1000001750 ,中書島蓬莱橋南詰公衆トイレ,ちゅうしょじまほうらいばしみなみづめこうしゅうといれ,34.9298505,135.7600281,137,11,京都市が設置している、観光客や市民の皆様向けに開設されたトイレです。,602-8317,京都市伏見区東柳町　,100769p.jpg,,075-222-3953,,https://www.city.kyoto.lg.jp/kankyo/page/0000331230.html,男子小便器２基、大便器１基女子大便器２基多機能１室※オストメイト対応。車いす利用可。ベビーチェア等あり。ウォシュレット付便座あり。洋式化対応。,終日,なし,,,,皆様が気持ちよく利用できるよう、マナーを守ってお使いください。,,,,,,,,,,,,,,,,,,,,,,,,,,,,,
環境政策局,まち美化推進課,1000001751 ,乃木神社前公衆トイレ,のぎじんじゃまえこうしゅうといれ,34.93338755,135.7756788,137,11,京都市が設置している、観光客や市民の皆様向けに開設されたトイレです。,612-8029,京都市伏見区桃山町三河,100770p.jpg,,075-222-3953,,https://www.city.kyoto.lg.jp/kankyo/page/0000331235.html,男子小便器２基、大便器１基女子大便器２基※ベビーチェア等あり。洋式化対応。,終日,なし,,,,皆様が気持ちよく利用できるよう、マナーを守ってお使いください。,,,,,,,,,,,,,,,,,,,,,,,,,,,,,
環境政策局,環境保全創造課,1000001752,北部環境共生センター,ほくぶかんきょうきょうせいせんたー,35.0486545,135.7785396,103,3,,〒606-8511,京都市左京区松ケ崎堂ノ上町7−2　左京区総合庁舎2階北側,,,075-701-9800,075-701-9810,http://www.city.kyoto.lg.jp/kankyo/page/0000145217.html,,,,,,,,,,,,,,,,,,,,,,,,,,,,,,,,,,,,
環境政策局,環境指導課,1000001753,南部環境共生センター,なんぶかんきょうきょうせいせんたー,34.97210983,135.7503133,103,8,,601-8444,京都市南区西九条森本町62-1,,,075-671-0511,075-671-0322,http://www.city.kyoto.lg.jp/kankyo/page/0000145217.html,,,,,,,,,,,,,,,,,,,,,,,,,,,,,,,,,,,,
建設局,南部区画整理事務所,1000001754,南部区画整理事務所,なんぶくかくせいりじむしょ,34.956923,135.762933,101,11,,612-8439,京都市伏見区深草五反田町112,,,075-643-0088,,ｈｔｔｐ：//www.city.kyoto.lg.jp/kensetu/soshiki/10-5-3-0-0.html,,,,,,,,,,,,,,,,,,,,,,,,,,,,,,,,,,,,
建設局,自転車政策推進室,1000001755,西賀茂自転車駐車場,にしがもじてんしゃちゅうしゃじょう,35.0641243,135.7445225,135,1,-,603-8813 ,京都市北区西賀茂大道口町65,,?アーキエムズ,0800-3333-321,,https://kyoto-bicycle.com/parking/190,自転車駐車台数250台,24時間,なし,上記ホームページをご覧ください。,市バス「西加茂車庫」,,,,,,,,,,,,,,,,,,,,,,,,,,,,,,,
建設局,自転車政策推進室,1000001756,御射山自転車等駐車場,みさやまじてんしゃとうちゅうしゃじょう,35.00660084,135.7611873,135,4,-,604-8147 ,京都府京都市中京区東洞院六角下御射山280,,（株）アーキエムズ,0800-3333-321,,https://kyoto-bicycle.com/parking/21,自転車駐車台数571台原動機付自転車駐車台数121台,24時間,なし,上記ホームページをご覧ください。,,上記ホームページをご覧ください。,,,,,,,,,,,,,,,,,,,,,,,,,,,,,,
建設局,自転車政策推進室,1000001757,松尾大社自転車等駐車場,まつおたいしゃじてんしゃとうちゅうしゃじょう,35.000311,135.687928,135,10,-,616-0023,京都市西京区嵐山宮ノ前町47-3,,（株)アーキエムズ,0800-3333-321,,https://kyoto-bicycle.com/parking/134,自転車駐車台数180台原動機付き転車駐車台数20台,24時間,なし,上記ホームページをご覧ください。,阪急「松尾大社駅」下車すぐ,,,,,,,,,,,,,,,,,,,,,,,,,,,,,,,
建設局,自転車政策推進室,1000001758,京都駅八条口西自転車駐車場,きょうとえきはちじょうぐちにしじてんしゃちゅうしゃじょう,34.98407196,135.7609398,135,8,-,601-8411 ,京都市南区西九条北ノ内町,,?アーキエムズ,0800-3333-321,,https://kyoto-bicycle.com/parking/24,自転車駐車台数408台,24時間,なし,上記ホームページをご覧ください。,,管理事務所にて受付,,,,,,,,,,,,,,,,,,,,,,,,,,,,,,
建設局,自転車政策推進室,1000001759,京都駅八条口東自転車駐車場,きょうとえきはちじょうぐちひがしじてんしゃちゅうしゃじょう,34.98407196,135.7609398,135,8,-,601-8411 ,京都市南区西九条北ノ内町,,?アーキエムズ,0800-3333-321,,https://kyoto-bicycle.com/parking/25,自転車駐車台数204台,24時間,なし,上記ホームページをご覧ください。,,管理事務所にて受付,,,,,,,,,,,,,,,,,,,,,,,,,,,,,,
建設局,自転車政策推進室,1000001760,京都市市役所前広場自転車駐車場,きょうとししやくしょまえひろばじてんしゃちゅうしゃじょう,35.01130047,135.7675007,135,4,-,604-8025,京都市中京区寺町通御池上る上本能寺前町488番地,,?アーキエムズ,0800-3333-321,,https://kyoto-bicycle.com/parking/215,自転車駐車台数408台,24時間,なし,上記ホームページをご覧ください。,,管理事務所にて受付,,,,,,,,,,,,,,,,,,,,,,,,,,,,,,
産業観光局,産業イノベーション推進室,1000001762,京都高度技術研究所,きょうとこうどぎじゅつけんきゅうしょ,34.99474974,135.7401737,129,7,,600-8813,京都市下京区中堂寺南町134番地,,,075-315-3625,075-315-3614,https://www.astem.or.jp/,,,,,・電車　JR嵯峨野線 丹波口駅から徒歩5分・バス　市バス、京阪京都交通バス 京都リサーチパーク前、京都バス 五条千本 下車 徒歩2分,,,ASTEM,,,,,,,,,,,,,,,,,,,,,,,,,,,,
産業観光局,産業イノベーション推進室,1000001763,京都市成長産業創造センター,きょうとしせいちょうさんぎょうそうぞうせんたー,34.93920679,135.7519224,129,11,,612-8374,京都市伏見区治部町105番地,,,075-603-6700,075-603-6713,https://www.aｃｔ-kyoto.jp/,,,,,・電車　京阪／近鉄 丹波橋駅から徒歩17分・バス　市バス、らくなんエクスプレス、京阪バス 油小路丹波橋・アクト京都前 下車すぐ,,,ACT京都,,,,,,,,,,,,,,,,,,,,,,,,,,,,
上下水道局,配水管理事務所（北部担当）,1000001764,配水管理事務所（北部担当）,ハイスイカンリジムショ（ホクブタントウ）,35.01114489,135.7179331,105,9,-,616-8084,京都市右京区太秦安井一町田町14,,,075-811-8201,075-812-0274,http://www.city.kyoto.lg.jp/suido/soshiki/27-3-12-0-0.html,,,土曜日、日曜日、祝日、12/29〜1/3,,・地下鉄東西線「太秦天神川駅」下車、東へ約200m（徒歩3分）・京福電鉄「嵐電天神川駅」下車、東へ約350m（徒歩5分）・市バス「京都学園大学前」下車すぐ,,,,,,,,,,,,,,,,,,,,,,,,,,,,,,,
上下水道局,配水管理事務所（南部担当）,1000001765,配水管理事務所（南部担当）,ハイスイカンリジムショ（ナンブタントウ）,34.971,135.75614,105,8,,601-8116,京都市南区上鳥羽鉾立町11-3,,,075-672-7100,075-672-7105,http://www.city.kyoto.lg.jp/suido/soshiki/27-3-6-0-0.html,,,土曜日、日曜日、祝日、12/29〜1/3,,・地下鉄烏丸線「十条駅」から徒歩5分　・近鉄京都線「十条駅」から徒歩8分　・市バス「十条新町」から徒歩5分　・市バス「久世橋通新町」から徒歩4分,,,,,,,,,,,,,,,,,,,,,,,,,,,,,,,
上下水道局,給水工事事務所（北部担当）,1000001766,給水工事事務所（北部担当）,キュウスイコウジジムショ（ホクブタントウ）,35.01114489,135.7179331,105,9,水道工事に関するお問い合わせなどをお受けしています。,616-8084,京都市右京区太秦安井一町田町14,,,075-841-3125 ,075-841-9251 ,http://www.city.kyoto.lg.jp/suido/soshiki/27-3-15-0-0.html,,,土曜日、日曜日、祝日、12/29〜1/3,,・地下鉄東西線「太秦天神川駅」下車、東へ約200m（徒歩3分）・京福電鉄「嵐電天神川駅」下車、東へ約350m（徒歩5分）・市バス「京都学園大学前」下車すぐ,,担当区域は北区、上京区、左京区、中京区、右京区、西京区です。,,,,,,,,,,,,,,,,,,,,,,,,,,,,,
上下水道局,給水工事事務所（南部担当）,1000001767,給水工事事務所（南部担当）,キュウスイコウジジムショ（ナンブタントウ）,34.971,135.75614,105,8,水道工事に関するお問い合わせなどをお受けしています。,601-8116,京都市南区上鳥羽鉾立町11-3,,,075-672-3506,075-682-3951,http://www.city.kyoto.lg.jp/suido/soshiki/27-3-16-0-0.html,,,土曜日、日曜日、祝日、12/29〜1/3,,・地下鉄烏丸線「十条駅」から徒歩5分　・近鉄京都線「十条駅」から徒歩8分　・市バス「十条新町」から徒歩5分　・市バス「久世橋通新町」から徒歩4分,,担当区域は東山区、山科区、下京区、南区、伏見区です。,,,,,,,,,,,,,,,,,,,,,,,,,,,,,
上下水道局,水道管路建設事務所,1000001768,水道管路建設事務所（京都市上下水道局総合庁舎）,すいどうかんろけんせつじむしょ,34.971,135.75614,105,8,-,601-8116,京都市南区上鳥羽鉾立町11-3,,,075-672-7790,075-672-7791,http://www.city.kyoto.lg.jp/suido/soshiki/27-3-5-0-0.html,,,土曜日、日曜日、祝日、12/29〜1/3,,・地下鉄烏丸線「十条駅」から徒歩5分　・近鉄京都線「十条駅」から徒歩8分　・市バス「十条新町」から徒歩5分　・市バス「久世橋通新町」から徒歩4分,,,,,,,,,,,,,,,,,,,,,,,,,,,,,,,
上下水道局,施設管理事務所,1000001769,施設管理事務所,しせつかんりじむしょ,34.9690205,135.682517,105,10,,610-1111 ,京都市西京区大枝東長町３-６１,,,075-331-5241,075-332-0805,http://www.city.kyoto.lg.jp/suido/soshiki_list.html,,,,,,,,,,,,,,,,,,,,,,,,,,,,,,,,,,,,
文化市民局,くらし安全推進課,1000001772,四条西木屋町喫煙場所,しじょうにしきやまちきつえんばしょ,35.00408873,135.7704163,138,7,,,京都市下京区真町96番地,,京都市,,,http://www.city.kyoto.lg.jp/bunshi/page/0000027498.html,,,,,,,,,,,,,,,,,,,,,,,,,,,,,,,,,,,,
文化市民局,くらし安全推進課,1000001773,新京極公園内喫煙場所,しんきょうごくこうえんないきつえんばしょ,35.00490163,135.7676482,138,4,,,京都市中京区新京極東裏通蛸薬師下る,,京都市,,,http://www.city.kyoto.lg.jp/bunshi/page/0000027498.html,,,,,,,,,,,,,,,,,,,,,,,,,,,,,,,,,,,,
文化市民局,くらし安全推進課,1000001774,清水坂観光駐車場（北側緑地帯内）喫煙場所,きよみずざかかんこうちゅうしゃじょう（きたがわりょくちたいない）きつえんばしょ,34.99652622,135.7800078,138,5,,,京都市東山区清水坂観光駐車場北側緑地帯内,,京都市,,,http://www.city.kyoto.lg.jp/bunshi/page/0000027498.html,,,,,,,,,,,,,,,,,,,,,,,,,,,,,,,,,,,,
文化市民局,くらし安全推進課,1000001775,清水坂観光駐車場（休憩所内）喫煙場所,きよみずざかかんこうちゅうしゃじょう（きゅうけいじょない）きつえんばしょ,34.99611314,135.7800025,138,5,,,京都市東山区清水坂観光駐車場休憩所内,,京都市,,,http://www.city.kyoto.lg.jp/bunshi/page/0000027498.html,,,,,,,,,,,,,,,,,,,,,,,,,,,,,,,,,,,,
文化市民局,くらし安全推進課,1000001776,京都駅北口広場（バスターミナル東）喫煙場所,きょうとえききたぐちひろば（ばすたーみなるひがし）きつえんばしょ,34.9869743,135.7593951,138,7,,,京都市下京区東塩小路町京都駅北口広場内バスターミナル東,,京都市,,,http://www.city.kyoto.lg.jp/bunshi/page/0000027498.html,,,,,,,,,,,,,,,,,,,,,,,,,,,,,,,,,,,,
文化市民局,くらし安全推進課,1000001777,東塩小路公園内喫煙場所,ひがししおこうじこうえんないきつえんばしょ,34.98588764,135.7552175,138,7,,,京都市下京区西洞院通塩小路下る,,京都市,,,http://www.city.kyoto.lg.jp/bunshi/page/0000027498.html,,,,,,,,,,,,,,,,,,,,,,,,,,,,,,,,,,,,
文化市民局,くらし安全推進課,1000001778,山科駅前（バスロータリー北側）喫煙場所,やましなえきまえ（ばすろーたりーきたがわ）きつえんばしょ,34.99197013,135.8171631,138,6,,,京都市山科区山科駅前バスロータリー北側,,京都市,,,http://www.city.kyoto.lg.jp/bunshi/page/0000027498.html,,,,,,,,,,,,,,,,,,,,,,,,,,,,,,,,,,,,
文化市民局,くらし安全推進課,1000001779,京都駅八条東口喫煙場所,きょうとえきはちじょうひがしぐちきつえんばしょ,34.98443067,135.7602815,138,7,,,京都市下京区東塩小路高倉町３３−１,,京都市,,,http://www.city.kyoto.lg.jp/bunshi/page/0000027498.html,,,,,,,,,,,,,,,,,,,,,,,,,,,,,,,,,,,,
文化市民局,くらし安全推進課,1000001780,ＪＲ山科駅前北広場喫煙場所,じぇいあーるやましなえきまえきたひろばきつえんばしょ,34.99215141,135.8168694,138,6,,,京都市山科区山科駅前北広場,,京都市,,,http://www.city.kyoto.lg.jp/bunshi/page/0000027498.html,,,,,,,,,,,,,,,,,,,,,,,,,,,,,,,,,,,,
文化市民局,くらし安全推進課,1000001781,ＪＲ西大路駅南側喫煙場所,じぇいあーるにしおおじえきみなみがわきつえんばしょ,34.9806857,135.7326174,138,8,,,京都市南区唐橋西平垣町１９番地,,京都市,,,http://www.city.kyoto.lg.jp/bunshi/page/0000027498.html,,,,,,,,,,,,,,,,,,,,,,,,,,,,,,,,,,,,
文化市民局,くらし安全推進課,1000001782,高台寺公園内喫煙場所,こうだいじこうえんないきつえんばしょ,34.99958031,135.7800508,138,5,,,京都市東山区下河原高台寺門前下河原町５２６−１,,京都市,,,http://www.city.kyoto.lg.jp/bunshi/page/0000027498.html,,,,,,,,,,,,,,,,,,,,,,,,,,,,,,,,,,,,
文化市民局,くらし安全推進課,1000001783,ＪＲ桂川駅前喫煙場所,じぇいあーるかつらがわえきまえきつえんばしょ,34.96455687,135.7101068,138,8,,,京都市南区久世高田町６−７,,京都市,,,http://www.city.kyoto.lg.jp/bunshi/page/0000027498.html,,,,,,,,,,,,,,,,,,,,,,,,,,,,,,,,,,,,
文化市民局,くらし安全推進課,1000001784,京阪中書島駅前喫煙場所,けいはんちゅうしょじまえきまえきつえんばしょ,34.92698513,135.7600629,138,11,,,京都市伏見区葭島矢倉町５７−３,,京都市,,,http://www.city.kyoto.lg.jp/bunshi/page/0000027498.html,,,,,,,,,,,,,,,,,,,,,,,,,,,,,,,,,,,,
文化市民局,くらし安全推進課,1000001785,京都駅八条西洞院喫煙場所,きょうとえきはちじょうにしのとういんきつえんばしょ,34.98440759,135.7552055,138,8,,,京都市南区西九条北ノ内町４１,,京都市,,,http://www.city.kyoto.lg.jp/bunshi/page/0000027498.html,,,,,,,,,,,,,,,,,,,,,,,,,,,,,,,,,,,,
文化市民局,消費生活総合センター,1000001786,京都市消費生活総合センター,きょうとししょうひせいかつそうごうせんたー,35.01012,135.75146,101,4,商品やサービスの契約トラブルなどの消費生活に関する相談を受け付けています。,604-8588,京都府京都市中京区西堀川通御池下る西三坊堀川町521 中京区総合庁舎3階,,京都市,075-366-1319,075-366-2259,http://kyoto-soudan.jp/,,9:00〜17:00,土・日・祝日・年末年始（12月29日〜1月3日）,,二条城前駅1番出口から堀川通を南へ徒歩3分市バス堀川御池下車すぐ,,一般来庁者向けの駐車場はありません。,,,,,,,,,,,,,,,,,,,,,,,,,,,,,
建設局,みどり政策推進室,1000001787,建設局みどり政策推進室,けんせつきょくみどりせいさくすいしんしつ,35.012224,135.767954,101,4,,604-8571,京都市中京区寺町通御池上る上本能寺前町488　京都市役所　分庁舎３階,,,075-222-4114,,,,,,,,,,,,,,,,,,,,,,,,,,,,,,,,,,,,,,
環境政策局,資源循環推進課,1000001788,環境政策局循環型社会推進部資源循環推進課,かんきょうせいさくきょくじゅんかんがたしゃかいすいしんぶしげんじゅんかんすいしんか,35.01152,135.76869,101,4,,604-8571,京都市中京区寺町通御池上る上本能寺前町488番地,,,075-222-3946,075-213-0453,,,,,,,,,,,,,,,,,,,,,,,,,,,,,,,,,,,,,
環境政策局,まち美化推進課,1000001789,環境政策局循環型社会推進部まち美化推進課,かんきょうせいさくきょくじゅんかんがたしゃかいすいしんぶまちびかすいしんか,35.011642,135.768024,101,4,,604-8571,京都市中京区寺町通御池上る上本能寺前町488番地,,,075-222-3952,075-213-4961,,,,,,,,,,,,,,,,,,,,,,,,,,,,,,,,,,,,,
文化市民局,文化芸術企画課,1000001790,文化市民局文化芸術都市推進室文化芸術企画課,ぶんかしみんきょくぶんかげいじゅつとしすいしんしつぶんかげいじゅつきかくか,35.012888,135.767834,101,4,,604-8571,京都市中京区寺町通御池上る上本能寺前町488,,,075-222-3119,,,,,,,,,,,,,,,,,,,,,,,,,,,,,,,,,,,,,,
文化市民局,文化財保護課,1000001791,文化市民局文化芸術都市推進室文化財保護課,ぶんかしみんきょくぶんかげいじゅつとしすいしんしつぶんかざいほごか,35.01246,135.76774,101,4,,604-8571,京都市中京区寺町通御池上る上本能寺前町488　京都市役所　分庁舎地下1階,,,075-222-3130,,,,,,,,,,,,,,,,,,,,,,,,,,,,,,,,,,,,,,
行財政局,防災危機管理室,1000001793,行財政局防災危機管理室,ぎょうざいせいきょくぼうさいききかんりしつ,35.012888,135.767834,101,4,,604-8571,京都市中京区寺町通御池上る上本能寺前町488,,,075-222-3210,075-212-6790,,,,,,,,,,,,,,,,,,,,,,,,,,,,,,,,,,,,,
総合企画局,デジタル化戦略推進室,1000001794,総合企画局デジタル化戦略推進室,そうごうきかくきょくでじたるかせんりゃくすいしんしつ,35.01242,135.76835,101,4,,604-0931,京都市中京区押小路通河原町西入榎木町450-2　消防局本部庁舎7階,,,075-222-3255,,,,,,,,,,,,,,,,,,,,,,,,,,,,,,,,,,,,,,
保健福祉局,生活福祉課,1000001795,保健福祉局生活福祉部生活福祉課,ほけんふくしきょくせいかつふくしぶせいかつふくしか,35.01056092,135.7674095,101,4,,604-8091,京都市中京区寺町通御池下る下本能寺前町500番地の1　中信御池ビル3階,,,075-251-1175,,,,,,,,,,,,,,,,,,,,,,,,,,,,,,,,,,,,,,
保健福祉局,保険年金課,1000001796,保健福祉局生活福祉部保険年金課,ほけんふくしきょくせいかつふくしぶほけんねんきんか,35.01056092,135.7674095,101,4,,604-8091,京都市中京区寺町通御池下る下本能寺前町500番地の1　中信御池ビル4階,,,075-213-5861,,,,,,,,,,,,,,,,,,,,,,,,,,,,,,,,,,,,,,
保健福祉局,医療衛生企画課,1000001797,保健福祉局医療衛生推進室医療衛生企画課,ほけんふくしきょくいりょうえいせいすいしんしついりょうえいえせいきかくか,35.010468,135.763822,101,4,,604-8091,京都市中京区柳馬場通御池下る柳八幡町６５　京都朝日ビル７階,,,075-222-4245,,,,,,,,,,,,,,,,,,,,,,,,,,,,,,,,,,,,,,
文化市民局,共生社会推進室,1000001798,文化市民局共生社会推進室,ぶんかしみんきょくきょうせいしゃかいすいしんしつ,35.01246,135.76774,101,4,,604-8571,京都市中京区寺町通御池上る上本能寺前町488　京都市役所　分庁舎地下1階,,,075-222-3096,075-366-0139,,,,,,,,,,,,,,,,,,,,,,,,,,,,,,,,,,,,,
文化市民局,市民スポーツ振興室,1000001799,文化市民局市民スポーツ振興室,ぶんかしみんきょくしみんすぽーつしんこうしつ,35.01246,135.76774,101,4,,604-8571,京都市中京区寺町通御池上る上本能寺前町488番地分庁舎地下１階,,,075-222-3134（スポーツ企画担当）、075-222-3135（施設担当）、075-222-3137（スポーツ活動推進担当）、075-222-3138（京都マラソン推進担当）、075-222-3139（ＷＭＧ担当）,,,,8:45〜17:30,土日祝日・振替休日・国民の祝日・12/29〜1/3,,,,,,,,,,,,,,,,,,,,,,,,,,,,,,,,,
環境政策局,施設管理課,1000001800,環境政策局適正処理施設部施設管理課,かんきょうせいさくきょくてきせいしょりしせつぶしせつかんりか,35.01047744,135.7638153,101,4,,604-8101,京都市中京区柳馬場通御池下る柳八幡町65 京都朝日ビル4階,,,075-212-9820,075-212-9826,,,,,,,,,,,,,,,,,,,,,,,,,,,,,,,,,,,,,
環境政策局,施設整備課,1000001801,環境政策局適正処理施設部施設整備課,かんきょうせいさくきょくてきせいしょりしせつぶしせつせいびか,35.01047744,135.7638153,101,4,,604-8101,京都市中京区柳馬場通御池下る柳八幡町65 京都朝日ビル4階,,,075-212-8500,075-212-8504,,,,,,,,,,,,,,,,,,,,,,,,,,,,,,,,,,,,,
保健福祉局,監査指導課,1000001803,保健福祉局保健福祉部監査指導課,ほけんふくしきょくほけんふくしぶかんさしどうか,35.010567,135.767408,101,4,,604-8091,京都市中京区寺町通御池下る下本能寺前町500-1　中信御池ビル5階,,,075-744-1153,,,,,,,,,,,,,,,,,,,,,,,,,,,,,,,,,,,,,,
行財政局,総務事務センター,1000001804,行財政局総務部総務事務センター,ぎょうざいせいきょくそうむぶそうむじむせんたー,35.01047744,135.7638153,101,4,,604-8101,京都市中京区柳馬場通御池下る柳八幡町65 京都朝日ビル8階,,,075-366-0127,,,,,,,,,,,,,,,,,,,,,,,,,,,,,,,,,,,,,,
建設局,市街地整備課,1000001806,建設局都市整備部市街地整備課,けんせつきょくとしせいびぶしがいちせいびか,35.011645,135.768003,101,4,,604-8571,京都市中京区寺町通御池上る上本能寺前町488 京都市役所　分庁舎３階,,,075-222-3580,,,,,,,,,,,,,,,,,,,,,,,,,,,,,,,,,,,,,,
保健福祉局,介護ケア推進課,1000001809,保健福祉局健康長寿のまち・京都推進室介護ケア推進課,ほけんふくしきょくけんこうちょうじゅのまちきょうとすいしんしつかいごけあすいしんか,35.01040714,135.7591188,101,4,,604-8171,京都市中京区烏丸通御池下る虎屋町566番地の1　井門明治安田生命ビル2階,,,075-213-5871,,,,,,,,,,,,,,,,,,,,,,,,,,,,,,,,,,,,,,
子ども若者はぐくみ局,子ども家庭支援課,1000001810,子ども若者はぐくみ局子ども若者未来部子ども家庭支援課,こどもわかものはぐくみきょくこどもわかものみらいぶこどもかていしえんか,35.01040714,135.7591188,101,4,,604-8171,京都市中京区烏丸通御池下る虎屋町566番地の1　井門明治安田生命ビル2階,,,075-746-7625,,,,,,,,,,,,,,,,,,,,,,,,,,,,,,,,,,,,,,
子ども若者はぐくみ局,幼保総合支援室,1000001811,子ども若者はぐくみ局幼保総合支援室,こどもわかものはぐくみきょくようほそうごうしえんしつ,35.01040714,135.7591188,101,4,,604-8171,京都市中京区烏丸通御池下る虎屋町566番地の1　井門明治安田生命ビル3階,,,075-251-2390,,,,,,,,,,,,,,,,,,,,,,,,,,,,,,,,,,,,,,
行財政局,資産税課,1000001814,行財政局税務部資産税課,ぎょうざいせいきょくぜいむぶしさんぜいか,35.0116401,135.7673954,101,4,,604-8571,京都市中京区寺町通御池上る上本能寺前町488　京都市役所　西庁舎3階,,,075-222-3161,,https://www.city.kyoto.lg.jp/gyozai/soshiki/3-7-3-0-0.html,,8:45〜17:30,,,,,,,,,,,,,,,,,,,,,,,,,,,,,,,,,,
行財政局,市税事務所,1000001816,市税事務所（法人諸税室・納税室納税推進担当）,しぜいじむしょ（ほうじんしょぜいしつ・のうぜいしつのうぜいすいしんたんとう）,35.01246,135.76774,101,4,,604-8571,京都市中京区寺町通御池上る上本能寺前町488番地　京都市役所分庁舎地下1階,,,075-222-3699（法人諸税室）075-222-3633（納税室納税推進担当）,,,,,,,,,,,,,,,,,,,,,,,,,,,,,,,,,,,,,,
行財政局,税制課,1000001817,行財政局税務部税制課,ぎょうざいせいきょくぜいむぶぜいせいか,35.01163806,135.7673951,101,4,,604-8571,京都市中京区寺町通御池上る上本能寺前町488　京都市役所　西庁舎3階,,,075-222-3155,,https://www.city.kyoto.lg.jp/gyozai/soshiki/3-7-1-0-0.html,,8:45〜17:30,,,,,,,,,,,,,,,,,,,,,,,,,,,,,,,,,,
行財政局,市税事務所,1000001818,市税事務所（個人市民税担当・固定資産税担当）,しぜいじむしょ（こじんしみんぜいたんとう・こていしさんぜいたんとう）,35.01051698,135.7578152,101,4,【１階】市民税第１担当　中京区担当（746-5819）　北区・上京区担当（746-5824）【３階】市民税第２担当　山科区・伏見区醍醐担当（746-5837）　伏見区・伏見区深草担当（746-5834）【４階】市民税第３担当　右京区担当（746-5843）　西京区・西京区洛西担当（746-5849）市民税第４担当　左京区・東山区担当（746-5863）　下京区・南区担当（746-5872）【５階】固定資産税第１担当　（北区・上京区・左京区担当）　土地担当（746-6431）　家屋担当（746-6432）【６階】固定資産税第２担当　（山科区・伏見区・伏見区深草・　伏見区醍醐担当）　土地担当（746-6436）　家屋担当（746-6437）【７階】固定資産税第３担当　（右京区・西京区・西京区洛西担当）　土地担当（746-6451）　家屋担当（746-6452）【８階】固定資産税第４担当　（中京区・東山区・下京区・南区担当）　土地担当（746-6462）　家屋担当（746-6463）,604-8175,京都市中京区室町通御池南入円福寺町337　ビル葆光（ほうこう）,,,,,,,,,,,,,,,,,,,,,,,,,,,,,,,,,,,,,,,,,
産業観光局,観光MICE推進室,1000001819,産業観光局観光MICE推進室,さんぎょうかんこうきょくかんこうまいすすいしんしつ,35.01187,135.769161,101,4,,604-0924,京都市中京区河原町通二条下る一之船入町384 ヤサカ河原町ビル,,,075-746-2255,,,,,,,,,,,,,,,,,,,,,,,,,,,,,,,,,,,,,,
文化市民局,くらし安全推進課,1000001821,文化市民局くらし安全推進部くらし安全推進課,ぶんかしみんきょくくらしあんぜんすいしんぶくらしあんぜんすいしんか,35.01246,135.76774,101,4,,604-8571,京都市中京区寺町通御池上る上本能寺前町488　京都市役所　分庁舎,,,075-222-3193,,,,,,,,,,,,,,,,,,,,,,,,,,,,,,,,,,,,,,
環境政策局,地球温暖化対策室,1000001822,環境政策局地球温暖化対策室,かんきょうせいさくきょくちきゅうおんだんかたいさくしつ,35.01246,135.76774,101,4,,604-8571,京都市中京区寺町通御池上る上本能寺前町488　京都市役所　本庁舎１階,,,075-222-4555,,,,,,,,,,,,,,,,,,,,,,,,,,,,,,,,,,,,,,
環境政策局,環境総務課,1000001823,環境政策局環境企画部環境総務課,かんきょうせいさくきょくかんきょうきかくぶかんきょうそうむか,35.01246,135.76774,101,4,,604-8571,京都市中京区寺町通御池上る上本能寺前町488　京都市役所　本庁舎１階,,,075-222-3450,,,,,,,,,,,,,,,,,,,,,,,,,,,,,,,,,,,,,,
行財政局,資産イノベーション推進室,1000001825,行財政局資産イノベーション推進室,ぎょうざいせいきょくしさんいのべーしょんすいしんしつ,35.011642,135.768024,101,4,,604-8571,京都市中京区寺町通御池上る上本能寺前町４８８番地,,,075-222-3284,,,,,,,,,,,,,,,,,,,,,,,,,,,,,,,,,,,,,,
上下水道局,総務部総務課,1000001826,京都市上下水道局総合庁舎,きょうとしじょうげすいどうきょくそうごうちょうしゃ,34.971,135.75614,105,8,-,601-8116,京都市南区上鳥羽鉾立町11-3,,,075-672-7706,075-682-2711,http://www.city.kyoto.lg.jp/suido/,,8:30〜17:15,土曜日、日曜日、祝日、12/29〜1/3,,・地下鉄烏丸線「十条駅」から徒歩5分　・近鉄京都線「十条駅」から徒歩8分　・市バス「十条新町」から徒歩5分　・市バス「久世橋通新町」から徒歩4分,,,,,,,,,,,,,,,,,,,,,,,,,,,,,,,
環境政策局,施設管理課,1000001827,西部圧縮梱包施設,せいぶあっしゅくこんぽうしせつ,34.98592609,135.6399429,103,10,,610-1106,京都市西京区大枝沓掛町26,,,075-335-2677,075-333-9088,https://www.city.kyoto.lg.jp/kankyo/page/0000266765.html,,,,,,,,,,,,,,,,,,,,,,,,,,,,,,,,,,,,
教育委員会事務局,総務部　学校事務支援室,1000001828,下京雅小学校,しもぎょうみやびしょうがっこう,34.998343,135.753268,122,7,,600-8488,京都市下京区醒ケ井通松原下る篠屋町59,,,075-353-0008,075-351-0011,http://cms.edu.city.kyoto.jp/weblog/index.php?id=104357,,,,,,,,,,,,,,,,,,,,,,,,,,,,,,,,,,,,
子ども若者はぐくみ局,幼保総合支援室,1000001830,アネラ保育園,あねらほいくえん,35.0544596,135.7484747,113,1,,603-8411,京都市北区紫竹上竹殿町22-3,,,075-492-4584,075-492-4584,,,,,,,,,小規模保育事業所,,,,,,,,,,,,,,,,,,,,,,,,,,,,
子ども若者はぐくみ局,幼保総合支援室,1000001831,ゆりかごWECしおん,ゆりかごうぇっくしおん,35.0400253,135.7573379,113,1,,603-8149,京都市北区小山南上総町14-1,,,075-411-2775,075-411-2885,,,,,,,,,小規模保育事業所,,,,,,,,,,,,,,,,,,,,,,,,,,,,
子ども若者はぐくみ局,幼保総合支援室,1000001832,とうりん幼稚園小規模保育こみち,とうりんようちえんしょうきぼほいくこみち,35.0473744,135.750519,113,1,,603-8204,京都市北区紫竹高縄町43,,,075-492-4717,075-492-6654,,,,,,,,,小規模保育事業所,,,,,,,,,,,,,,,,,,,,,,,,,,,,
子ども若者はぐくみ局,幼保総合支援室,1000001833,にじいろ保育園,にじいろほいくえん,35.0302652,135.7589407,113,2,,602-0023,京都市上京区烏丸通上立売下る御所八幡町110　今出川地下鉄ビル,,,075-432-2416,075-432-2417,,,,,,,,,小規模保育事業所,,,,,,,,,,,,,,,,,,,,,,,,,,,,
子ども若者はぐくみ局,幼保総合支援室,1000001834,あおぞら保育園,あおぞらほいくえん,35.0249407,135.7759702,113,3,,606-8306,京都市左京区吉田中阿達町39-16,,,075-708-6281,075-708-6182,,,,,,,,,,,,,,,,,,,,,,,,,,,,,,,,,,,,,
子ども若者はぐくみ局,幼保総合支援室,1000001835,菊の花幼稚園　小規模保育園　CHIISAKU　小咲,きくのはなようちえんしょうきぼほいくえんちいさく,35.060219,135.792865,113,3,,606-0095,京都市左京区上高野西氷室町1−6,,,075-701-3111,075-744-1230,http://www.kikunohana.com/,,,,,,,,小規模保育事業所,,,,,,,,,,,,,,,,,,,,,,,,,,,,
子ども若者はぐくみ局,幼保総合支援室,1000001836,リトルベアーナーサリー,りとるべあーなーさりー,35.0491131,135.7704425,113,3,,606-0835,京都市左京区下鴨神殿町20-2,,,075-746-3648,075-746-3689,,,,,,,,,小規模保育事業所,,,,,,,,,,,,,,,,,,,,,,,,,,,,
子ども若者はぐくみ局,幼保総合支援室,1000001837,吉田こじかナーサリースクール,よしだこじかなーさりーすくーる,35.0246713,135.7842724,113,3,,606-8312,京都市左京区吉田上大路町36,,,075-761-0051,075-761-0034,,,,,,,,,小規模保育事業所,,,,,,,,,,,,,,,,,,,,,,,,,,,,
子ども若者はぐくみ局,幼保総合支援室,1000001838,菊の花幼稚園　事業所内保育園　TEKUTEKU　てくてく,きくのはなようちえんじぎょうしょないほいくえんてくてく,35.0600202,135.7932737,113,3,,606-0094,京都市左京区上高野東氷室町3,,,075-701-3111,-,http://www.kikunohana.com/,,,,,,,,事業所内保育事業所,,,,,,,,,,,,,,,,,,,,,,,,,,,,
子ども若者はぐくみ局,幼保総合支援室,1000001839,中京みぎわ園,なかぎょうみぎわえん,35.0082389,135.739182,113,4,,604-8861,京都市中京区壬生神明町1-13,,,075-432-8534,075-432-8535,,,,,,,,,,,,,,,,,,,,,,,,,,,,,,,,,,,,,
子ども若者はぐくみ局,幼保総合支援室,1000001840,あだちほいくえん,あだちほいくえん,35.0130135,135.7614782,113,4,,604-0832,京都市中京区間之町二条下る鍵屋町471,,,075-221-7588,075-221-7588,http://www.adachi-hospital.com/childcare/nursery/,,,,,,,,小規模保育事業所,,,,,,,,,,,,,,,,,,,,,,,,,,,,
子ども若者はぐくみ局,幼保総合支援室,1000001841,御所南ほいくえん,ごしょみなみほいくえん,35.01339481,135.7625279,113,4,,604-0827,京都市中京区高倉通二条下る瓦町539　コーポ高倉１階,,,075-256-0895,075-708-3298,,,,,,,,,小規模保育事業所,,,,,,,,,,,,,,,,,,,,,,,,,,,,
子ども若者はぐくみ局,幼保総合支援室,1000001842,ＢＡＢＹ　ＨＯＵＳＥ,べいびーはうす,35.005832,135.766261,113,4,,604-8051,京都市中京区御幸町通蛸薬師下る船屋町371　グランシャリオ勝屋1階,,,075-754-8324,075-754-8383,http://www.baby-house.jp/,,,,,,,,小規模保育事業所,,,,,,,,,,,,,,,,,,,,,,,,,,,,
子ども若者はぐくみ局,幼保総合支援室,1000001843,洛陽幼稚園小規模保育クラスまるべり,らくようようちえんしょうきぼほいくくらすまるべり,35.01756,135.7286465,113,4,,604-8475,京都市中京区西ノ京中御門西町18-1,,,075-802-2200,075-802-2201,,,,,,,,,小規模保育事業所,,,,,,,,,,,,,,,,,,,,,,,,,,,,
子ども若者はぐくみ局,幼保総合支援室,1000001844,こどもの杜保育園すくすく,こどものもりほいくえんすくすく,35.0135278,135.7633992,113,4,,604-0821,京都市中京区二条通柳馬場西入観音町88-1デトム・ワン烏丸二条1階,,,075-746-6322,075-746-6322,,,,,,,,,小規模保育事業所,,,,,,,,,,,,,,,,,,,,,,,,,,,,
子ども若者はぐくみ局,幼保総合支援室,1000001845,からすま御池保育園,からすまおいけほいくえん,35.011342,135.760074,113,4,,604-0845,京都市中京区烏丸通御池上ル二条殿町546-2,,,075-744-0626,075-744-0642,,,,,,,,,小規模保育事業所,,,,,,,,,,,,,,,,,,,,,,,,,,,,
子ども若者はぐくみ局,幼保総合支援室,1000001846,学校法人泉涌寺学園　泉山幼稚園　保育部　どんぐり,がっこうほうじんせんにゅうじがくえんせんざんようちえんほいくぶどんぐり,34.9805952,135.7785369,113,5,,605-0977,京都市東山区泉涌寺山内町21,,,075-525-0021,075-525-3745,,,,,,,,,小規模保育事業所,,,,,,,,,,,,,,,,,,,,,,,,,,,,
子ども若者はぐくみ局,幼保総合支援室,1000001847,清水台幼稚園小規模保育つぼみ,きよみずだいようちえんしょうきぼほいくつぼみ,34.9644226,135.8029925,113,6,,607-8239,京都市山科区観修寺丸山町1-126,,,075-592-6052,075-592-6070,,,,,,,,,小規模保育事業所,,,,,,,,,,,,,,,,,,,,,,,,,,,,
子ども若者はぐくみ局,幼保総合支援室,1000001848,ほほえみ保育園　山科園,ほほえみほいくえんやましなえん,34.9908283,135.8164049,113,6,,607-8080,京都市山科区竹鼻竹ノ街道町39-1　リベロ上田1階,,,075-501-0840,075-501-0840,,,,,,,,,小規模保育事業所,,,,,,,,,,,,,,,,,,,,,,,,,,,,
子ども若者はぐくみ局,幼保総合支援室,1000001849,アヴェ・マリア小規模保育部　マミータ,あう゛ぇ・まりあしょうきぼほいくぶまみーた,34.9907309,135.8082948,113,6,,607-8415,京都市山科区御陵中筋町3,,,075-592-6404,075-592-6406,,,,,,,,,小規模保育事業所,,,,,,,,,,,,,,,,,,,,,,,,,,,,
子ども若者はぐくみ局,幼保総合支援室,1000001850,洛東幼稚園小規模保育めばえ,らくとうようちえんしょうきぼほいくめばえ,34.9841594,135.8087919,113,6,,607-8348,京都市山科区西野広見町1-4,,,075-592-3031,075-591-9735,,,,,,,,,小規模保育事業所,,,,,,,,,,,,,,,,,,,,,,,,,,,,
子ども若者はぐくみ局,幼保総合支援室,1000001851,家庭的保育事業おとわ乳児園,かていてきほいくじぎょうおとわにゅうじえん,34.9834627,135.824629,113,6,,607-8068,京都市山科区音羽稲芝42-43,,,075-595-6795,075-595-6795,,,,,,,,,家庭的保育事業所,,,,,,,,,,,,,,,,,,,,,,,,,,,,
子ども若者はぐくみ局,幼保総合支援室,1000001852,洛和若草保育園,らくわわかくさほいくえん,34.9884705,135.8290759,113,6,,607-8061,京都市山科区音羽草田町58-1,,,075-593-4101,075-593-4101,,,,,,,,,事業所内保育事業所,,,,,,,,,,,,,,,,,,,,,,,,,,,,
子ども若者はぐくみ局,幼保総合支援室,1000001853,西七条保育園分園,にしななじょうほいくえんぶんえん,34.9912791,135.7292219,113,7,,600-8887,京都市下京区西七条名倉町21-108、109,,,075-313-1570,075-315-9759,,,,,,,,,,,,,,,,,,,,,,,,,,,,,,,,,,,,,
子ども若者はぐくみ局,幼保総合支援室,1000001854,チャイルドハウス石ヶ坪,ちゃいるどはうすいしがつぼ,34.9927874,135.7348908,113,7,,600-8895,京都市下京区西七条東石ヶ坪町32,,南　道雄,075-203-0363,075-203-0363,,,,,,,,,小規模保育事業所,,,,,,,,,,,,,,,,,,,,,,,,,,,,
子ども若者はぐくみ局,幼保総合支援室,1000001855,こどもの杜保育園ぽかぽか,こどものもりほいくえんぽかぽか,34.99701839,135.7660845,113,7,,600-8040,京都市下京区御幸町通五条上る安土町626　井忠ビル1階,,,075-371-4788,075-371-4788,,,,,,,,,小規模保育事業所,,,,,,,,,,,,,,,,,,,,,,,,,,,,
子ども若者はぐくみ局,幼保総合支援室,1000001856,アソカ幼稚園小規模保育うめこうじ,あそかようちえんしょうきぼほいくうめこうじ,34.9885935,135.7400404,113,7,,600-8844,京都市下京区朱雀裏畑町33,,,075-313-2878,075-313-2850,,,,,,,,,小規模保育事業所,,,,,,,,,,,,,,,,,,,,,,,,,,,,
子ども若者はぐくみ局,幼保総合支援室,1000001857,ちいさなおうち保育園,ちいさなおうちほいくえん,34.99956713,135.7516944,113,7,,600-8486,京都市下京区西堀川高辻通下る高辻堀川町365,,,075-841-7727,075-841-7727,,,,,,,,,小規模保育事業所,,,,,,,,,,,,,,,,,,,,,,,,,,,,
子ども若者はぐくみ局,幼保総合支援室,1000001858,随林寺小規模保育園ずいりんじ保育ルーム,ずいりんじしょうきぼほいくえんずいりんじほいくるーむ,34.9767092,135.753926,113,8,,601-8432,京都市南区西九条東島町15-1,,,075-672-0408,075-681-8888,,,,,,,,,小規模保育事業所,,,,,,,,,,,,,,,,,,,,,,,,,,,,
子ども若者はぐくみ局,幼保総合支援室,1000001859,十条たけだ保育園,じゅうじょうたけだほいくえん,34.971359,135.7414403,113,8,,601-8107,京都市南区上鳥羽南唐戸町2,,,075-661-2312,075-661-2317,,,,,,,,,事業所内保育事業所,,,,,,,,,,,,,,,,,,,,,,,,,,,,
子ども若者はぐくみ局,幼保総合支援室,1000001860,ＭＩＧＮＯＮ　ＫＩＮＵＧＡＳＡ,みにょんきぬがさ,34.9996809,135.7182562,113,9,,615-0055,京都市右京区西院西田町26ABSビル1階,,,075-754-6011,075-754-6021,http://www.dai5kyo.or.jp/mignon/,,,,,,,,小規模保育事業所,,,,,,,,,,,,,,,,,,,,,,,,,,,,
子ども若者はぐくみ局,幼保総合支援室,1000001861,ニチイキッズ葛野三条保育園,にちいきっずかどのさんじょうほいくえん,35.00886383,135.7193711,113,9,,615-0095,京都市右京区山ノ内西八反田町5-1　シャーメゾンＪＪ1階,,,075-803-6850,075-803-6851,,,,,,,,,小規模保育事業所,,,,,,,,,,,,,,,,,,,,,,,,,,,,
子ども若者はぐくみ局,幼保総合支援室,1000001862,小規模保育園　いけした,しょうきぼほいくえんいけした,35.021593,135.686836,113,9,,616-8355,京都市右京区嵯峨新宮町9−21,,,075-872-2165,075-864-0611,,,,,,,,,小規模保育事業所,,,,,,,,,,,,,,,,,,,,,,,,,,,,
子ども若者はぐくみ局,幼保総合支援室,1000001863,京都にじこども園プチ,きょうとにじこどもえんぷち,34.9940641,135.7030738,113,10,,615-8003,京都市西京区桂上野東町213,,,075-382-3222,075-382-3222,http://www.katsuragawahoikuen.com/,,,,,,,,,,,,,,,,,,,,,,,,,,,,,,,,,,,,
子ども若者はぐくみ局,幼保総合支援室,1000001864,こぐま上野保育園分園,こぐまかみのほいくえんぶんえん,34.9969071,135.6993204,113,10,,615-8006,京都市西京区桂上野西町111,,,075-925-5394,-,http://koguma-hoikuen.com/,,,,,,,,,,,,,,,,,,,,,,,,,,,,,,,,,,,,
子ども若者はぐくみ局,幼保総合支援室,1000001865,月見ヶ丘こどもの家,つきみがおかこどものいえ,34.9786911,135.6963193,113,10,,615-8195,京都市西京区川島権田町35,,,075-381-6434,075-381-2580,,,,,,,,,認定こども園,,,,,,,,,,,,,,,,,,,,,,,,,,,,
子ども若者はぐくみ局,幼保総合支援室,1000001866,まめのき保育園,まめのきほいくえん,34.9824012,135.6921387,113,10,,615-8237,京都市西京区山田中吉見町7-1,,,075-393-0100,075-393-0101,,,,,,,,,,,,,,,,,,,,,,,,,,,,,,,,,,,,,
子ども若者はぐくみ局,幼保総合支援室,1000001867,洛和桂小規模保育園,らくわかつらしょうきぼほいくえん,34.9734388,135.6982802,113,10,,615-8125,京都市西京区川島調子町35-1,,,075-383-8162,075-383-8163,,,,,,,,,小規模保育事業所,,,,,,,,,,,,,,,,,,,,,,,,,,,,
子ども若者はぐくみ局,幼保総合支援室,1000001869,とも乳児保育室,ともにゅうじほいくしつ,34.9761052,135.6956166,113,10,,615-8186,京都市西京区樫原佃2‐31,,,075-381-6730,075-381-6730,,,,,,,,,小規模保育事業所,,,,,,,,,,,,,,,,,,,,,,,,,,,,
子ども若者はぐくみ局,幼保総合支援室,1000001870,おひさま乳児保育室,おひさまにゅうじほいくしつ,34.9806076,135.6937251,113,10,,615-8236,京都市西京区山田大吉見町3-5レワード桂101,,,075-925-9278,075-925-9278,,,,,,,,,小規模保育事業所,,,,,,,,,,,,,,,,,,,,,,,,,,,,
子ども若者はぐくみ局,幼保総合支援室,1000001871,こよりほいくえん,こよりほいくえん,34.9798826,135.7012466,113,10,,615-8074,京都市西京区桂南巽町137-1,,,075-382-0895,075-382-0896,,,,,,,,,小規模保育事業所,,,,,,,,,,,,,,,,,,,,,,,,,,,,
子ども若者はぐくみ局,幼保総合支援室,1000001872,小規模保育園　三ノ宮,しょうきぼほいくえんさんのみや,34.9721278,135.6903699,113,10,,615-8151,京都市西京区樫原杉原町20,,,075-391-3899,075-393-0507,,,,,,,,,小規模保育事業所,,,,,,,,,,,,,,,,,,,,,,,,,,,,
子ども若者はぐくみ局,幼保総合支援室,1000001873,みらい保育園,みらいほいくえん,34.9793338,135.7106185,113,10,,615-8025,京都市西京区桂稲荷山町67　ドムス桂101号,,,075-381-0730,075-381-0830,,,,,,,,,小規模保育事業所,,,,,,,,,,,,,,,,,,,,,,,,,,,,
子ども若者はぐくみ局,幼保総合支援室,1000001874,かつら東口保育園,かつらひがしぐちほいくえん,34.980966,135.703911,113,10,,615-8073,京都市西京区桂野里町31-22,,,075-950-0565,075-950-0965,,,,,,,,,小規模保育事業所,,,,,,,,,,,,,,,,,,,,,,,,,,,,
子ども若者はぐくみ局,幼保総合支援室,1000001876,あすか保育園,あすかほいくえん,34.9399209,135.7651622,113,11,,612-8085,京都市伏見区京町南8丁目101-1,,,075-632-9079,075-200-6124,,,,,,,,,小規模保育事業所,,,,,,,,,,,,,,,,,,,,,,,,,,,,
子ども若者はぐくみ局,幼保総合支援室,1000001877,京町保育園,きょうまちほいくえん,34.9344214,135.764951,113,11,,612-8087,京都市伏見区京町大黒町118-8,,,075-623-5005,075-623-5051,http://r-nikkei.sakura.ne.jp/nursery/,,,,,,,,小規模保育事業所,,,,,,,,,,,,,,,,,,,,,,,,,,,,
子ども若者はぐくみ局,幼保総合支援室,1000001878,ほほえみ保育園　竹田園,ほほえみほいくえんたけだえん,34.9595077,135.7568302,113,11,,612-8414,京都市伏見区竹田段川原町190アヴニール・パレ103,,,075-641-0707,075-641-0707,,,,,,,,,小規模保育事業所,,,,,,,,,,,,,,,,,,,,,,,,,,,,
子ども若者はぐくみ局,幼保総合支援室,1000001879,ConoCo　桃山のおうち,このこ　ももやまのおうち,34.933138,135.762812,113,11,,612-8053,京都市伏見区東大手町749　フロムイースト3階,,,075-621-2602,075-621-2602,,,,,,,,,小規模保育事業所,,,,,,,,,,,,,,,,,,,,,,,,,,,,
子ども若者はぐくみ局,幼保総合支援室,1000001880,ConoCo　京町のおうち,このこ　きょうまちのおうち,34.9315987,135.7650036,113,11,,612-8083,京都市伏見区京町2丁目206-1,,,075-621-2602,075-621-2602,,,,,,,,,小規模保育事業所,,,,,,,,,,,,,,,,,,,,,,,,,,,,
子ども若者はぐくみ局,幼保総合支援室,1000001881,ヤクルトきっずすく〜るマムズ,やくるときっずすく〜るまむず,34.9507556,135.7483002,113,11,,612-8459,京都市伏見区中島鳥羽離宮町21,,,075-622-8680,075-612-5068,,,,,,,,,小規模保育事業所,,,,,,,,,,,,,,,,,,,,,,,,,,,,
子ども若者はぐくみ局,幼保総合支援室,1000001882,にじの木保育園　墨染ルーム,にじのきほいくえんすみぞめるーむ,34.9474648,135.7707675,113,11,,612-0045,京都市伏見区深草石橋町9-1,,,075-205-3331,075-205-3330,,,,,,,,,小規模保育事業所,,,,,,,,,,,,,,,,,,,,,,,,,,,,
子ども若者はぐくみ局,幼保総合支援室,1000001883,第三あけぼの保育園,だいさんあけぼのほいくえん,34.9420852,135.7865965,113,11,,612-0833,京都市伏見区深草大亀谷岩山町147,,,075-634-8376,075-634-8377,,,,,,,,,小規模保育事業所,,,,,,,,,,,,,,,,,,,,,,,,,,,,
子ども若者はぐくみ局,幼保総合支援室,1000001884,にじの木保育園　藤森ルーム,にじのきほいくえんふじのもりるーむ,34.9558418,135.7714871,113,11,,612-0889,京都市伏見区深草直違橋3-391ラ・フィーネ藤森1F,,,075-634-9181,075-634-9181,,,,,,,,,小規模保育事業所,,,,,,,,,,,,,,,,,,,,,,,,,,,,
教育委員会事務局,総務部　学校事務支援室,1000001885,御所東小学校,ごしょひがししょうがっこう,35.0182455,135.7687077,122,2,,602-0876,京都市上京区新烏丸通丸太町上る錦砂町290番地の2,,,075-211-8477,075-211-8478,http://cms.edu.city.kyoto.jp/weblog/index.php?id=102759,,,,,,,,,,,,,,,,,,,,,,,,,,,,,,,,,,,,
文化市民局,くらし安全推進課,1000001886,京都駅みやこ夢てらす喫煙場所,きょうとえきみやこゆめてらすきつえんばしょ,34.98430901,135.7581363,138,8,,,京都市南区東九条上殿田町他　地先　みやこ夢てらす,,京都市,,,http://www.city.kyoto.lg.jp/bunshi/page/0000027498.html,,,,,,,,,,,,,,,,,,,,,,,,,,,,,,,,,,,,
文化市民局,くらし安全推進課,1000001887,京都駅八条西口喫煙場所,きょうとえきはちじょうにしぐちきつえんばしょ,34.98432879,135.7581041,138,8,,,京都市南区東九条上殿田町他　地先　拠点広場下,,京都市,,,http://www.city.kyoto.lg.jp/bunshi/page/0000027498.html,,,,,,,,,,,,,,,,,,,,,,,,,,,,,,,,,,,,
文化市民局,くらし安全推進課,1000001888,京都駅サンクンガーデン前喫煙場所,きょうとえきさんくんがーでんまえきつえんばしょ,34.9840958,135.7603905,138,8,,,京都市南区東九条西山王町３１　地先　貸切バス乗降場西,,京都市,,,http://www.city.kyoto.lg.jp/bunshi/page/0000027498.html,,,,,,,,,,,,,,,,,,,,,,,,,,,,,,,,,,,,
文化市民局,くらし安全推進課,1000001889,京都駅北口広場（タクシープール東）喫煙場所,きょうとえききたぐちひろば（たくしーぷーるひがし）きつえんばしょ,34.98665782,135.760116,138,7,,,京都市下京区東塩小路町　京都駅北口広場内タクシープール東,,京都市,,,http://www.city.kyoto.lg.jp/bunshi/page/0000027498.html,,,,,,,,,,,,,,,,,,,,,,,,,,,,,,,,,,,,
文化市民局,文化財保護課,1000001890,旧三井家下鴨別邸,きゅうみついけしもがもべってい,35.032072,135.771968,131,3,旧三井家下鴨別邸は、下鴨神社の南に位置し、三井家11家の共有の別邸として三井北家（総領家）第10代の三井八郎右衞門高棟（たかみね）によって建築されました。この地には明治42年（1909）に三井家の祖霊社である顕名霊社（あきなれいしゃ）が遷座され、その参拝の際の休憩所とするため、大正14年（1925）に建築されたのが現在の旧邸です。建築に際しては、木屋町三条上るにあった三井家の木屋町別邸が主屋として移築されました。近代京都で初期に建設された主屋を中心として、大正期までに整えられた大規模別邸の屋敷構えが良好に保存されており、高い歴史的価値を有していることから平成23年に重要文化財に指定されました。,606-0801 ,京都市左京区下鴨宮河町58-2,,旧三井家下鴨別邸運営コンソーシアム,075-366-4321 ,075-708-8321,https://ja.kyoto.travel/tourism/article/mitsuike/,貸室（詳しくは旧三井家下鴨別邸までお問合せ下さい。）,9:00〜17:00（入場は16:30まで）,12/29〜12/31、水曜日（祝日の場合は開館、翌平日休館）,一般　500円、中学・高校生及び高等専門学校生　300円、小学生　200円貸室の利用料は、HPをご確認ください。,・市バス1・37・205系統「葵橋西詰」下車、徒歩約5分・市バス1・3・4・17・201・203・102系統「出町柳駅前」下車、徒歩約5分・京阪電車・叡山電鉄「出町柳」駅下車、徒歩約5分,入場は予約不要。貸室の使用申込みは旧三井家下鴨別邸（075-366-4321）へ（受付は6箇月前から）,公共交通機関をご利用ください。,,,,,,,,,,,,,,,,,,,,,,,,,,,,,
子ども若者はぐくみ局,はぐくみ創造推進室,1000001891,子ども若者はぐくみ局はぐくみ創造推進室,こどもわかものはぐくみきょくはぐくみそうぞうすいしんしつ,35.011229,135.759172,101,4,,604-0845,京都市中京区烏丸通御池上る二条殿町552番地明治安田生命京都ビル4階,,,075-251-8993,,,,,,,,,,,,,,,,,,,,,,,,,,,,,,,,,,,,,,
子ども若者はぐくみ局,育成推進課,1000001892,子ども若者はぐくみ局子ども若者未来部育成推進課,こどもわかものはぐくみきょくこどもわかものみらいぶいくせいすいしんか,35.01040714,135.7591188,101,4,,604-8171,京都市中京区烏丸通御池下る虎屋町566番地の1　井門明治安田生命ビル2階,,,075-746-7610,,,,,,,,,,,,,,,,,,,,,,,,,,,,,,,,,,,,,,
教育委員会事務局,教育環境整備室,1000001893,堀川御池ギャラリー,ほりかわおいけぎゃらりー,35.011776,135.752757,131,4,,604-0052,京都市中京区油小路通御池押油小路町238-１ ,,,075-255-9023,075-255-9023,http://hall-gallery.horion.ed.jp/,,,,,,,,,,,,,,,,,,,,,,,,,,,,,,,,,,,,
子ども若者はぐくみ局,子ども家庭支援課,1000001894,京都市子ども保健医療相談・事故防止センター,きょうとしこどもほけんいりょうそうだんじこぼうしせんたー,35.01782,135.75589,115,4,京 (みやこ) あんしんこども館は、子育てがより安心安全にできる社会を築いていくため、子どもたちの疾病や成長といった育児上の保健医療に関する不安や悩みについての相談や、子どもの事故に関する調査研究、事故防止の普及・啓発を行っています。,604-0091,京都市中京区釜座通丸太町上る梅屋町174-3,,京都第二赤十字病院（指定管理）,075-231-8002075-231-8005（相談専用）,075-231-8003,https://anshinkodomokan.jp/,,午前１０時〜午後６時,毎週月曜日（祝日の場合翌日）、年末年始（12月29日〜1月3日）,無料,地下鉄烏丸線「丸太町駅」から２番出口徒歩約５分市バス「府庁前」下車すぐ,講習会等についてはホームページを御覧ください。,,京（みやこ）あんしんこども館,,,,,,,,,,,,,,,,,,,,,,,,,,,,
子ども若者はぐくみ局,育成推進課,1000001895,音羽児童館,おとわじどうかん,34.98562,135.82389,114,6,詳細はホームページを御覧ください。,607-8066,京都市山科区音羽森廻リ町３４番地の５,,（福）洛和福祉会,075-582-8818,075-582-8822,http://www.city.kyoto.lg.jp/hagukumi/page/0000032934.html,遊戯室、育成室、図書室等,10:00〜18:30※学童クラブ事業月〜金：放課後〜18:30土：8:00〜18:30,日曜日、祝日、年末年始（12/29〜1/2）,詳細はホームページを御覧ください。,,直接施設へお越しください。（活動内容によっては事前の申込みが必要な場合もあります。）,,,,,,,,,,,,,,,,,,,,,,,,,,,,,,
子ども若者はぐくみ局,育成推進課,1000001896,伏見板橋児童館,ふしみいたはしじどうかん,34.93747,135.76028,114,11,詳細はホームページを御覧ください。,612-8065,京都市伏見区御駕籠町９１番地,,（福）フジの会,075-604-6601,075-604-6631,http://www.city.kyoto.lg.jp/hagukumi/page/0000032935.html,遊戯室、育成室、図書室等,10:00〜18:30※学童クラブ事業月〜金：放課後〜18:30土：8:00〜18:30,日曜日、祝日、年末年始（12/29〜1/3）,詳細はホームページを御覧ください。,,直接施設へお越しください。（活動内容によっては事前の申込みが必要な場合もあります。）,,,,,,,,,,,,,,,,,,,,,,,,,,,,,,
消防局,総務課,1000001897,上鳥羽消防出張所,かみとばしょうぼうしゅっちょうじょ,34.9542,135.7333,106,8,,601-8166,京都市南区上鳥羽塔ノ森下開ノ内94-4京都市消防活動総合センター管理棟内,,,075-691-5220,,,,,,,,,,,,,,,,,,,,,,,,,,,,,,,,,,,,,,
消防局,総務課,1000001898,西勧修寺消防出張所,にしかんしゅうじしょうぼうしゅっちょうじょ,34.956079,135.789438,106,6,,612-0838,伏見区深草神明講谷町2番地の1,,,075-641-0119,,,,,,,,,,,,,,,,,,,,,,,,,,,,,,,,,,,,,,
教育委員会事務局,総務部　学校事務支援室,1000001899,向島秀蓮小中学校,むかいじましゅうれんしょうちゅうがっこう,34.918729,135.769597,139,11,,612-8141,京都市伏見区向島二ノ丸町151-28,,,075-611-3346,075-611-1214,,,,,,,,,,,,,,,,,,,,,,,,,,,,,,,,,,,,,
子ども若者はぐくみ局,幼保総合支援室,1000001900,認定こども園　ふたば幼稚園,にんていこどもえん　ふたばようちえん,35.041346,135.788549,113,3,,606-8173,京都市左京区一乗寺梅ノ木町63,,,701-0191,,,,,,,,,,,,,,,,,,,,,,,,,,,,,,,,,,,,,,
子ども若者はぐくみ局,幼保総合支援室,1000001901,永興開智こども園,えいこうかいちこどもえん,35.000992,135.766134,113,7,,600-8044,京都市下京区御幸町通仏光寺下る橘町437-2,,,708-5991,,,,,,,,,,,,,,,,,,,,,,,,,,,,,,,,,,,,,,
子ども若者はぐくみ局,幼保総合支援室,1000001902,YMCA三条保育園,わいえむしーえーさんじょうほいくえん,35.008463,135.764182,113,4,,604-8083,京都市中京区三条通柳馬場東入中之町2,,,254-8131,,,,,,,,,,,,,,,,,,,,,,,,,,,,,,,,,,,,,,
子ども若者はぐくみ局,幼保総合支援室,1000001903,御所の杜ほいくえん,ごしょのもりほいくえん,35.013087,135.764065,113,4,,604-0956,京都市中京区柳馬場通二条下る等持寺町15,,,257-3500,,,,,,,,,,,,,,,,,,,,,,,,,,,,,,,,,,,,,,
子ども若者はぐくみ局,幼保総合支援室,1000001904,大谷園林保育園,おおたにおんりんほいくえん,34.988717,135.756978,113,7,,600-8216,京都市下京区烏丸通七条下ル東塩小路町590-13,,,365-5220,,,,,,,,,,,,,,,,,,,,,,,,,,,,,,,,,,,,,,
子ども若者はぐくみ局,幼保総合支援室,1000001905,桜の杜つばさ保育園,さくらのもりつばさほいくえん,34.979054,135.709252,113,10,,615-8026,京都市西京区桂市ノ前町１１８−１,,,382-0283,,,,,,,,,,,,,,,,,,,,,,,,,,,,,,,,,,,,,,
子ども若者はぐくみ局,幼保総合支援室,1000001906,ももやま白菊保育園,ももやましらぎくほいくえん,34.94175,135.771907,113,11,,612-0855,京都市伏見区桃山町永井久太郎69-1,,,622-8681,,,,,,,,,,,,,,,,,,,,,,,,,,,,,,,,,,,,,,
子ども若者はぐくみ局,幼保総合支援室,1000001907,京都聖母学院保育園,きょうとせいぼがくいんほいくえん,34.95816,135.772498,113,11,,612-0878,京都市伏見区深草田谷町1,,,641-0531,,,,,,,,,,,,,,,,,,,,,,,,,,,,,,,,,,,,,,
子ども若者はぐくみ局,幼保総合支援室,1000001908,認可保育園　こども芸術大学,にんかほいくえん　こどもげいじゅつだいがく,35.037807,135.793411,113,3,,606-8271,京都市左京区北白川瓜生山2-116,,,791-9120,,,,,,,,,,,,,,,,,,,,,,,,,,,,,,,,,,,,,,
子ども若者はぐくみ局,幼保総合支援室,1000001909,かつらのもり保育園,かつらのもりほいくえん,34.985421,135.698082,113,10,,615-8086,京都市西京区桂乾町51,,,382-3935,,,,,,,,,,,,,,,,,,,,,,,,,,,,,,,,,,,,,,
子ども若者はぐくみ局,幼保総合支援室,1000001910,かも保育ルーム,かもほいくるーむ,35.056226,135.754681,113,1,,603-8066,京都市北区上賀茂池殿町59,,,585-5958,,,,,,,,,,,,,,,,,,,,,,,,,,,,,,,,,,,,,,
子ども若者はぐくみ局,幼保総合支援室,1000001911,ののはな保育園,ののはなほいくえん,35.042193,135.754309,113,1,,603-8167,京都市北区小山西大野町37,,,354-6927,,,,,,,,,,,,,,,,,,,,,,,,,,,,,,,,,,,,,,
子ども若者はぐくみ局,幼保総合支援室,1000001912,Bambi House,ばんびはうす,35.028856,135.757487,113,2,,602-0931,京都市上京区今出川通室町西入掘出シ町307番地2 メゾン・ド・リュート１Ｆ,,,441-0077,,,,,,,,,,,,,,,,,,,,,,,,,,,,,,,,,,,,,,
子ども若者はぐくみ局,幼保総合支援室,1000001913,ふたば幼稚園小規模保育　ふたば保育ルーム,ふたばようちえんしょうきぼほいく　ふたばほいくるーむ,35.040853,135.784,113,3,,606-8181,京都市左京区一乗寺地蔵本町１−２カーサ大石１階,,,721-1977,,,,,,,,,,,,,,,,,,,,,,,,,,,,,,,,,,,,,,
子ども若者はぐくみ局,幼保総合支援室,1000001914,天授ヶ岡幼稚園　小規模保育べテスタ,てんじゅがおかようちえん　しょうきぼほいくべてすた,35.027933,135.718827,113,9,,616-8021,京都市右京区花園天授ヶ岡町10-17,,,461-3407,,,,,,,,,,,,,,,,,,,,,,,,,,,,,,,,,,,,,,
子ども若者はぐくみ局,幼保総合支援室,1000001915,りんどう保育園,りんどうほいくえん,35.004039,135.708071,113,9,,615-0907,京都市右京区梅津段町41-2   ドーム・シシャスーチェ梅津1階,,,950-2020,,,,,,,,,,,,,,,,,,,,,,,,,,,,,,,,,,,,,,
子ども若者はぐくみ局,幼保総合支援室,1000001916,西院ルンビニ保育園,さいいんるんびにほいくえん,35.002164,135.731114,113,9,,615-0027,京都市右京区西院西三蔵町9-1Connect西院　2F,,,325-0285,,,,,,,,,,,,,,,,,,,,,,,,,,,,,,,,,,,,,,
子ども若者はぐくみ局,幼保総合支援室,1000001917,伏見いろどり保育園,ふしみいろどりほいくえん,34.947724,135.768313,113,11,,612-0051,京都市伏見区墨染町720　かのこビル2階,,,748-6101,,,,,,,,,,,,,,,,,,,,,,,,,,,,,,,,,,,,,,
子ども若者はぐくみ局,幼保総合支援室,1000001918,にじのうた保育園,にじのうたほいくえん,35.016154,135.747838,113,2,,602-8144,京都市上京区竹屋町通日暮東入藁屋町535-125,,,823-6041,,,,,,,,,,,,,,,,,,,,,,,,,,,,,,,,,,,,,,
子ども若者はぐくみ局,幼保総合支援室,1000001919,あいのまち保育園,あいのまちほいくえん,35.01131,135.761838,113,4,,604-0834,京都市中京区高田町509-3,,,746-2018,,,,,,,,,,,,,,,,,,,,,,,,,,,,,,,,,,,,,,
子ども若者はぐくみ局,幼保総合支援室,1000001920,自然幼稚園小規模保育こみのりくらぶ,しぜんようちえんしょうきぼほいくこみのりくらぶ,35.014838,135.70798,113,9,,616-8161,京都市右京区太秦東蜂岡町5番地,,,881-0206,,,,,,,,,,,,,,,,,,,,,,,,,,,,,,,,,,,,,,
子ども若者はぐくみ局,幼保総合支援室,1000001921,かつらのさとナースリースクール,かつらのさとなーすりーすくーる,34.985651,135.697884,113,10,,615-8086,京都市西京区桂乾町57−3,,,381-0375,,,,,,,,,,,,,,,,,,,,,,,,,,,,,,,,,,,,,,
子ども若者はぐくみ局,幼保総合支援室,1000001922,ほほえみ保育園西大路園,ほほえみほいくえんにしおおじえん,34.992824,135.731127,113,7,,600-8881,京都市下京区西七条掛越町13,,,315-8181,,,,,,,,,,,,,,,,,,,,,,,,,,,,,,,,,,,,,,
子ども若者はぐくみ局,幼保総合支援室,1000001923,塔南学園　西院園,とうなんがくえん　さいいんえん,34.999084,135.726649,113,9,,615-0036,京都市右京区西院太田町57,,,325-5510,,,,,,,,,,,,,,,,,,,,,,,,,,,,,,,,,,,,,,
子ども若者はぐくみ局,幼保総合支援室,1000001924,第二かがやき保育園,だいにかがやきほいくえん,34.948756,135.761908,113,11,,612-8432,京都市伏見区深草柴田屋敷町11-1,,,643 -0150,,,,,,,,,,,,,,,,,,,,,,,,,,,,,,,,,,,,,,
子ども若者はぐくみ局,幼保総合支援室,1000001925,小規模保育事業所　光保育園,しょうきぼほいくじぎょうしょ　ひかりほいくえん,34.990892,135.813352,113,6,,607-8411,京都市山科区御陵大津畑町38-1,,,501-3806,,,,,,,,,,,,,,,,,,,,,,,,,,,,,,,,,,,,,,
子ども若者はぐくみ局,幼保総合支援室,1000001926,安朱保育園小規模保育　遊戯館,あんしゅほいくえんしょうきぼほいく　ゆうぎかん,34.991373,135.818851,113,6,,607-8009,京都市山科安朱北屋敷町8-6、8-4,,,075-581-1312,075-581-1412,,,,,,,,,,,,,,,,,,,,,,,,,,,,,,,,,,,,,
子ども若者はぐくみ局,幼保総合支援室,1000001927,こよりほいくえん　久世,こよりほいくえん　くぜ,34.959308,135.713503,113,8,,601-8213,京都市南区久世中久世町4丁目2-5　エスポアール大和1F,,,925-0895,,,,,,,,,,,,,,,,,,,,,,,,,,,,,,,,,,,,,,
子ども若者はぐくみ局,幼保総合支援室,1000001928,洛和桂川小規模保育園,らくわかつらがわしょうきぼほいくえん,34.961016,135.711146,113,8,,601-8213,京都市南区久世中久世町1−63,,,925-3326,,,,,,,,,,,,,,,,,,,,,,,,,,,,,,,,,,,,,,
子ども若者はぐくみ局,幼保総合支援室,1000001929,ほほえみ保育園　久我園,ほほえみほいくえん　こがえん,34.935308,135.728092,113,11,,612-8494,京都市伏見区久我東町210,,,932-5557,,,,,,,,,,,,,,,,,,,,,,,,,,,,,,,,,,,,,,
子ども若者はぐくみ局,幼保総合支援室,1000001930,にじの木保育園　深草ルーム,にじのきほくえん　ふかくさるーむ,34.954437,135.761778,113,11,,612-8438,京都市伏見区深草フチ町46-3　サンモール松本1F,,,205-0531,,,,,,,,,,,,,,,,,,,,,,,,,,,,,,,,,,,,,,
子ども若者はぐくみ局,幼保総合支援室,1000001933,明幼稚園,あきらようちえん,35.049291,135.757705,121,1,,603-8111,北区小山東元町35,,,075-492-2786,,,,,,,,,,,,,,,,,,,,,,,,,,,,,,,,,,,,,,
子ども若者はぐくみ局,幼保総合支援室,1000001934,今宮幼稚園,いまみやようちえん,35.045148,135.741366,121,1,,603-8243,北区紫野今宮町95,,,075-491-0551,,,,,,,,,,,,,,,,,,,,,,,,,,,,,,,,,,,,,,
子ども若者はぐくみ局,幼保総合支援室,1000001936,錦綾幼稚園,きんりょうようちえん,35.047886,135.73757,121,1,,603-8445,北区鷹峯藤林町1-5,,,075-491-0674,,,,,,,,,,,,,,,,,,,,,,,,,,,,,,,,,,,,,,
子ども若者はぐくみ局,幼保総合支援室,1000001937,紫明幼稚園,しめいようちえん,35.043259,135.757365,121,1,,603-8162,北区小山東大野町83,,,075-441-7052,,,,,,,,,,,,,,,,,,,,,,,,,,,,,,,,,,,,,,
子ども若者はぐくみ局,幼保総合支援室,1000001938,とうりん幼稚園,とうりんようちえん,35.047501,135.750616,121,1,,603-8204,北区紫竹高縄町43,,,075-492-4717,,,,,,,,,,,,,,,,,,,,,,,,,,,,,,,,,,,,,,
子ども若者はぐくみ局,幼保総合支援室,1000001939,幼稚園型認定こども園復活幼稚園,ようちえんがたにんていこどもえんふっかつようちえん,35.040616,135.752514,121,1,,603-8165,北区紫野西御所田町63,,,075-451-2176,,,,,,,,,,,,,,,,,,,,,,,,,,,,,,,,,,,,,,
子ども若者はぐくみ局,幼保総合支援室,1000001940,認定こども園紫野幼稚園,にんていこどもえんむらさきのようちえん,35.049181,135.7529,113,1,,603-8114,北区紫竹下高才町1,,,075-491-7641,,,,,,,,,,,,,,,,,,,,,,,,,,,,,,,,,,,,,,
子ども若者はぐくみ局,幼保総合支援室,1000001941,北野幼稚園,きたのようちえん,35.025733,135.735824,121,2,,602-8377,上京区御前通一条下ル東竪町135,,,075-463-0111,,,,,,,,,,,,,,,,,,,,,,,,,,,,,,,,,,,,,,
子ども若者はぐくみ局,幼保総合支援室,1000001942,京和幼稚園,きょうわようちえん,35.019729,135.734528,121,2,,602-8366,上京区下立売通御前西入ル行衛町439-2,,,075-811-0582,,,,,,,,,,,,,,,,,,,,,,,,,,,,,,,,,,,,,,
子ども若者はぐくみ局,幼保総合支援室,1000001943,浄福寺幼稚園,じょうふくじようちえん,35.027284,135.744582,121,2,,602-8453,上京区浄福寺通一条上ル笹屋町二丁目601,,,075-441-0836,,,,,,,,,,,,,,,,,,,,,,,,,,,,,,,,,,,,,,
子ども若者はぐくみ局,幼保総合支援室,1000001944,聖ドミニコ学院京都幼稚園,せいどみにこがくいんきょうとようちえん,35.027446,135.770469,121,2,,602-0841,上京区河原町今出川下ル東入梶井町448,,,075-256-2128,,,,,,,,,,,,,,,,,,,,,,,,,,,,,,,,,,,,,,
子ども若者はぐくみ局,幼保総合支援室,1000001945,寺之内幼稚園,てらのうちようちえん,35.033947,135.754114,121,2,,602-0005,上京区寺之内通新町西入妙顕寺前町515-2,,,075-441-5303・075-432-5573,,,,,,,,,,,,,,,,,,,,,,,,,,,,,,,,,,,,,,
子ども若者はぐくみ局,幼保総合支援室,1000001946,同志社幼稚園,どうししゃようちえん,35.026729,135.767329,121,2,,602-0844,上京区寺町通石薬師下る染殿町665-1,,,075-251-4391,,,,,,,,,,,,,,,,,,,,,,,,,,,,,,,,,,,,,,
子ども若者はぐくみ局,幼保総合支援室,1000001947,ひまわり幼稚園,ひまわりようちえん,35.016172,135.751496,121,2,,602-8142,上京区西堀川通竹屋町上ル下堀川町164,,,075-801-3921,,,,,,,,,,,,,,,,,,,,,,,,,,,,,,,,,,,,,,
子ども若者はぐくみ局,幼保総合支援室,1000001948,京都カトリック信愛幼稚園,きょうとかとりっくしんあいようちえん,35.010401,135.769668,121,4,,604-8006,中京区河原町通三条上ル下丸屋町415,,,075-231-4690,,,,,,,,,,,,,,,,,,,,,,,,,,,,,,,,,,,,,,
子ども若者はぐくみ局,幼保総合支援室,1000001949,光明幼稚園,こうみょうようちえん,35.007651,135.747713,121,4,,604-8336,中京区六角通大宮西入三条大宮町277,,,075-801-1453,,,,,,,,,,,,,,,,,,,,,,,,,,,,,,,,,,,,,,
子ども若者はぐくみ局,幼保総合支援室,1000001950,聖三一幼稚園型認定こども園,せいさんいちようちえんがたにんていこどもえん,35.017684,135.74073,113,4,,604-8403,中京区聚楽廻中町45,,,075-841-3281,,,,,,,,,,,,,,,,,,,,,,,,,,,,,,,,,,,,,,
子ども若者はぐくみ局,幼保総合支援室,1000001951,洛陽幼稚園,らくようようちえん,35.017573,135.728657,121,4,,604-8475,中京区西ノ京中御門西町18-１,,,075-802-0396,,,,,,,,,,,,,,,,,,,,,,,,,,,,,,,,,,,,,,
子ども若者はぐくみ局,幼保総合支援室,1000001952,岩倉幼稚園,いわくらようちえん,35.086249,135.789345,121,3,,606-0026,左京区岩倉長谷町714,,,075-721-5870,,,,,,,,,,,,,,,,,,,,,,,,,,,,,,,,,,,,,,
子ども若者はぐくみ局,幼保総合支援室,1000001953,永観堂幼稚園,えいかんどうようちえん,35.013386,135.794773,121,3,,606-8445,左京区永観堂町50,,,075-751-0961,,,,,,,,,,,,,,,,,,,,,,,,,,,,,,,,,,,,,,
子ども若者はぐくみ局,幼保総合支援室,1000001954,鴨東幼稚園,おうとうようちえん,35.037076,135.786633,121,3,,606-8242,左京区田中高原町24,,,075-781-4947,,,,,,,,,,,,,,,,,,,,,,,,,,,,,,,,,,,,,,
子ども若者はぐくみ局,幼保総合支援室,1000001955,菊の花幼稚園,きくのはなようちえん,35.060104,135.793285,121,3,,606-0094,左京区上高野東氷室町3,,,075-701-3111,,,,,,,,,,,,,,,,,,,,,,,,,,,,,,,,,,,,,,
子ども若者はぐくみ局,幼保総合支援室,1000001956,北白川幼稚園,きたしらかわようちえん,35.034181,135.794471,121,3,,606-8273,左京区北白川山ノ元町41,,,075-781-3200,,,,,,,,,,,,,,,,,,,,,,,,,,,,,,,,,,,,,,
子ども若者はぐくみ局,幼保総合支援室,1000001957,くろたに幼稚園,くろたにようちえん,35.018102,135.787828,121,3,,606-8331,左京区黒谷町121,,,075-771-2020,,,,,,,,,,,,,,,,,,,,,,,,,,,,,,,,,,,,,,
子ども若者はぐくみ局,幼保総合支援室,1000001958,コドモのイエ幼稚園,こどものいえようちえん,35.024531,135.789528,121,3,,606-8311,左京区吉田神楽岡町107,,,075-771-0937,,,,,,,,,,,,,,,,,,,,,,,,,,,,,,,,,,,,,,
子ども若者はぐくみ局,幼保総合支援室,1000001959,下鴨幼稚園,しもがもようちえん,35.041718,135.766494,121,3,,606-0811,左京区下鴨中川原町75,,,075-781-0989,,,,,,,,,,,,,,,,,,,,,,,,,,,,,,,,,,,,,,
子ども若者はぐくみ局,幼保総合支援室,1000001960,幼稚園型認定こども園　聖光幼稚園,ようちえんがたにんていこどもえん　せいこうようちえん,35.053708,135.789002,113,3,,606-0942,左京区松ヶ崎樋ノ上町2,,,075-791-7481,,,,,,,,,,,,,,,,,,,,,,,,,,,,,,,,,,,,,,
子ども若者はぐくみ局,幼保総合支援室,1000001961,幼稚園型認定こども園聖マリア幼稚園,ようちえんがたにんていこどもえんせいまりあようちえん,35.016943,135.784502,121,3,,606-8322,左京区岡崎入江町84,,,075-761-4529,,,,,,,,,,,,,,,,,,,,,,,,,,,,,,,,,,,,,,
子ども若者はぐくみ局,幼保総合支援室,1000001962,相愛幼稚園,そうあいようちえん,35.045787,135.773133,121,3,,606-0852,左京区下鴨東梅ノ木町12,,,075-781-1086,,,,,,,,,,,,,,,,,,,,,,,,,,,,,,,,,,,,,,
子ども若者はぐくみ局,幼保総合支援室,1000001963,マクリン幼稚園,まくりんようちえん,35.040983,135.771486,121,3,,606-0816,左京区下鴨松ノ木町64番地の5,,,075-701-2931,,,,,,,,,,,,,,,,,,,,,,,,,,,,,,,,,,,,,,
子ども若者はぐくみ局,幼保総合支援室,1000001964,吉田幼稚園,よしだようちえん,35.024762,135.784162,121,3,,606-8312,左京区吉田上大路町36,,,075-761-0051,,,,,,,,,,,,,,,,,,,,,,,,,,,,,,,,,,,,,,
子ども若者はぐくみ局,幼保総合支援室,1000001965,アソカ幼稚園,あそかようちえん,34.98865,135.740036,121,7,,600-8844,下京区朱雀裏畑町33,,,075-313-2878,,,,,,,,,,,,,,,,,,,,,,,,,,,,,,,,,,,,,,
子ども若者はぐくみ局,幼保総合支援室,1000001966,高倉幼稚園,たかくらようちえん,34.994243,135.762927,121,7,,600-8192,下京区高倉通六条上ル,,,075-351-0207,,,,,,,,,,,,,,,,,,,,,,,,,,,,,,,,,,,,,,
子ども若者はぐくみ局,幼保総合支援室,1000001967,ときわ幼稚園,ときわようちえん,34.988756,135.757339,121,7,,600-8216,下京区烏丸七条下ル西入東塩小路字裏畑696−3,,,075-371-1014,,,,,,,,,,,,,,,,,,,,,,,,,,,,,,,,,,,,,,
子ども若者はぐくみ局,幼保総合支援室,1000001968,七条幼稚園,しちじょうようちえん,34.986735,135.735595,121,7,,600-8875,下京区西七条石井町54,,,075-313-0216,,,,,,,,,,,,,,,,,,,,,,,,,,,,,,,,,,,,,,
子ども若者はぐくみ局,幼保総合支援室,1000001969,八条幼稚園,はちじょうようちえん,34.983794,135.731147,121,7,,600-8864,下京区七条御所ノ内南町40,,,075-313-0813,,,,,,,,,,,,,,,,,,,,,,,,,,,,,,,,,,,,,,
子ども若者はぐくみ局,幼保総合支援室,1000001970,本願寺中央幼稚園,ほんがんじちゅうおうようちえん,34.991035,135.750244,121,7,,600-8358,下京区掘川通花屋町下ル本願寺門前町60,,,075-371-0239,,,,,,,,,,,,,,,,,,,,,,,,,,,,,,,,,,,,,,
子ども若者はぐくみ局,幼保総合支援室,1000001971,龍谷幼稚園,りゅうこくようちえん,34.985959,135.734231,121,7,,600-8855,下京区梅小路石橋町12,,,075-312-9231,,,,,,,,,,,,,,,,,,,,,,,,,,,,,,,,,,,,,,
子ども若者はぐくみ局,幼保総合支援室,1000001972,くるみ幼稚園,くるみようちえん,34.975927,135.73026,121,8,,601-8315,南区吉祥院車道町28-2,,,075-691-0281,,,,,,,,,,,,,,,,,,,,,,,,,,,,,,,,,,,,,,
子ども若者はぐくみ局,幼保総合支援室,1000001973,光徳幼稚園,こうとくようちえん,34.980434,135.742812,121,8,,601-8464,南区唐橋高田町59,,,075-691-6503,,,,,,,,,,,,,,,,,,,,,,,,,,,,,,,,,,,,,,
子ども若者はぐくみ局,幼保総合支援室,1000001974,華頂短期大学附属幼稚園,かちょうたんきだいがくふぞくようちえん,35.005611,135.778996,121,5,,605-0062,東山区林下町400-7,,,075-541-4188,,,,,,,,,,,,,,,,,,,,,,,,,,,,,,,,,,,,,,
子ども若者はぐくみ局,幼保総合支援室,1000001975,京都幼稚園,きょうとようちえん,34.98644,135.779579,121,5,,605-8501,東山区今熊野日吉町16-12,,,075-531-7390,,,,,,,,,,,,,,,,,,,,,,,,,,,,,,,,,,,,,,
子ども若者はぐくみ局,幼保総合支援室,1000001976,泉山幼稚園,せんざんようちえん,34.98057,135.778614,121,5,,605-0977,東山区泉涌寺山内町21,,,075-525-0021,,,,,,,,,,,,,,,,,,,,,,,,,,,,,,,,,,,,,,
子ども若者はぐくみ局,幼保総合支援室,1000001977,アヴェ・マリア幼稚園,あう゛ぇ・まりあようちえん,34.990707,135.808357,121,6,,607-8415,山科区御陵中筋町3,,,075-592-6404,,,,,,,,,,,,,,,,,,,,,,,,,,,,,,,,,,,,,,
子ども若者はぐくみ局,幼保総合支援室,1000001978,いずみ幼稚園,いずみようちえん,34.994221,135.82694,121,6,,607-8025,山科区四ノ宮柳山町10,,,075-581-8514,,,,,,,,,,,,,,,,,,,,,,,,,,,,,,,,,,,,,,
子ども若者はぐくみ局,幼保総合支援室,1000001979,清水台幼稚園,きよみずだいようちえん,34.964516,135.803084,121,6,,607-8239,山科区勧修寺丸山町1-126,,,075-592-6052,,,,,,,,,,,,,,,,,,,,,,,,,,,,,,,,,,,,,,
子ども若者はぐくみ局,幼保総合支援室,1000001980,京都産業大学すみれ幼稚園,きょうとさんぎょうだいがくすみれようちえん,34.968364,135.811839,121,6,,607-8165,山科区椥辻平田町222,,,075-594-6700,,,,,,,,,,,,,,,,,,,,,,,,,,,,,,,,,,,,,,
子ども若者はぐくみ局,幼保総合支援室,1000001981,其枝幼稚園,そのえだようちえん,34.993709,135.815833,121,6,,607-8405,山科区御陵田山町35番地5,,,075-581-9294,,,,,,,,,,,,,,,,,,,,,,,,,,,,,,,,,,,,,,
子ども若者はぐくみ局,幼保総合支援室,1000001982,寺西幼稚園,てらにしようちえん,34.992173,135.810578,121,6,,607-8409,山科区御陵天徳町15,,,075-591-6676,,,,,,,,,,,,,,,,,,,,,,,,,,,,,,,,,,,,,,
子ども若者はぐくみ局,幼保総合支援室,1000001983,南殿幼稚園,なんでんようちえん,34.984986,135.82219,121,6,,607-8072,山科区音羽伊勢宿町34,,,075-502-8817,,,,,,,,,,,,,,,,,,,,,,,,,,,,,,,,,,,,,,
子ども若者はぐくみ局,幼保総合支援室,1000001984,東山幼稚園,ひがしやまようちえん,34.977068,135.80566,121,6,,607-8152,山科区東野八代町６４,,,075-591-3622,,,,,,,,,,,,,,,,,,,,,,,,,,,,,,,,,,,,,,
子ども若者はぐくみ局,幼保総合支援室,1000001985,山科幼稚園,やましなようちえん,34.986542,135.816542,121,6,,607-8086,山科区竹鼻四丁野町52,,,075-581-0879,,,,,,,,,,,,,,,,,,,,,,,,,,,,,,,,,,,,,,
子ども若者はぐくみ局,幼保総合支援室,1000001986,洛東幼稚園,らくとうようちえん,34.984136,135.808756,121,6,,607-8348,山科区西野広見町1-4,,,075-592-3031,,,,,,,,,,,,,,,,,,,,,,,,,,,,,,,,,,,,,,
子ども若者はぐくみ局,幼保総合支援室,1000001987,幼稚園型認定こども園　太秦幼稚園,ようちえんがたにんていこどもえん　うずまさようちえん,35.0156395,135.7128038,113,9,,616-8102,右京区太秦森ケ東町9-2,,,075-861-0020,,,,,,,,,,,,,,,,,,,,,,,,,,,,,,,,,,,,,,
子ども若者はぐくみ局,幼保総合支援室,1000001988,栄光幼稚園,えいこうようちえん,35.024029,135.697084,121,9,,616-8186,右京区太秦堀池町58-1,,,075-881-7575,,,,,,,,,,,,,,,,,,,,,,,,,,,,,,,,,,,,,,
子ども若者はぐくみ局,幼保総合支援室,1000001989,御室幼稚園,おむろようちえん,35.024831,135.705503,121,9,,616-8237,右京区鳴滝瑞穂町9,,,075-461-6483,,,,,,,,,,,,,,,,,,,,,,,,,,,,,,,,,,,,,,
子ども若者はぐくみ局,幼保総合支援室,1000001990,春日幼稚園,かすがようちえん,35.00465,135.729452,121,9,,615-0015,右京区西院春日町17-1,,,075-311-4090,,,,,,,,,,,,,,,,,,,,,,,,,,,,,,,,,,,,,,
子ども若者はぐくみ局,幼保総合支援室,1000001991,光華幼稚園,こうかようちえん,34.996634,135.717832,121,9,,615-0882,右京区西京極葛野町38,,,075-311-0728,,,,,,,,,,,,,,,,,,,,,,,,,,,,,,,,,,,,,,
子ども若者はぐくみ局,幼保総合支援室,1000001992,嵯峨幼稚園,さがようちえん,35.018744,135.677276,121,9,,616-8376,右京区嵯峨天龍寺瀬戸川町20-1,,,075-861-0254,,,,,,,,,,,,,,,,,,,,,,,,,,,,,,,,,,,,,,
子ども若者はぐくみ局,幼保総合支援室,1000001993,自然幼稚園,しぜんようちえん,35.014384,135.70849,121,9,,616-8161,右京区太秦東蜂ケ岡町5,,,075-881-0206,,,,,,,,,,,,,,,,,,,,,,,,,,,,,,,,,,,,,,
子ども若者はぐくみ局,幼保総合支援室,1000001994,幼稚園型認定こども園天授ヶ岡幼稚園,ようちえんがたにんていこどもえんてんじゅがおかようちえん,35.027971,135.718862,113,9,,616-8021,右京区花園天授ケ岡町10-17,,,075-461-3407,,,,,,,,,,,,,,,,,,,,,,,,,,,,,,,,,,,,,,
子ども若者はぐくみ局,幼保総合支援室,1000001995,西京極幼稚園,にしきょうごくようちえん,34.99118,135.721589,121,9,,615-0821,右京区西京極北裏町13,,,075-313-0624,,,,,,,,,,,,,,,,,,,,,,,,,,,,,,,,,,,,,,
子ども若者はぐくみ局,幼保総合支援室,1000001996,幼保連携型認定こども園　佛教大学附属こども園,ようほれんけいがたにんていこどもえん　ぶっきょうだいがくふぞくこどもえん,35.024723,135.686673,113,9,,616-8306,右京区嵯峨広沢西裏町36-1,,,075-872-5327,,,,,,,,,,,,,,,,,,,,,,,,,,,,,,,,,,,,,,
子ども若者はぐくみ局,幼保総合支援室,1000001997,夢窓幼稚園,むそうようちえん,35.019534,135.706182,121,9,,616-8224,右京区常盤窪町1-16,,,075-871-0709,,,,,,,,,,,,,,,,,,,,,,,,,,,,,,,,,,,,,,
子ども若者はぐくみ局,幼保総合支援室,1000001998,安井幼稚園,やすいようちえん,35.014849,135.722736,121,9,,616-8071,右京区太秦安井藤ノ木町16-1,,,075-821-1181,,,,,,,,,,,,,,,,,,,,,,,,,,,,,,,,,,,,,,
子ども若者はぐくみ局,幼保総合支援室,1000001999,うぐいす幼稚園,うぐいすようちえん,34.968157,135.67191,121,10,,610-1142,西京区大枝東新林町3丁目3,,,075-331-1121,,,,,,,,,,,,,,,,,,,,,,,,,,,,,,,,,,,,,,
子ども若者はぐくみ局,幼保総合支援室,1000002000,うぐいす第二幼稚園,うぐいすだいにようちえん,34.958142,135.684554,121,10,,610-1113,西京区大枝南福西町1丁目5,,,075-332-1121,,,,,,,,,,,,,,,,,,,,,,,,,,,,,,,,,,,,,,
子ども若者はぐくみ局,幼保総合支援室,1000002001,大原野幼稚園,おおはらのようちえん,34.955,135.672967,121,10,,610-1121,西京区大原野上里北丿町1308-1,,,075-331-0242,,,,,,,,,,,,,,,,,,,,,,,,,,,,,,,,,,,,,,
子ども若者はぐくみ局,幼保総合支援室,1000002002,川西幼稚園,かわにしようちえん,34.985448,135.697972,121,10,,615-8086,西京区桂乾町51,,,075-381-3935,,,,,,,,,,,,,,,,,,,,,,,,,,,,,,,,,,,,,,
子ども若者はぐくみ局,幼保総合支援室,1000002003,京都三ノ宮幼稚園,きょうとさんのみやようちえん,34.972108,135.690268,121,10,,615-8151,西京区樫原杉原町20,,,075-391-3899,,,,,,,,,,,,,,,,,,,,,,,,,,,,,,,,,,,,,,
子ども若者はぐくみ局,幼保総合支援室,1000002004,桂陽幼稚園,けいようようちえん,34.979514,135.699273,121,10,,615-8196,西京区川島尻堀町54番地,,,075-381-2611,,,,,,,,,,,,,,,,,,,,,,,,,,,,,,,,,,,,,,
子ども若者はぐくみ局,幼保総合支援室,1000002005,さかいだに幼稚園,さかいだにようちえん,34.961821,135.669705,121,10,,610-1146,西京区大原野西境谷町3丁目2,,,075-332-0221,,,,,,,,,,,,,,,,,,,,,,,,,,,,,,,,,,,,,,
子ども若者はぐくみ局,幼保総合支援室,1000002006,さくら幼稚園,さくらようちえん,35.007092,135.684984,121,10,,616-0012,西京区嵐山東海道町51-1,,,075-881-3355,,,,,,,,,,,,,,,,,,,,,,,,,,,,,,,,,,,,,,
子ども若者はぐくみ局,幼保総合支援室,1000002007,竹の里幼稚園,たけのさとようちえん,34.957113,135.678025,121,10,,610-1144,西京区大原野東竹の里町2丁目4,,,075-332-4491,,,,,,,,,,,,,,,,,,,,,,,,,,,,,,,,,,,,,,
子ども若者はぐくみ局,幼保総合支援室,1000002008,西山幼稚園,にしやまようちえん,34.977675,135.704182,121,10,,615-8107,西京区川島北裏町29,,,075-381-3610,,,,,,,,,,,,,,,,,,,,,,,,,,,,,,,,,,,,,,
子ども若者はぐくみ局,幼保総合支援室,1000002009,葉室幼稚園,はむろようちえん,34.988902,135.688814,121,10,,615-8277,西京区山田葉室町13-124,,,075-381-8596,,,,,,,,,,,,,,,,,,,,,,,,,,,,,,,,,,,,,,
子ども若者はぐくみ局,幼保総合支援室,1000002010,松尾幼稚園,まつおようちえん,34.998238,135.685826,121,10,,615-8296,西京区松室山添町6,,,075-381-2591,,,,,,,,,,,,,,,,,,,,,,,,,,,,,,,,,,,,,,
子ども若者はぐくみ局,幼保総合支援室,1000002011,洛西せいか幼稚園,らくさいせいかようちえん,34.969121,135.668036,121,10,,610-1141,西京区大枝西新林町5丁目3,,,075-331-1214,,,,,,,,,,,,,,,,,,,,,,,,,,,,,,,,,,,,,,
子ども若者はぐくみ局,幼保総合支援室,1000002012,洛西花園幼稚園,らくさいはなぞのようちえん,34.962825,135.680153,121,10,,610-1112,西京区大枝北福西町4丁目3,,,075-332-2808,,,,,,,,,,,,,,,,,,,,,,,,,,,,,,,,,,,,,,
子ども若者はぐくみ局,幼保総合支援室,1000002013,石田幼稚園,いしだようちえん,34.944493,135.79631,121,11,,601-1463,伏見区小栗栖中山田町35-1,,,075-571-3778,,,,,,,,,,,,,,,,,,,,,,,,,,,,,,,,,,,,,,
子ども若者はぐくみ局,幼保総合支援室,1000002014,小野幼稚園,おのようちえん,34.958588,135.820684,121,11,,601-1316,伏見区醍醐古道町22−2,,,075-571-0409,,,,,,,,,,,,,,,,,,,,,,,,,,,,,,,,,,,,,,
子ども若者はぐくみ局,幼保総合支援室,1000002015,かもがわ幼稚園,かもがわようちえん,34.934141,135.732799,121,11,,612-8484,伏見区羽束師鴨川町66−2,,,075-933-2273,,,,,,,,,,,,,,,,,,,,,,,,,,,,,,,,,,,,,,
子ども若者はぐくみ局,幼保総合支援室,1000002016,さつき幼稚園,さつきようちえん,34.92254,135.773072,121,11,,612-8122,伏見区向島庚申町124,,,075-611-0030,,,,,,,,,,,,,,,,,,,,,,,,,,,,,,,,,,,,,,
子ども若者はぐくみ局,幼保総合支援室,1000002017,砂川幼稚園,すながわようちえん,34.967512,135.766487,121,11,,612-0019,伏見区深草平田町31‐1,,,075-641-6098,,,,,,,,,,,,,,,,,,,,,,,,,,,,,,,,,,,,,,
子ども若者はぐくみ局,幼保総合支援室,1000002018,青風幼稚園,せいふうようちえん,34.956037,135.767337,121,11,,612-0031,伏見区深草池ノ内町12,,,075-641-5326,,,,,,,,,,,,,,,,,,,,,,,,,,,,,,,,,,,,,,
子ども若者はぐくみ局,幼保総合支援室,1000002019,青風和泉幼稚園,せいふういずみようちえん,34.93239,135.786677,121,11,,612-8015,伏見区桃山町和泉23の１,,,075-611-0313,,,,,,,,,,,,,,,,,,,,,,,,,,,,,,,,,,,,,,
子ども若者はぐくみ局,幼保総合支援室,1000002020,京都聖母学院幼稚園,きょうとせいぼがくいんようちえん,34.958249,135.771747,121,11,,612-0878,伏見区深草田谷町1,,,075-645-8101,,,,,,,,,,,,,,,,,,,,,,,,,,,,,,,,,,,,,,
子ども若者はぐくみ局,幼保総合支援室,1000002021,ふじのき幼稚園,ふじのきようちえん,34.919286,135.780132,121,11,,612-8133,伏見区向島鷹場町74−10,,,075-623-1178,,,,,,,,,,,,,,,,,,,,,,,,,,,,,,,,,,,,,,
子ども若者はぐくみ局,幼保総合支援室,1000002022,向島幼稚園,むかいじまようちえん,34.916167,135.770243,121,11,,612-8141,伏見区向島ニノ丸町151-6,,,075-622-9050,,,,,,,,,,,,,,,,,,,,,,,,,,,,,,,,,,,,,,
子ども若者はぐくみ局,幼保総合支援室,1000002023,睦美幼稚園,むつみようちえん,34.931602,135.768759,121,11,,612-8036,伏見区桃山町立売47,,,075-611-2757,,,,,,,,,,,,,,,,,,,,,,,,,,,,,,,,,,,,,,
子ども若者はぐくみ局,幼保総合支援室,1000002024,桃山幼稚園,ももやまようちえん,34.933327,135.766659,121,11,,612-8039,伏見区御香宮門前町184,,,075-622-1425,,,,,,,,,,,,,,,,,,,,,,,,,,,,,,,,,,,,,,
子ども若者はぐくみ局,幼保総合支援室,1000002025,洛陽第二幼稚園,らくようだいにようちえん,34.925617,135.78575,121,11,,612-8017,伏見区桃山南大島町58,,,075-622-6281,,,,,,,,,,,,,,,,,,,,,,,,,,,,,,,,,,,,,,
環境政策局,南部クリーンセンター管理課,1000002026,さすてな京都,さすてなきょうと,34.918043,135.734862,103,11,「さすてな京都」では、焼却炉やごみ発電、バイオガス化施設など大規模な施設を間近で見学でき、煙突に設置した展望台から素晴らしい景色を眺望いただけます。また、焼却処理や、エネルギーの回収の技術など最先端の環境技術、ごみ減量など環境保全の大切さを楽しく学べます。,612-8253,京都市伏見区横大路八反田29,,京都市南部クリーンセンター環境学習施設運営グループ,075-606-2548,075-606-2549,https://sustaina-kyoto.jp/,さすてな展望台炉内体感通路デジタルインフォメーションウォール環境ジオラマ＆発電体験ボールプール屋上芝生広場足湯ビオトープ企画展示室セミナールームエコラウンジ,9:00〜17:00,水曜(水曜日が祝日の場合は翌平日)、年末年始(12/29〜1/3),無料,・京阪電車「中書島駅」または「淀駅」から 市バス20号系統・京阪バス24A系統に乗車し「南横大路(さすてな京都前)」バス停下車徒歩5分・市営地下鉄・近鉄電車「竹田駅」から 竹田駅東口から市バス（81・105・南5・南8号系統）に乗車し「横大路車庫」バス停下車徒歩20分※京都駅八条口、竹田駅西口から「南横大路」バス停を通る京阪バス路線（24A・26系統）もあります・土・日・祝日及び学校の長期休業期（年末年始除く）に、無料シャトルバスを運行「さすてな京都」玄関前 　?市バス「横大路車庫前」 　?京阪電車「中書島駅」 　?「京エコロジーセンター/京都市青少年科学センター」 　?地下鉄「竹田駅」東口 ,個人・グループを問わず自由に見学できます。また、10名以上のグループを対象に団体見学のお申込を受け付けております。（詳細はＨＰからご確認ください。）,,,,,,,,,,,,,,,,,,,,,,,,,,,,,,
建設局,土木管理課,1000002027,京北・左京山間部土木みどり事務所,けいほくさきょうさんかんぶどぼくみどりじむしょ,35.15532,135.63352,101,9,,601-0251,京都市右京区京北周山町上寺田1-1,,,075-852-1819,075-852-1818,https://www.city.kyoto.lg.jp/kensetu/soshiki/10-2-13-0-0.html,,,,,,,,,,,,,,,,,,,,,,,,,,,,,,,,,,,,
行財政局,市税事務所,1000002028,軽自動車税事務所,けいじどうしゃぜいじむしょ,34.9724012,135.7670815,101,11,,612-0002,京都市伏見区深草中川原町13番地の7  京都管理基地事務所2階,,,075-213-5467,,,,,,,,,,,,,,,,,,,,,,,,,,,,,,,,,,,,,,
行財政局,市税事務所,1000002029,軽自動車税事務所（分室）,けいじどうしゃぜいじむしょ（ぶんしつ）,35.01040714,135.7591188,101,4,,604-8171,京都市中京区烏丸通御池下る虎屋町566番地の1　井門明治安田生命ビル6階,,,075-213-5467,,,,,,,,,,,,,,,,,,,,,,,,,,,,,,,,,,,,,,
産業観光局,中央卸売市場第一市場,1000002030,京の食文化ミュージアム・あじわい館,きょうのしょくぶんかみゅーじあむ・あじわいかん,34.995436,135.741144,131,7, 「京都の四季を五感で味わい、京都の食文化に親しむ！」をコンセプトに、「みる、つくる、あじわう」の３つの機能を持たせた展示資料室、調理実習室、試食室を備えた施設で、市場の新鮮な食材を活かした料理教室や、食文化について学んでいただける講演会などを実施しています。,600−8813,京都市下京区中堂寺南町１３０番地　京都青果センタービル3階,,中央卸売市場第一市場,075−321−8680,075-321-8690,https://www.kyo-ajiwaikan.com/,○展示室　459.341?　・季節展　・市場流通新鮮果実のフ　　レッシュジュースや出汁　　（だし）の試飲　・「京菓子」、「清酒」、「京　　漬物」の展示　・京料理をはじめとした全国　　の郷土料理の紹介　・中央卸売市場の歴史や　　流通の仕組の紹介　・食に関する書籍等の展　　示　・市場関連加工品等の販　　売　　　○調理実習室等　490.50?　　　　　　　・試食室　　　・調理実習室　,・展示資料室午前８時半〜午後５時・調理実習室午前９時〜午後９時,水曜日（祝日除く）及び年末年始（１２月３１日〜１月４日）,展示資料室は無料。調理実習室の利用は有料（詳細はホームページを御覧ください。）,JR嵯峨野線「丹波口」駅より徒歩3分、市バス「京都リサーチパーク前」から徒歩2分,詳細はHPを御覧ください。,,あじわい館,,,,,,,,,,,,,,,,,,,,,,,,,,,,
子ども若者はぐくみ局,子ども家庭支援課,1000002031,京都市ひとり親家庭支援センター　ゆめあす,きょうとしひとりおやかていしえんせんたー　ゆめあす,35.051762,135.771506,115,3,詳細はホームページを御覧ください。,606-0846,京都市左京区下鴨北野々神町26番地　北山ふれあいセンター内,,一般社団法人京都市ひとり親家庭福祉連合会,075-708-7750,075-708-7833,https://yumeasu.com,相談室、保育室、和室、技能習得室等,月〜日：10:00〜18:00,毎週火曜日・祝日年末年始（12月28日〜1月4日）,詳細はホームページを御覧ください。,地下鉄 「北山」より徒歩5分市バス 「北大路新町」 「北大路堀川」より徒歩3分,ホームページを御覧ください。,,,,,,,,,,,,,,,,,,,,,,,,,,,,,,
保健福祉局,障害保健福祉推進室,1000002032,洛西ふれあいの里デイサービスセンター,らくさいふれあいのさとでいさーびすせんたー,34.9889652,135.6559235,116,10,障害のある方が継続して働く場を提供するとともに、就労に必要な知識及び能力の向上のための必要な訓練を行う施設です。,610-1101,京都市西京区大枝北沓掛町一丁目21-20,,社会福祉法人京都総合福祉協会,075-331-4150,075-331-6163,https://www.sogofukushi.jp/rakusaids/,,,,,,施設の見学を希望する場合は、事前に電話又はＦＡＸでご連絡ください。,施設の利用を希望する場合は、お住まいの区の福祉事務所で手続きが必要です。,,,,,,,,,,,,,,,,,,,,,,,,,,,,,
保健福祉局,介護ケア推進課,1000002033,崇仁老人デイサービスセンター,すうじんろうじんでいさーびすせんたー,34.986908,135.76569,117,7,,600-8207,京都市下京区上之町9-3,,社会福祉法人カトリック京都司教区カリタス会,075-342-2668,075-371-1033,,,,,,,,,,,,,,,,,,,,,,,,,,,,,,,,,,,,,
保健福祉局,介護ケア推進課,1000002034,柊野特別養護老人ホーム,ひらぎのとくべつようごろうじんほーむ,35.067081,135.747529,117,1,,603-8033,京都市北区上賀茂馬ノ目町10-1,,社会福祉法人柊野福祉会,075-705-4132,075-705-4138,,,,,,,,,,,,,,,,,,,,,,,,,,,,,,,,,,,,,
保健福祉局,介護ケア推進課,1000002035,京都市介護認定給付事務センター,きょうとしかいごにんていきゅうふじむせんたー,35.01051,135.763757,101,4,,604-8101,京都市中京区柳馬場通御池下る柳八幡町６５　京都朝日ビル２階,,,075-708-7711,075-708-6061,,,,,,,,,,,,,,,,,,,,,,,,,,,,,,,,,,,,,
子ども若者はぐくみ局,幼保総合支援室,1000002037,京都YWCAあじさい保育園,きょうとわいだぶるしーえーあじさいほいくえん,35.021614,135.757676,113,2,,602-8019,京都市上京区室町通出水上る近衛町44,,,075-431-0351,075-431-0352,,,,,,,,,,,,,,,,,,,,,,,,,,,,,,,,,,,,,
子ども若者はぐくみ局,幼保総合支援室,1000002038,こどもみらい園,こどもみらいえん,35.032726,135.748703,113,2,,602-8425,京都市上京区大宮通上立売上る樋之口町252,,,075-755-2029,075-755-2029,,,,,,,,,,,,,,,,,,,,,,,,,,,,,,,,,,,,,
子ども若者はぐくみ局,幼保総合支援室,1000002039,小規模保育園「キコレ」,しょうきぼほいくえんきこれ,35.03054,135.775929,113,3,,606-8205 ,京都市左京区田中上柳町91,,,090-9167-2606,,,,,,,,,,,,,,,,,,,,,,,,,,,,,,,,,,,,,,
子ども若者はぐくみ局,幼保総合支援室,1000002040,ゆりかごＷＥＣせいせん保育園,ゆりかごうぇっくせいせんほいくえん,34.99843,135.753287,113,7,,600-8488,京都市下京区醒ヶ井通松原下ル篠屋町59,,,075-366-5337,075-366-5338,,,,,,,,,,,,,,,,,,,,,,,,,,,,,,,,,,,,,
子ども若者はぐくみ局,幼保総合支援室,1000002041,八条幼稚園小規模保育部　ちくたく,はちじょうようちえんしょうきぼほいくぶ　ちくたく,34.983621,135.731287,113,7,,600-8864,京都市下京区七条御所ノ内南町42,,,075-314-6512,075-314-6513,,,,,,,,,,,,,,,,,,,,,,,,,,,,,,,,,,,,,
子ども若者はぐくみ局,幼保総合支援室,1000002042,京都ほせんオリーブ館あさがお保育室,きょうとほせんおりーぶかんあさがおほいくしつ,34.979593,135.706643,113,10,,615-8072,京都市西京区桂木ノ下町1-87,,,075-383-5001,075-383-5002,,,,,,,,,,,,,,,,,,,,,,,,,,,,,,,,,,,,,
子ども若者はぐくみ局,子ども若者未来部育成推進課,1000002043,びおと〜ぷ,びおとーぷ,34.9692028,135.703107,115,10,子育て中の親子（主に乳幼児）が気軽に集い、交流する場です。子育てアドバイザーによる子育て相談も行っています。,615-8104,京都市西京区川島五反長町１８-２　京都市交流促進・まちづくりプラザ内,,特定非営利活動法人京都子育てネットワーク,090-9870-8388,-,https://biotoprakusai.wixsite.com/biotop/hiroba,,10:00〜16:00,日曜、火曜、祝日及び年末年始,無料（ただし、材料代等の実費をご負担いただく場合があります。）,阪急京都線「洛西口駅」から 徒歩6分 ,,公共交通機関をご利用ください。,,,,,,,,,,,,,,,,,,,,,,,,,,,,,
行財政局,資産管理課,1000002044,行財政局管財契約部資産管理課,ぎょうざいせいきょくかんざいけいやくぶしさんかんりか,35.01246,135.76774,101,4,,604-8571,京都市中京区寺町通御池上る上本能寺前町488　京都市役所　分庁舎,,,,,,,,,,,,,,,,,,,,,,,,,,,,,,,,,,,,,,,,,
子ども若者はぐくみ局,育成推進課,1000002045,つどいの広場　Be be（べべ）,つどいのひろば　べべ,35.01623593,135.7477765,115,2,子育て中の親子（主に乳幼児）が気軽に集い、交流する場です。子育てアドバイザーによる子育て相談も行っています。,602-8144,京都市上京区竹屋町通日暮東入藁屋町535ｰ125　にじのうたビル３階,,一般社団法人　Be Better,075-812-8611,075-812-8601,https://tsudoi-bebe.com/,,10:00〜16:00,日曜、火曜、祝日及び年末年始,無料（ただし、材料代等の実費をご負担いただく場合があります。）,地下鉄東西線「二条城前駅」から徒歩10分,,公共交通機関をご利用ください。,子育て支援活動いきいきセンター（つどいの広場）,,,,,,,,,,,,,,,,,,,,,,,,,,,,
子ども若者はぐくみ局,育成推進課,1000002046,ありんこ広場,ありんこひろば,34.99051073,135.781318,115,5,子育て中の親子（主に乳幼児）が気軽に集い、交流する場です。子育てアドバイザーによる子育て相談も行っています。,605-0927,京都市東山区渋谷通東大路東入3丁目上馬町553-5,,社会福祉法人　小松谷福祉会,075-585-5064,075-541-1212 ,https://komatsudani.kyoto/,,10:00〜16:00,日曜、木曜、祝日及び年末年始,無料（ただし、材料代等の実費をご負担いただく場合があります。）,京阪バス「上馬町」から徒歩3分,,公共交通機関をご利用ください。,子育て支援活動いきいきセンター（つどいの広場）,,,,,,,,,,,,,,,,,,,,,,,,,,,,
子ども若者はぐくみ局,幼保総合支援室,1000002047,京都ふうりん保育園,きょうとふうりんほいくえん,35.07107722,135.7800747,113,3,,606-0018,京都市左京区岩倉中河原町29,,,075-711-5111,075-711-5100,,,7：00〜18：00,日祝、年末年始（12/29〜1/3）,,,,,保育園,,,,,,,,,,,,,,,,,,,,,,,,,,,,
子ども若者はぐくみ局,幼保総合支援室,1000002048,詩音つばさ保育園,うたねつばさほいくえん,34.96301416,135.7141466,113,8,,601-8212,京都市南区久世上久世町419,,,075-922-0283,075-922-4152,,,7：00〜18：00,日祝、年末年始（12/29〜1/3）,,,,,保育園,,,,,,,,,,,,,,,,,,,,,,,,,,,,
子ども若者はぐくみ局,幼保総合支援室,1000002049,京進のほいくえんHOPPA西京極,きょうしんのほいくえんほっぱにしきょうごく,34.99770806,135.7142896,113,9,,615-0885,京都市右京区西京極午塚町128,,,075-366-2414,075-366-2415,,,7：30〜18：30,日祝、年末年始（12/29〜1/3）,,,,,保育園,,,,,,,,,,,,,,,,,,,,,,,,,,,,
子ども若者はぐくみ局,幼保総合支援室,1000002050,さかいだに幼稚園キッズルーム,さかいだにようちえんきっずるーむ,34.9951418,135.7017566,113,10,,615-8002,京都市西京区桂上野中町243,,,075-392-1222,075-392-1225,,,7：00〜18：00,日祝、年末年始（12/29〜1/3）,,,,,小規模保育事業所,,,,,,,,,,,,,,,,,,,,,,,,,,,,
教育委員会事務局,総務部　学校事務支援室,1000002052,京都奏和高等学校,きょうとそうわこうとうがっこう,34.969428,135.765919,124,11,,612-0011,京都市伏見区深草鈴塚町13,,,075-641-5121,075-642-3760,http://www.edu.city.kyoto.jp/hp/sowa/,,,,,,,,,,,,,,,,,,,,,,,,,,,,,,,,,,,,
教育委員会事務局,総務部　学校事務支援室,1000002053,京都京北小中学校,きょうとけいほくしょうちゅうがっこう,35.15746667,135.634699,139,9,,601-0251,京都市右京区京北周山町中山51,,,075-852-1133,075-852-1144,http://www.edu.city.kyoto.jp/hp/kyotokeihoku-sc,,,,,,,,,,,,,,,,,,,,,,,,,,,,,,,,,,,,
子ども若者はぐくみ局,育成推進課,1000002054,下鴨つどいの広場 こがも,しもがもつどいのひろば　こがも,35.03416,135.77012,115,3,子育て中の親子（主に乳幼児）が気軽に集い、交流する場です。子育てアドバイザーによる子育て相談も行っています。,606-0802,京都市左京区下鴨宮崎町109,,社会福祉法人　迦陵園,075-701-0292,075-723-0755,http://karyouen.or.jp/jigyo6.html,,10：00〜16：00,日曜、木曜、祝日及び年末年始,無料（ただし、材料代等の実費をご負担いただく場合があります。）,市バス「新葵橋」から徒歩３分,,公共交通機関をご利用ください。,子育て支援活動いきいきセンター（つどいの広場）,,,,,,,,,,,,,,,,,,,,,,,,,,,,
子ども若者はぐくみ局,育成推進課,1000002055,つどいの広場わくわく,つどいのひろばわくわく,34.98890887,135.7466838,115,7,子育て中の親子（主に乳幼児）が気軽に集い、交流する場です。子育てアドバイザーによる子育て相談も行っています。,600-8834,下京区和気町14-31　ハイツパモナス701,,特定非営利活動法人京都子育てネットワーク,080-9129-9287,,https://wakuwakuhiroba.exblog.jp/,,10：00〜16：00,日曜、木曜、祝日及び年末年始,無料（ただし、材料代等の実費をご負担いただく場合があります。）,,,公共交通機関をご利用ください。,子育て支援活動いきいきセンター（つどいの広場）,,,,,,,,,,,,,,,,,,,,,,,,,,,,
子ども若者はぐくみ局,育成推進課,1000002056,そらひろば,そらひろば,35.033855,135.743472,115,2,子育て中の親子（主に乳幼児）が気軽に集い、交流する場です。子育てアドバイザーによる子育て相談も行っています。,602-8303,京都市上京区姥ケ寺之前町920,,特定非営利活動法人そらっく,080-4758-8910,075-406-1908,https://www.instagram.com/sorahiroba_tsudoi/?igshid=MWQ2ODkyMjM%3D,―,10：00〜16：00,日曜、水曜、祝日及び年末年始,無料（ただし、材料代等の実費をご負担いただく場合があります。）,京都市バス「乾隆校前」徒歩３分,事前に電話でお問い合わせください。,公共交通機関をご利用ください。,子育て支援活動いきいきセンター（つどいの広場）,,,,,,,,,,,,,,,,,,,,,,,,,,,,
教育委員会事務局,総務部 学校事務支援室,1000002057,開建高等学校,かいけんこうとうがっこう,34.980451,135.7354993,124,8,,601-8467,京都市南区唐橋大宮尻町22番地,,,075-681-0701,075-682-7107,,,,,,,,,開建高校,,,,,,,,,,,,,,,,,,,,,,,,,,,,
教育委員会事務局,総務部 学校事務支援室,1000002058,美術工芸高等学校,びじゅつこうげいこうとうがっこう,34.98696892,135.7669031,124,7,,600-8202,京都市下京区川端町15,,,075-585-4666,075-341-7006,,,,,,,,,美術工芸高校,,,,,,,,,,,,,,,,,,,,,,,,,,,,
西京区役所,地域力推進室,1000002059,西京区総合庁舎東庁舎,にしきょうくそうごうちょうしゃひがしちょうしゃ,34.98528724,135.6937057,101,10,,615-8522,京都市西京区上桂森下町２５−１,,,050-1726-0257（代表）,,,市民窓口課、障害保健福祉課、保険年金課、子どもはぐくみ室,9:00〜17:00,,,,,駐車場・駐輪場あり,,,,,,,,,,,,,,,,,,,,,,,,,,,,,
教育委員会事務局,総務部　総務課・学校事務支援室,1000002060,北総合支援学校中央分校,きたそうごうしえんがっこうちゅうおうぶんこう,35.000677,135.753492,115,7,,600-8469,京都市下京区油小路通仏光寺下る太子山町602-1,,,075-708-3883,075-343-3545,https://cms.edu.city.kyoto.jp/weblog/index.php?id=400152,,,,,,,,,,,,,,,,,,,,,,,,,,,,,,,,,,,,
子ども若者はぐくみ局,育成推進課,1000002061,つどいの広場「メリーアティックライト」,つどいのひろば「めりーあてぃっくらいと」,34.94842034,135.7326374,115,11,子育て中の親子（主に乳幼児）が気軽に集い、交流する場です。子育てアドバイザーによる子育て相談も行っています。,612-8491,京都市伏見区久我石原町3-273,,,070‐5582‐7324,,,,10:00〜16:00,日曜、月曜、祝日及び年末年始,無料（ただし、材料代等の実費をご負担いただく場合があります。）,,,,子育て支援活動いきいきセンター（つどいの広場）,,,,,,,,,,,,,,,,,,,,,,,,,,,,
教育委員会事務局,総合育成支援課,1000002062,北総合支援学校中央分校・総合育成支援教育相談センター,きたそうごうしえんがっこうちゅうおうぶんこうそうごういくせいしえんきょういくそうだんせんたー,35.00054402,135.7532478,115,7,施設見学や障害のある子どもについての相談を受け付けています。,600-8469,京都市下京区油小路通仏光寺下る太子山町602-1,,京都市,075-708-3883,075-343-3545,https://cms.edu.city.kyoto.jp/weblog/index.php?id=400152,,9：30〜16：30,土、日、祝休日,無料,地下鉄「四条」から徒歩９分,電話かホームページをご覧ください。,,,,,,,,,,,,,,,,,,,,,,,,,,,,,,
環境政策局,まち美化推進課,1000002063,岩屋橋バス停前観光トイレ,いわやばしばすていまえかんこうといれ,35.1243899,135.7159678,137,1,多くの観光客等が訪れる場所にある民間トイレ所有者の皆様の御協力を得て、観光客や市民の皆様向けに開設されたトイレです。,603-8861,京都市北区雲ヶ畑出谷町,100771p.jpg,,075-222-3953,,https://www.city.kyoto.lg.jp/kankyo/page/0000331253.html,小便器１基、大便器２基（男女共用）※和式のみ。,終日,なし,,,,皆様が気持ちよく利用できるよう、マナーを守ってお使いください。,,,,,,,,,,,,,,,,,,,,,,,,,,,,,
環境政策局,まち美化推進課,1000002064,出合橋バス停前観光トイレ,であいばしばすていまえかんこうといれ,35.11157514,135.7242645,137,1,多くの観光客等が訪れる場所にある民間トイレ所有者の皆様の御協力を得て、観光客や市民の皆様向けに開設されたトイレです。,603-8862,京都市北区雲ケ畑中津川町,100772p.jpg,,075-222-3953,,https://www.city.kyoto.lg.jp/kankyo/page/0000331258.html,小便器１基、大便器２基（男女共用）※洋式化対応。,終日,なし,,,,皆様が気持ちよく利用できるよう、マナーを守ってお使いください。,,,,,,,,,,,,,,,,,,,,,,,,,,,,,
環境政策局,まち美化推進課,1000002065,上賀茂神社観光トイレ,かみがもじんじゃかんこうといれ,35.05946733,135.7517255,137,1,多くの観光客等が訪れる場所にある民間トイレ所有者の皆様の御協力を得て、観光客や市民の皆様向けに開設されたトイレです。,603-8047,京都市北区上賀茂本山,100773p.jpg,,075-222-3953,,https://www.city.kyoto.lg.jp/kankyo/page/0000331285.html,男子小便１７基、大便器７基女子大便器１９基多機能２室※オストメイト対応。車いす利用可。ベビーチェア等あり。ウォシュレット付便座あり。洋式化対応。,午前8時から午後6時まで,なし,,,,皆様が気持ちよく利用できるよう、マナーを守ってお使いください。,,,,,,,,,,,,,,,,,,,,,,,,,,,,,
環境政策局,まち美化推進課,1000002066,府立植物園前観光トイレ,ふりつしょくぶつえんまえかんこうといれ,35.0509944,135.7596226,137,1,多くの観光客等が訪れる場所にある民間トイレ所有者の皆様の御協力を得て、観光客や市民の皆様向けに開設されたトイレです。,603-8063,京都市北区上賀茂今井河原町,100774p.jpg,,075-222-3953,,https://www.city.kyoto.lg.jp/kankyo/page/0000331286.html,男子小便器２基、大便器１基女子大便器２基※洋式化対応。,午前10時から午後8時まで,水曜日,,,,皆様が気持ちよく利用できるよう、マナーを守ってお使いください。,,,,,,,,,,,,,,,,,,,,,,,,,,,,,
環境政策局,まち美化推進課,1000002067,平野神社観光トイレ,ひらのじんじゃかんこうといれ,35.03242693,135.7327557,137,1,多くの観光客等が訪れる場所にある民間トイレ所有者の皆様の御協力を得て、観光客や市民の皆様向けに開設されたトイレです。,603-8322,京都市北区平野宮本町,100775p.jpg,,075-222-3953,,https://www.city.kyoto.lg.jp/kankyo/page/0000331287.html,男子小便器５基、大便器１基女子大便器４基※洋式化対応。,終日,なし,,,,皆様が気持ちよく利用できるよう、マナーを守ってお使いください。,,,,,,,,,,,,,,,,,,,,,,,,,,,,,
環境政策局,まち美化推進課,1000002068,上御霊神社観光トイレ,かみごりょうじんじゃかんこうといれ,35.036135,135.761385,137,2,多くの観光客等が訪れる場所にある民間トイレ所有者の皆様の御協力を得て、観光客や市民の皆様向けに開設されたトイレです。,602-0896,京都市上京区上御霊竪町,100776p.jpg,,075-222-3953,,https://www.city.kyoto.lg.jp/kankyo/page/0000331290.html,小便器２基、大便器１基（男女共用）※和式のみ。,午前6時から午後6時まで,なし,,,,皆様が気持ちよく利用できるよう、マナーを守ってお使いください。,,,,,,,,,,,,,,,,,,,,,,,,,,,,,
環境政策局,まち美化推進課,1000002069,大原来迎院町観光トイレ,おおはららいこういんちょうかんこうといれ,35.11886741,135.8333797,137,3,多くの観光客等が訪れる場所にある民間トイレ所有者の皆様の御協力を得て、観光客や市民の皆様向けに開設されたトイレです。,601-1242,京都市左京区大原来迎院町,100777p.jpg,,075-222-3953,,https://www.city.kyoto.lg.jp/kankyo/page/0000331291.html,男子小便器２基、大便器１基女子大便器２基※ウォシュレット付便座あり。洋式化対応。,終日,なし,,,,皆様が気持ちよく利用できるよう、マナーを守ってお使いください。,,,,,,,,,,,,,,,,,,,,,,,,,,,,,
環境政策局,まち美化推進課,1000002070,広河原バス停前観光トイレ,ひろがわらばすていまえかんこうといれ,35.26646632,135.7422208,137,3,多くの観光客等が訪れる場所にある民間トイレ所有者の皆様の御協力を得て、観光客や市民の皆様向けに開設されたトイレです。,601-1101,京都市左京区広河原尾花町,100778p.jpg,,075-222-3953,,https://www.city.kyoto.lg.jp/kankyo/page/0000331292.html,小便器１基、大便器１基（男女共用）※和式のみ。,終日,なし,,,,皆様が気持ちよく利用できるよう、マナーを守ってお使いください。,,,,,,,,,,,,,,,,,,,,,,,,,,,,,
環境政策局,まち美化推進課,1000002071,久多の里自然環境活用センター観光トイレ,くたのさとしぜんかんきょうかつようせんたーかんこうといれ,35.26329599,135.8243835,137,3,多くの観光客等が訪れる場所にある民間トイレ所有者の皆様の御協力を得て、観光客や市民の皆様向けに開設されたトイレです。,520-0462,京都市左京区久多下の町,100779p.jpg,,075-222-3953,,https://www.city.kyoto.lg.jp/kankyo/page/0000331294.html,男子小便器２基、大便器１基女子大便器２基※洋式化対応。,終日,なし,,,,皆様が気持ちよく利用できるよう、マナーを守ってお使いください。,,,,,,,,,,,,,,,,,,,,,,,,,,,,,
環境政策局,まち美化推進課,1000002072,花脊原地中の町観光トイレ,はなせはらちなかのまちかんこうといれ,35.23566529,135.7697013,137,3,多くの観光客等が訪れる場所にある民間トイレ所有者の皆様の御協力を得て、観光客や市民の皆様向けに開設されたトイレです。,601-1102,京都市左京区花脊原地町,100780p.jpg,,075-222-3953,,https://www.city.kyoto.lg.jp/kankyo/page/0000331297.html,小便器２基、大便器１基（男女共用）※和式のみ。,終日,なし,,,,皆様が気持ちよく利用できるよう、マナーを守ってお使いください。,,,,,,,,,,,,,,,,,,,,,,,,,,,,,
環境政策局,まち美化推進課,1000002073,花脊大悲山観光トイレ,はなせだいひざんかんこうといれ,35.23277259,135.7927698,137,3,多くの観光客等が訪れる場所にある民間トイレ所有者の皆様の御協力を得て、観光客や市民の皆様向けに開設されたトイレです。,601-1102,京都市左京区花脊原地町,100781p.jpg,,075-222-3953,,https://www.city.kyoto.lg.jp/kankyo/page/0000331298.html,小便器２基、大便器２基（男女共用）※和式のみ。,午前6時から午後5時まで,なし,,,,皆様が気持ちよく利用できるよう、マナーを守ってお使いください。,,,,,,,,,,,,,,,,,,,,,,,,,,,,,
環境政策局,まち美化推進課,1000002074,花脊観光トイレ,はなせかんこうといれ,35.20876,135.775707,137,3,多くの観光客等が訪れる場所にある民間トイレ所有者の皆様の御協力を得て、観光客や市民の皆様向けに開設されたトイレです。,601-1104,京都市左京区花脊大布施町,100782p.jpg,,075-222-3953,,https://www.city.kyoto.lg.jp/kankyo/page/0000331299.html,小便器２基、大便器１基（男女共用）※ウォシュレット付便座あり。洋式化対応。,午前8時から午後6時まで,なし,,,,皆様が気持ちよく利用できるよう、マナーを守ってお使いください。,,,,,,,,,,,,,,,,,,,,,,,,,,,,,
環境政策局,まち美化推進課,1000002075,別所自治会館観光トイレ,べっしょじちかいかんかんこうといれ,35.17039669,135.7827413,137,3,多くの観光客等が訪れる場所にある民間トイレ所有者の皆様の御協力を得て、観光客や市民の皆様向けに開設されたトイレです。,601-1105,京都市左京区花脊別所町,100783p.jpg,,075-222-3953,,https://www.city.kyoto.lg.jp/kankyo/page/0000331302.html,大便器１基（男女共用）大便器１基（女性専用）※洋式化対応。,午前8時から午後6時まで,なし,,,,皆様が気持ちよく利用できるよう、マナーを守ってお使いください。,,,,,,,,,,,,,,,,,,,,,,,,,,,,,
環境政策局,まち美化推進課,1000002076,貴船神社観光トイレ,きふねじんじゃかんこうといれ,35.12198365,135.7632421,137,3,多くの観光客等が訪れる場所にある民間トイレ所有者の皆様の御協力を得て、観光客や市民の皆様向けに開設されたトイレです。,601-1112,京都市左京区鞍馬貴船町,100784p.jpg,,075-222-3953,,https://www.city.kyoto.lg.jp/kankyo/page/0000331305.html,男子小便器３基、大便器１基女子大便器３基※洋式化対応。,終日,なし,,,,皆様が気持ちよく利用できるよう、マナーを守ってお使いください。,,,,,,,,,,,,,,,,,,,,,,,,,,,,,
環境政策局,まち美化推進課,1000002077,貴船一ノ谷観光トイレ,きぶねいちのたにかんこうといれ,35.11884984,135.7625107,137,3,多くの観光客等が訪れる場所にある民間トイレ所有者の皆様の御協力を得て、観光客や市民の皆様向けに開設されたトイレです。,601-1112,京都市左京区鞍馬貴船町,100785p.jpg,,075-222-3953,,https://www.city.kyoto.lg.jp/kankyo/page/0000331306.html,男子小便器４基、大便器１基女子大便器４基※ウォシュレット付便座あり。洋式化対応。,終日,なし,,,,皆様が気持ちよく利用できるよう、マナーを守ってお使いください。,,,,,,,,,,,,,,,,,,,,,,,,,,,,,
環境政策局,まち美化推進課,1000002078,叡山電鉄貴船口駅前観光トイレ,えいざんでんてつきぶねぐちえきまえかんこうといれ,35.10596489,135.7636864,137,3,多くの観光客等が訪れる場所にある民間トイレ所有者の皆様の御協力を得て、観光客や市民の皆様向けに開設されたトイレです。,601-1112,京都市左京区鞍馬貴船町,100786p.jpg,,075-222-3953,,https://www.city.kyoto.lg.jp/kankyo/page/0000331309.html,男子小便器２基、大便器２基女子大便器３基多機能１室※オストメイト対応。車いす利用可。ベビーチェア等あり。ウォシュレット付便座あり。洋式化対応。,終日,なし,,,,皆様が気持ちよく利用できるよう、マナーを守ってお使いください。,,,,,,,,,,,,,,,,,,,,,,,,,,,,,
環境政策局,まち美化推進課,1000002079,叡山電鉄八瀬比叡山口駅前観光トイレ,えいざんでんてつやせひえいざんぐちえきまえかんこうといれ,35.06518733,135.8085512,137,3,多くの観光客等が訪れる場所にある民間トイレ所有者の皆様の御協力を得て、観光客や市民の皆様向けに開設されたトイレです。,601-1254,京都市左京区八瀬野瀬町,100787p.jpg,,075-222-3953,,https://www.city.kyoto.lg.jp/kankyo/page/0000331315.html,男子小便器２基、大便器１基女子大便器２基※洋式化対応。おむつ交換台あり。フィッティングボードあり。 ,終日,なし,,,,皆様が気持ちよく利用できるよう、マナーを守ってお使いください。,,,,,,,,,,,,,,,,,,,,,,,,,,,,,
環境政策局,まち美化推進課,1000002080,松ヶ崎大黒天妙圓寺観光トイレ,まつがさきだいこくてんみょうえんじかんこうといれ,35.05376423,135.7859619,137,3,多くの観光客等が訪れる場所にある民間トイレ所有者の皆様の御協力を得て、観光客や市民の皆様向けに開設されたトイレです。,606-0943,京都市左京区松ヶ崎東町,100788p.jpg,,075-222-3953,,https://www.city.kyoto.lg.jp/kankyo/page/0000331330.html,男子大便器１基女子大便器２基※洋式化対応。,午前9時から午後5時まで,なし,,,,皆様が気持ちよく利用できるよう、マナーを守ってお使いください。,,,,,,,,,,,,,,,,,,,,,,,,,,,,,
環境政策局,まち美化推進課,1000002081,京都芸術大学観光トイレ,きょうとげいじゅつだいがくかんこうといれ,35.03731375,135.7918259,137,3,多くの観光客等が訪れる場所にある民間トイレ所有者の皆様の御協力を得て、観光客や市民の皆様向けに開設されたトイレです。,606-8271,京都市左京区北白川瓜生山,100789p.jpg,,075-222-3953,,https://www.city.kyoto.lg.jp/kankyo/page/0000331333.html,男子小便器１基、大便器１基女子大便器３基※和式のみ。,午前7時から午後7時まで,なし,,,,皆様が気持ちよく利用できるよう、マナーを守ってお使いください。,,,,,,,,,,,,,,,,,,,,,,,,,,,,,
環境政策局,まち美化推進課,1000002082,大豊神社観光トイレ,おおとよじんじゃかんこうといれ,35.01823836,135.7961815,137,3,多くの観光客等が訪れる場所にある民間トイレ所有者の皆様の御協力を得て、観光客や市民の皆様向けに開設されたトイレです。,606-8424,京都市左京区鹿ヶ谷宮ノ前町,100790p.jpg,,075-222-3953,,https://www.city.kyoto.lg.jp/kankyo/page/0000331334.html,大便器１基（男女共用）※洋式化対応。,午前7時から午後5時まで,なし,,,,皆様が気持ちよく利用できるよう、マナーを守ってお使いください。,,,,,,,,,,,,,,,,,,,,,,,,,,,,,
環境政策局,まち美化推進課,1000002083,南禅寺観光トイレ,なんぜんじかんこうといれ,35.01094995,135.7919985,137,3,多くの観光客等が訪れる場所にある民間トイレ所有者の皆様の御協力を得て、観光客や市民の皆様向けに開設されたトイレです。,606-8435,京都市左京区南禅寺福地町,100791p.jpg,,075-222-3953,,https://www.city.kyoto.lg.jp/kankyo/page/0000331336.html,主な設備:男子小便器４基、大便器１基女子大便器４基多機能１室※車いす利用可。ベビーチェア等あり。洋式化対応。 ,終日,なし,,,,皆様が気持ちよく利用できるよう、マナーを守ってお使いください。,,,,,,,,,,,,,,,,,,,,,,,,,,,,,
環境政策局,まち美化推進課,1000002084,知恩院観光トイレ,ちおんいんかんこうといれ,35.00542227,135.7812466,137,5,多くの観光客等が訪れる場所にある民間トイレ所有者の皆様の御協力を得て、観光客や市民の皆様向けに開設されたトイレです。,605-0062,京都市東山区林下町,100792p.jpg,,075-222-3953,,https://www.city.kyoto.lg.jp/kankyo/page/0000330531.html,男子小便器４基、大便器２基女子大便器５基多機能１室※車いす利用可。洋式化対応。,午前8時から午後8時まで,なし,,,,皆様が気持ちよく利用できるよう、マナーを守ってお使いください。,,,,,,,,,,,,,,,,,,,,,,,,,,,,,
環境政策局,まち美化推進課,1000002085,東福寺観光トイレ,とうふくじかんこうといれ,34.98104888,135.7715969,137,5,多くの観光客等が訪れる場所にある民間トイレ所有者の皆様の御協力を得て、観光客や市民の皆様向けに開設されたトイレです。,605-0981,京都市東山区本町15丁目,100793p.jpg,,075-222-3953,,https://www.city.kyoto.lg.jp/kankyo/page/0000331337.html,男子小便器２基、大便器１基女子大便器２基多機能１室※車いす利用可。ベビーチェア等あり。ウォシュレット付便座あり。洋式化対応。,終日,なし,,,,皆様が気持ちよく利用できるよう、マナーを守ってお使いください。,,,,,,,,,,,,,,,,,,,,,,,,,,,,,
環境政策局,まち美化推進課,1000002086,日向大神宮観光トイレ,ひむかいだいじんぐうかんこうといれ,35.00616383,135.7950476,137,6,多くの観光客等が訪れる場所にある民間トイレ所有者の皆様の御協力を得て、観光客や市民の皆様向けに開設されたトイレです。,607-8492,京都市山科区日ノ岡夷谷町,100794p.jpg,,075-222-3953,,https://www.city.kyoto.lg.jp/kankyo/page/0000331338.html,小便器１基、大便器１基（男女共用）※和式のみ。,終日,なし,,,,皆様が気持ちよく利用できるよう、マナーを守ってお使いください。,,,,,,,,,,,,,,,,,,,,,,,,,,,,,
環境政策局,まち美化推進課,1000002087,毘沙門堂観光トイレ,びしゃもんどうかんこうといれ,35.001556,135.818111,137,6,多くの観光客等が訪れる場所にある民間トイレ所有者の皆様の御協力を得て、観光客や市民の皆様向けに開設されたトイレです。,607-8003,京都市山科区安朱稲荷山町,100795p.jpg,,075-222-3953,,https://www.city.kyoto.lg.jp/kankyo/page/0000331339.html,小便器３基、大便器２基（男女共用）※洋式化対応。,終日,なし,,,,皆様が気持ちよく利用できるよう、マナーを守ってお使いください。,,,,,,,,,,,,,,,,,,,,,,,,,,,,,
環境政策局,まち美化推進課,1000002088,牛尾山法厳寺観光トイレ,うしのうざんほうごんじかんこうといれ,34.96916142,135.8475819,137,6,多くの観光客等が訪れる場所にある民間トイレ所有者の皆様の御協力を得て、観光客や市民の皆様向けに開設されたトイレです。,607-0000,京都市山科区音羽南谷,100796p.jpg,,075-222-3953,,https://www.city.kyoto.lg.jp/kankyo/page/0000331340.html,小便器２基、大便器２基（男女共用）※和式のみ。,午前8時30分から午後5時まで,なし,,,,皆様が気持ちよく利用できるよう、マナーを守ってお使いください。,,,,,,,,,,,,,,,,,,,,,,,,,,,,,
環境政策局,まち美化推進課,1000002089,京北下中町運動広場観光トイレ,けいほくしもなかちょううんどうひろばかんこうといれ,35.19386872,135.6403612,137,9,多くの観光客等が訪れる場所にある民間トイレ所有者の皆様の御協力を得て、観光客や市民の皆様向けに開設されたトイレです。,601-0533,京都市右京区京北下中町寺ノ下,100797p.jpg,,075-222-3953,,https://www.city.kyoto.lg.jp/kankyo/page/0000331341.html,小便器１基、大便器２基（男女共用）※洋式化対応。,終日,なし,,,,皆様が気持ちよく利用できるよう、マナーを守ってお使いください。,,,,,,,,,,,,,,,,,,,,,,,,,,,,,
環境政策局,まち美化推進課,1000002090,愛宕ゆうこうの郷観光トイレ,あたごゆうこうのさとかんこうといれ,35.07644794,135.6118649,137,9,多くの観光客等が訪れる場所にある民間トイレ所有者の皆様の御協力を得て、観光客や市民の皆様向けに開設されたトイレです。,616-8475,京都市右京区嵯峨樒原宮ノ上町,100798p.jpg,,075-222-3953,,https://www.city.kyoto.lg.jp/kankyo/page/0000331342.html,大便器１基（男女共用）※オストメイト対応。車いす利用可。ウォシュレット付便座あり。洋式化対応。,午前9時から午後6時まで,なし,,,,皆様が気持ちよく利用できるよう、マナーを守ってお使いください。,,,,,,,,,,,,,,,,,,,,,,,,,,,,,
環境政策局,まち美化推進課,1000002091,水尾自治会バス乗務員待合所観光トイレ,みずおじちかいばすじょうむいんまちあいしょかんこうといれ,35.04314705,135.6262964,137,9,多くの観光客等が訪れる場所にある民間トイレ所有者の皆様の御協力を得て、観光客や市民の皆様向けに開設されたトイレです。,616-8462,京都市右京区嵯峨水尾岡ノ窪町,100799p.jpg,,075-222-3953,,https://www.city.kyoto.lg.jp/kankyo/page/0000330549.html,大便器１基（男女共用）女子大便器１基（女性専用）※ウォシュレット付便座あり。洋式化対応。,終日,なし,,,,皆様が気持ちよく利用できるよう、マナーを守ってお使いください。,,,,,,,,,,,,,,,,,,,,,,,,,,,,,
環境政策局,まち美化推進課,1000002092,あだしの念仏寺前今井駐車場観光トイレ,あだしのねんぶつじまえいまいちゅうしゃじょうかんこうといれ,35.02824369,135.6655592,137,9,多くの観光客等が訪れる場所にある民間トイレ所有者の皆様の御協力を得て、観光客や市民の皆様向けに開設されたトイレです。,616-8431,京都市右京区嵯峨鳥居本一華表町,100800p.jpg,,075-222-3953,,https://www.city.kyoto.lg.jp/kankyo/page/0000331343.html,小便器２基、大便器２基（男女共用）※和式のみ。,午前9時から午後7時まで,なし,,,,皆様が気持ちよく利用できるよう、マナーを守ってお使いください。,,,,,,,,,,,,,,,,,,,,,,,,,,,,,
環境政策局,まち美化推進課,1000002093,広沢池南バスプール観光トイレ,ひろさわのいけみなみばすぷーるかんこうといれ,35.02572419,135.6875564,137,9,多くの観光客等が訪れる場所にある民間トイレ所有者の皆様の御協力を得て、観光客や市民の皆様向けに開設されたトイレです。,616-8306,京都市右京区嵯峨広沢西裏町,100801p.jpg,,075-222-3953,,https://www.city.kyoto.lg.jp/kankyo/page/0000331452.html,男子大便器１基女子大便器１基※洋式化対応。,午前8時45分から午後6時45分まで,12月26日から1月5日,,,,皆様が気持ちよく利用できるよう、マナーを守ってお使いください。,,,,,,,,,,,,,,,,,,,,,,,,,,,,,
環境政策局,まち美化推進課,1000002094,樫原公会堂観光トイレ,かたぎはらこうかいどうかんこうといれ,34.97479678,135.691109,137,10,多くの観光客等が訪れる場所にある民間トイレ所有者の皆様の御協力を得て、観光客や市民の皆様向けに開設されたトイレです。,615-8177,京都市西京区樫原下ノ町,100802p.jpg,,075-222-3953,,https://www.city.kyoto.lg.jp/kankyo/page/0000331453.html,男子小便器１基、大便器１基女子大便器１基※ウォシュレット付便座あり。洋式化対応。,終日,なし,,,,皆様が気持ちよく利用できるよう、マナーを守ってお使いください。,,,,,,,,,,,,,,,,,,,,,,,,,,,,,
環境政策局,まち美化推進課,1000002095,善峯寺バス停前観光トイレ,よしみねでらばすていまえかんこうといれ,34.937941,135.646459,137,10,多くの観光客等が訪れる場所にある民間トイレ所有者の皆様の御協力を得て、観光客や市民の皆様向けに開設されたトイレです。,610-1133,京都市西京区大原野小塩町,100803p.jpg,,075-222-3953,,https://www.city.kyoto.lg.jp/kankyo/page/0000331457.html,男子小便器２基、大便器２基女子大便器４基※洋式化対応。,午前7時から午後6時まで,なし,,,,皆様が気持ちよく利用できるよう、マナーを守ってお使いください。,,,,,,,,,,,,,,,,,,,,,,,,,,,,,
環境政策局,まち美化推進課,1000002096,叡山電鉄鞍馬駅前観光トイレ,えいざんでんてつくらまえきまえかんこうといれ,35.11287278,135.7724297,137,3,多くの観光客等が訪れる場所にある民間トイレ所有者の皆様の御協力を得て、観光客や市民の皆様向けに開設されたトイレです。,601-1111,京都市左京区鞍馬本町,100804p.jpg,,075-222-3953,,https://www.city.kyoto.lg.jp/kankyo/page/0000331459.html,男子小便器１基、大便器１基女子大便器２基※ベビーチェア等あり。ウォシュレット付便座あり。洋式化対応。,終日,なし,,,,皆様が気持ちよく利用できるよう、マナーを守ってお使いください。,,,,,,,,,,,,,,,,,,,,,,,,,,,,,
環境政策局,まち美化推進課,1000002097,赤山禅院観光トイレ,せきざんぜんいんかんこうといれ,35.05580059,135.8017399,137,3,多くの観光客等が訪れる場所にある民間トイレ所有者の皆様の御協力を得て、観光客や市民の皆様向けに開設されたトイレです。,606-8036,京都市左京区修学院開根坊町,100805p.jpg,,075-222-3953,,https://www.city.kyoto.lg.jp/kankyo/page/0000331460.html,男子小便器２基、大便器１基女子大便器３基※洋式化対応。,午前6時から午後5時まで,なし,,,,皆様が気持ちよく利用できるよう、マナーを守ってお使いください。,,,,,,,,,,,,,,,,,,,,,,,,,,,,,
環境政策局,まち美化推進課,1000002098,八瀬観光トイレ,やせかんこうといれ,35.08368463,135.8184466,137,3,多くの観光客等が訪れる場所にある民間トイレ所有者の皆様の御協力を得て、観光客や市民の皆様向けに開設されたトイレです。,601-1252,京都市左京区八瀬秋元町,100806p.jpg,,075-222-3953,,https://www.city.kyoto.lg.jp/kankyo/page/0000331464.html,小便器１基、大便器２基（男女共用）※オストメイト対応。ウォシュレット付便座あり。洋式化対応。,午前9時から午後5時まで,なし,,,,皆様が気持ちよく利用できるよう、マナーを守ってお使いください。,,,,,,,,,,,,,,,,,,,,,,,,,,,,,
環境政策局,まち美化推進課,1000002099,愛宕神社山頂観光トイレ,あたごじんじゃさんちょうかんこうといれ,35.05786949,135.6339286,137,9,多くの観光客等が訪れる場所にある民間トイレ所有者の皆様の御協力を得て、観光客や市民の皆様向けに開設されたトイレです。,616-8458,京都市右京区嵯峨愛宕町,100807p.jpg,,075-222-3953,,https://www.city.kyoto.lg.jp/kankyo/page/0000331465.html,男子大便器１基女子大便器２基※洋式化対応。,終日,なし,,,,皆様が気持ちよく利用できるよう、マナーを守ってお使いください。,,,,,,,,,,,,,,,,,,,,,,,,,,,,,
環境政策局,まち美化推進課,1000002100,平岡八幡宮観光トイレ,ひらおかはちまんぐうかんこうといれ,35.04040413,135.687915,137,9,多くの観光客等が訪れる場所にある民間トイレ所有者の皆様の御協力を得て、観光客や市民の皆様向けに開設されたトイレです。,616-8271,京都市右京区梅ケ畑宮ノ口町,100808p.jpg,,075-222-3953,,https://www.city.kyoto.lg.jp/kankyo/page/0000331466.html,小便器１基、大便器１基（男女共用）※ウォシュレット付便座あり。洋式化対応。,終日,なし,,,,皆様が気持ちよく利用できるよう、マナーを守ってお使いください。,,,,,,,,,,,,,,,,,,,,,,,,,,,,,
環境政策局,まち美化推進課,1000002101,松尾大社観光トイレ,まつおたいしゃかんこうといれ,35.000389,135.686194,137,10,多くの観光客等が訪れる場所にある民間トイレ所有者の皆様の御協力を得て、観光客や市民の皆様向けに開設されたトイレです。,616-0024,京都市西京区嵐山宮町,100809p.jpg,,075-222-3953,,https://www.city.kyoto.lg.jp/kankyo/page/0000331467.html,男子小便器５基、大便器２基女子大便器６基多機能１室※車いす利用可。洋式化対応。,午前7時から午後6時まで,なし,,,,皆様が気持ちよく利用できるよう、マナーを守ってお使いください。,,,,,,,,,,,,,,,,,,,,,,,,,,,,,
環境政策局,まち美化推進課,1000002102,下桂御霊神社観光トイレ,しもかつらごりょうじんじゃかんこうといれ,34.98478153,135.7077895,137,10,多くの観光客等が訪れる場所にある民間トイレ所有者の皆様の御協力を得て、観光客や市民の皆様向けに開設されたトイレです。,615-8016,京都市西京区桂久方町,100810p.jpg,,075-222-3953,,https://www.city.kyoto.lg.jp/kankyo/page/0000331468.html,小便器２基、大便器１基（男女共用）※ウォシュレット付便座あり。洋式化対応。,終日,なし,,,,皆様が気持ちよく利用できるよう、マナーを守ってお使いください。,,,,,,,,,,,,,,,,,,,,,,,,,,,,,
環境政策局,まち美化推進課,1000002103,石田の天穂日命神社観光トイレ,いしだのあめのほひのみことじんじゃかんこうといれ,34.93974628,135.8018564,137,11,多くの観光客等が訪れる場所にある民間トイレ所有者の皆様の御協力を得て、観光客や市民の皆様向けに開設されたトイレです。,601-1437,京都市伏見区石田森西町,100811p.jpg,,075-222-3953,,https://www.city.kyoto.lg.jp/kankyo/page/0000331469.html,小便器２基、大便器１基（男女共用）※ウォシュレット付便座あり。洋式化対応。,終日,なし,,,,皆様が気持ちよく利用できるよう、マナーを守ってお使いください。,,,,,,,,,,,,,,,,,,,,,,,,,,,,,
環境政策局,まち美化推進課,1000002104,広河原トラウトタウン観光トイレ,ひろがわらとらうとたうんかんこうといれ,35.25922103,135.7512394,137,3,多くの観光客等が訪れる場所にある民間トイレ所有者の皆様の御協力を得て、観光客や市民の皆様向けに開設されたトイレです。,601-1101,京都市左京区広河原菅原町,100812p.jpg,,075-222-3953,,https://www.city.kyoto.lg.jp/kankyo/page/0000331470.html,小便器１基、大便器１基（男女共用）※ウォシュレット付便座あり。洋式化対応。,終日,なし,,,,皆様が気持ちよく利用できるよう、マナーを守ってお使いください。,,,,,,,,,,,,,,,,,,,,,,,,,,,,,
環境政策局,まち美化推進課,1000002105,粟田神社観光トイレ,あわたじんじゃかんこうといれ,35.008094,135.784906,137,5,多くの観光客等が訪れる場所にある民間トイレ所有者の皆様の御協力を得て、観光客や市民の皆様向けに開設されたトイレです。,605-0051,京都市東山区粟田口鍛冶町,100813p.jpg,,075-222-3953,,https://www.city.kyoto.lg.jp/kankyo/page/0000330427.html,男子小便器１基、大便器１基女子大便器２基※ウォシュレット付便座あり。洋式化対応。,午前6時から午後5時まで,なし,,,,皆様が気持ちよく利用できるよう、マナーを守ってお使いください。,,,,,,,,,,,,,,,,,,,,,,,,,,,,,
環境政策局,まち美化推進課,1000002106,東福寺日下門トイレ,とうふくじにっかもんかんこうといれ,34.97644799,135.7729529,137,5,多くの観光客等が訪れる場所にある民間トイレ所有者の皆様の御協力を得て、観光客や市民の皆様向けに開設されたトイレです。,605-0981,京都市東山区本町15丁目,100814p.jpg,,075-222-3953,,https://www.city.kyoto.lg.jp/kankyo/page/0000331471.html,男子小便器５基、大便器１基女子大便器４基多機能１室※車いす利用可。ベビーチェア等あり。ウォシュレット付便座あり。洋式化対応。,午前8時30分から午後4時30分まで,なし,,,,皆様が気持ちよく利用できるよう、マナーを守ってお使いください。,,,,,,,,,,,,,,,,,,,,,,,,,,,,,
環境政策局,まち美化推進課,1000002107,三十三間堂観光トイレ,さんじゅうさんげんどうかんこうといれ,34.98889263,135.7713092,137,5,多くの観光客等が訪れる場所にある民間トイレ所有者の皆様の御協力を得て、観光客や市民の皆様向けに開設されたトイレです。,605-0941,京都市東山区三十三間堂廻り,100815p.jpg,,075-222-3953,,https://www.city.kyoto.lg.jp/kankyo/page/0000331472.html,男子小便器６基、大便器３基女子大便器８基多機能１室※オストメイト対応。車いす利用可。ベビーチェア等あり。ウォシュレット付便座あり。洋式化対応。,午前8時から午後4時まで,なし,,,,皆様が気持ちよく利用できるよう、マナーを守ってお使いください。,,,,,,,,,,,,,,,,,,,,,,,,,,,,,
環境政策局,まち美化推進課,1000002108,熊鷹の滝観光トイレ,くまたかのたきかんこうといれ,34.96309191,135.780862,137,11,多くの観光客等が訪れる場所にある民間トイレ所有者の皆様の御協力を得て、観光客や市民の皆様向けに開設されたトイレです。,612-0812,京都市伏見区深草坊山町,100816p.jpg,,075-222-3953,,https://www.city.kyoto.lg.jp/kankyo/page/0000331473.html,大便器１基（男女共用）※洋式化対応。,終日,なし,,,,皆様が気持ちよく利用できるよう、マナーを守ってお使いください。,,,,,,,,,,,,,,,,,,,,,,,,,,,,,
環境政策局,まち美化推進課,1000002109,叡山電鉄二ノ瀬駅前観光トイレ,えいざんでんてつにのせえきまえかんこうといれ,35.09784773,135.7631149,137,3,多くの観光客等が訪れる場所にある民間トイレ所有者の皆様の御協力を得て、観光客や市民の皆様向けに開設されたトイレです。,601-1113,京都市左京区鞍馬二ノ瀬町,100817p.jpg,,075-222-3953,,https://www.city.kyoto.lg.jp/kankyo/page/0000331474.html,男子小便器１基、大便器１基女子大便器２基※ウォシュレット付便座あり。洋式化対応。,終日,なし,,,,皆様が気持ちよく利用できるよう、マナーを守ってお使いください。,,,,,,,,,,,,,,,,,,,,,,,,,,,,,
環境政策局,まち美化推進課,1000002110,東寺観光トイレ,とうじかんこうといれ,34.98206733,135.7481448,137,8,多くの観光客等が訪れる場所にある民間トイレ所有者の皆様の御協力を得て、観光客や市民の皆様向けに開設されたトイレです。,601-8473,京都市南区九条町,100818p.jpg,,075-222-3953,,https://www.city.kyoto.lg.jp/kankyo/page/0000330277.html,男子小便器８基、大便器２基女子大便器１１基多機能１室※オストメイト対応。車いす利用可。ベビーチェア等あり。ウォシュレット付便座あり。洋式化対応。,午前5時から午後5時まで,なし,,,,皆様が気持ちよく利用できるよう、マナーを守ってお使いください。,,,,,,,,,,,,,,,,,,,,,,,,,,,,,
環境政策局,まち美化推進課,1000002111,鈴虫寺観光トイレ,すずむしでらかんこうといれ,34.99377105,135.6853323,137,10,多くの観光客等が訪れる場所にある民間トイレ所有者の皆様の御協力を得て、観光客や市民の皆様向けに開設されたトイレです。,615-8294,京都市西京区松室地家町,100819p.jpg,,075-222-3953,,https://www.city.kyoto.lg.jp/kankyo/page/0000331475.html,大便器２基（男女共用）※洋式化対応。,午前9時から午後5時まで,なし,,,,皆様が気持ちよく利用できるよう、マナーを守ってお使いください。,,,,,,,,,,,,,,,,,,,,,,,,,,,,,
環境政策局,まち美化推進課,1000002112,嵐電北野白梅町駅観光トイレ,らんでんきたのはくばいちょうえきかんこうといれ,35.0274191,135.7308989,137,1,多くの観光客等が訪れる場所にある民間トイレ所有者の皆様の御協力を得て、観光客や市民の皆様向けに開設されたトイレです。,603-8325,京都市北区北野上白梅町,100820p.jpg,,075-222-3953,,https://www.city.kyoto.lg.jp/kankyo/page/0000331476.html,男子小便器２基、大便器１基女子大便器３基多機能２室※オストメイト対応。車いす利用可。ベビーチェア等あり。ウォシュレット付便座あり。洋式化対応。,終日,なし,,,,皆様が気持ちよく利用できるよう、マナーを守ってお使いください。,,,,,,,,,,,,,,,,,,,,,,,,,,,,,
環境政策局,まち美化推進課,1000002113,嵐電嵐山駅観光トイレ,らんでんあらしやまえきかんこうといれ,35.01530009,135.6779008,137,9,多くの観光客等が訪れる場所にある民間トイレ所有者の皆様の御協力を得て、観光客や市民の皆様向けに開設されたトイレです。,616-8384,京都市右京区嵯峨天龍寺造路町,100821p.jpg,,075-222-3953,,https://www.city.kyoto.lg.jp/kankyo/page/0000330558.html,男子小便器３基、大便器２基女子大便器７基多機能１室※オストメイト対応。車いす利用可。ベビーチェア等あり。ウォシュレット付便座あり。洋式化対応。,午前8時から午前0時まで,なし,,,,皆様が気持ちよく利用できるよう、マナーを守ってお使いください。,,,,,,,,,,,,,,,,,,,,,,,,,,,,,
環境政策局,まち美化推進課,1000002114,大覚寺観光トイレ,だいかくじかんこうといれ,35.02715565,135.677721,137,9,多くの観光客等が訪れる場所にある民間トイレ所有者の皆様の御協力を得て、観光客や市民の皆様向けに開設されたトイレです。,616-8417,京都市右京区嵯峨大覚寺門前六道町,100822p.jpg,,075-222-3953,,https://www.city.kyoto.lg.jp/kankyo/page/0000330560.html,男子小便器４基、大便器２基女子大便器６基多機能１室※車いす利用可。ベビーチェア等あり。ウォシュレット付便座あり。洋式化対応。,終日（多目的トイレのみ、午前９時から午後４時３０分まで）,なし,,,,皆様が気持ちよく利用できるよう、マナーを守ってお使いください。,,,,,,,,,,,,,,,,,,,,,,,,,,,,,
環境政策局,まち美化推進課,1000002115,熊野若王子神社観光トイレ,くまのにゃくおうじじんじゃかんこうといれ,35.01567027,135.7963052,137,3,多くの観光客等が訪れる場所にある民間トイレ所有者の皆様の御協力を得て、観光客や市民の皆様向けに開設されたトイレです。,606-8444,京都市左京区若王子町,100823p.jpg,,075-222-3953,,https://www.city.kyoto.lg.jp/kankyo/page/0000331477.html,小便器１基、大便器１基（男女共用）※ウォシュレット付便座あり。洋式化対応。,午前9時から午後5時まで,なし,,,,皆様が気持ちよく利用できるよう、マナーを守ってお使いください。,,,,,,,,,,,,,,,,,,,,,,,,,,,,,
環境政策局,まち美化推進課,1000002116,八大神社観光トイレ,はちだいじんじゃかんこうといれ,35.04336294,135.7966524,137,3,多くの観光客等が訪れる場所にある民間トイレ所有者の皆様の御協力を得て、観光客や市民の皆様向けに開設されたトイレです。,606-8156,京都市左京区一乗寺松原町,100824p.jpg,,075-222-3953,,https://www.city.kyoto.lg.jp/kankyo/page/0000331479.html,小便器１基、大便器１基（男女共用）※ウォシュレット付便座あり。洋式化対応。,終日,なし,,,,皆様が気持ちよく利用できるよう、マナーを守ってお使いください。,,,,,,,,,,,,,,,,,,,,,,,,,,,,,
環境政策局,まち美化推進課,1000002117,清水坂観光駐車場トイレ,きよみずざかかんこうちゅうしゃじょうといれ,34.9967518,135.7796803,137,5,京都市が設置している、観光客や市民の皆様向けに開設されたトイレです。,605-0862,京都市東山区清水2丁目,100825p.jpg,,075-222-3953,,https://www.city.kyoto.lg.jp/kankyo/page/0000330386.html,男子小便器３基、大便器１基女子大便器４基多機能１室※車いす利用可。洋式化対応。,終日,なし,,,,皆様が気持ちよく利用できるよう、マナーを守ってお使いください。,,,,,,,,,,,,,,,,,,,,,,,,,,,,,
環境政策局,まち美化推進課,1000002118,嵐山観光駐車場トイレ,あらしやまかんこうちゅうしゃじょうといれ,35.013972,135.680083,137,9,京都市が設置している、観光客や市民の皆様向けに開設されたトイレです。,616-8384,京都市右京区嵯峨天龍寺造路町,100826p.jpg,,075-222-3953,,https://www.city.kyoto.lg.jp/kankyo/page/0000330532.html,男子小便器６基、大便器２基女子大便器６基多機能２室※オストメイト対応。車いす利用可。ベビーチェア等あり。ウォシュレット付便座あり。洋式化対応。,終日,なし,,,,皆様が気持ちよく利用できるよう、マナーを守ってお使いください。,,,,,,,,,,,,,,,,,,,,,,,,,,,,,
環境政策局,まち美化推進課,1000002119,銀閣寺観光駐車場トイレ,ぎんかくじかんこうちゅうしゃじょうといれ,35.026829,135.795045,137,3,京都市が設置している、観光客や市民の皆様向けに開設されたトイレです。,606-8406,京都市左京区浄土寺石橋町,100827p.jpg,,075-222-3953,,https://www.city.kyoto.lg.jp/kankyo/page/0000331211.html,男子小便器２基、大便器１基女子大便器３基※洋式化対応。,終日,なし,,,,皆様が気持ちよく利用できるよう、マナーを守ってお使いください。,,,,,,,,,,,,,,,,,,,,,,,,,,,,,
環境政策局,まち美化推進課,1000002120,高雄観光駐車場トイレ,たかおかんこうちゅうしゃじょうといれ,35.060637,135.679271,137,9,京都市が設置している、観光客や市民の皆様向けに開設されたトイレです。,616-8296,京都市右京区梅ケ畑川西町,100828p.jpg,,075-222-3953,,https://www.city.kyoto.lg.jp/kankyo/page/0000331251.html,男子小便器４基、大便器１基女子大便器３基多機能１室※車いす利用可。洋式化対応。,終日,なし,,,,皆様が気持ちよく利用できるよう、マナーを守ってお使いください。,,,,,,,,,,,,,,,,,,,,,,,,,,,,,
環境政策局,まち美化推進課,1000002121,嵯峨公園トイレ,さがこうえんといれ,35.01980802,135.6728247,137,9,京都市が設置している、観光客や市民の皆様向けに開設されたトイレです。,616-8375,京都市右京区嵯峨天龍寺立石町,100829p.jpg,,075-222-3953,,https://www.city.kyoto.lg.jp/kankyo/page/0000330547.html,男子小便器１基、大便器１基女子大便器１基多機能１室※車いす利用可。ベビーチェア等あり。洋式化対応。,終日,なし,,,,皆様が気持ちよく利用できるよう、マナーを守ってお使いください。,,,,,,,,,,,,,,,,,,,,,,,,,,,,,
環境政策局,まち美化推進課,1000002122,京都御池創生館トイレ,きょうとおいけそうせいかんといれ,35.011139,135.764929,137,4,京都市が設置している、観光客や市民の皆様向けに開設されたトイレです。,604-0954,京都市中京区東八幡町,100830p.jpg,,075-222-3953,,https://www.city.kyoto.lg.jp/kankyo/page/0000331249.html,男子小便器３基、大便器１基女子大便器２基多機能１室※車いす利用可。ベビーチェア等あり。洋式化対応。,終日,なし,,,,皆様が気持ちよく利用できるよう、マナーを守ってお使いください。,,,,,,,,,,,,,,,,,,,,,,,,,,,,,
環境政策局,まち美化推進課,1000002123,船岡山公園（上）公衆トイレ,ふなおかやまこうえんうえこうしゅうといれ,35.03939239,135.7425751,137,1,京都市が設置している、観光客や市民の皆様向けに開設されたトイレです。,603-8227,京都市北区紫野北舟岡町,100831p.jpg,,075-222-3953,,https://www.city.kyoto.lg.jp/kankyo/page/0000331176.html,男子小便器２基、大便器１基女子大便器２基多機能１室※車いす利用可。洋式化対応。,終日,なし,,,,皆様が気持ちよく利用できるよう、マナーを守ってお使いください。,,,,,,,,,,,,,,,,,,,,,,,,,,,,,
環境政策局,まち美化推進課,1000002124,船岡山公園（下）公衆トイレ,ふなおかやまこうえんしたこうしゅうといれ,35.040028,135.741000,137,1,京都市が設置している、観光客や市民の皆様向けに開設されたトイレです。,603-8234,京都市北区紫野下若草町,100832p.jpg,,075-222-3953,,https://www.city.kyoto.lg.jp/kankyo/page/0000331177.html,男子小便器２基、大便器１基女子大便器２基多機能１室※車いす利用可。洋式化対応。,終日,なし,,,,皆様が気持ちよく利用できるよう、マナーを守ってお使いください。,,,,,,,,,,,,,,,,,,,,,,,,,,,,,
環境政策局,まち美化推進課,1000002125,隨心院観光トイレ,ずいしんいんかんこうといれ,34.960087,135.816468,137,6,多くの観光客等が訪れる場所にある民間トイレ所有者の皆様の御協力を得て、観光客や市民の皆様向けに開設されたトイレです。,607-8257,京都市山科区小野御霊町35番地,100833p.jpg,,075-222-3953,,https://www.city.kyoto.lg.jp/kankyo/page/0000333378.html,男子大便器１基女子大便器２基※ウォシュレット付便座あり。洋式化対応。,終日,なし,,,,皆様が気持ちよく利用できるよう、マナーを守ってお使いください。,,,,,,,,,,,,,,,,,,,,,,,,,,,,,
子ども若者はぐくみ局,子ども若者未来部育成推進課,1000002126,朱雀みぎわ学童保育所,すざくみぎわがくどうほいくしょ,35.0072,135.74423,114,4,ひとり親家庭、両親の共働きその他の事情などで昼間留守になる家庭の小学生の児童を、放課後安全に保護し、かつ、健やかに育成する学童クラブ事業を実施しています。,604-8871,京都市中京区壬生朱雀町8-2　朱雀第一小学校内,,（福）美樹和会,080-7054-4358,,http://www.city.kyoto.lg.jp/hagukumi/page/0000032935.html,遊戯室、育成室等,月〜金：放課後〜18:30土：8:00〜18:30,日曜日、祝日、年末年始（12/29〜1/3）,,,,,,,,,,,,,,,,,,,,,,,,,,,,,,,,,
環境政策局,まち美化推進課,1000002127,御香宮神社観光トイレ,ごこうぐうじんじゃかんこうといれ,34.9344617,135.7671058,137,11,多くの観光客等が訪れる場所にある民間トイレ所有者の皆様の御協力を得て、観光客や市民の皆様向けに開設されたトイレです。,612-8039,京都市伏見区御香宮門前町174,100834p.jpg,,075-222-3953,,https://www.city.kyoto.lg.jp/kankyo/page/0000337008.html,男子小便器２基、大便器１基女子大便器３基,終日,なし,,,,皆様が気持ちよく利用できるよう、マナーを守ってお使いください。,,,,,,,,,,,,,,,,,,,,,,,,,,,,,
子ども若者はぐくみ局,育成推進課,1000002128,桂川乳幼児親子のつどいの広場　もこもこ,かつらがわにゅうようじおやこのつどいのひろば　もこもこ,34.9648707,135.7122792,115,8,子育て中の親子（主に乳幼児）が気軽に集い、交流する場です。子育てアドバイザーによる子育て相談も行っています。 ,601-8212,京都市南区久世上久世町161番地たすけあい活動スペース　りんく・る　2階,,,075-874-2951,,,,10:00〜16:00,金曜、土曜、祝日及び年末年始 ,無料（ただし、材料代等の実費をご負担いただく場合があります。） ,,,,子育て支援活動いきいきセンター（つどいの広場）,,,,,,,,,,,,,,,,,,,,,,,,,,,,
教育委員会,学校事務支援室,1000002129,栄桜小中学校,えいおうしょうちゅうがっこう,34.942776,135.798248,139,11,,601-1462,京都市南区久世上久世町161番地たすけあい活動スペース　りんく・る　2階,,,075-574-7032,075-572-3772,https://cms.edu.city.kyoto.jp/weblog/index.php?id=118309,,,,,,,,,,,,,,,,,,,,,,,,,,,,,,,,,,,,
教育委員会,学校事務支援室,1000002130,洛西陵明小中学校,らくさいりょうめいしょうちゅうがっこう,34.957325,135.682327,139,10,,610-1113,京都市西京区大枝南福西町一町目7,,,075-323-7474,075-332-0022,https://cms.edu.city.kyoto.jp/weblog/index.php?id=118200,,,,,,,,,,,,,,,,,,,,,,,,,,,,,,,,,,,,
伏見区役所,地域力推進室,1000002131,伏見保健福祉センター,ふしみほけんふくしせんたー,34.936068,135.7615,101,11,,612-8511,京都市伏見区鷹匠町39-2,,,050-1722-5740（代表）,,http://www.city.kyoto.lg.jp/fushimi/index.html,,,,,,,,,,,,,,,,,,,,,,,,,,,,,,,,,,,,
文化市民局,くらし安全推進課,1000002132,ＪＲ西大路駅北側喫煙場所,じぇいあーるにしおおじえききたがわきつえんばしょ,34.98192219,135.7326058,138,8,,,京都市南区吉祥院西ノ庄門口町　地先　JR西大路駅北側,,京都市,075-222-3193,,http://www.city.kyoto.lg.jp/bunshi/page/0000027498.html,,,,,,,,,,,,,,,,,,,,,,,,,,,,,,,,,,,,
環境政策局,まち美化推進課,1000002133,北野天満宮梅苑南観光トイレ,きたのてんまんぐうばいえんみなみかんこうといれ,35.02832165,135.7353128,137,2,多くの観光客等が訪れる場所にある民間トイレ所有者の皆様の御協力を得て、観光客や市民の皆様向けに開設されたトイレです。,602-8386,京都市上京区馬喰町 ,100835p.jpg,,075-222-3953,,https://www.city.kyoto.lg.jp/kankyo/page/0000348086.html,男子小便器８基、大便器２基女子大便器１２基多機能２室※オストメイト対応。車いす利用可。ベビーチェア等あり。温水洗浄便座あり。洋式化対応。,午前6時30分から午後11時30分まで,なし,,,,皆様が気持ちよく利用できるよう、マナーを守ってお使いください。 ,,,,,,,,,,,,,,,,,,,,,,,,,,,,,
環境政策局,まち美化推進課,1000002134,嵐電帷子ノ辻駅観光トイレ,らんでんかたびらのつじえきかんこうといれ,35.01536447,135.700238,137,9,多くの観光客等が訪れる場所にある民間トイレ所有者の皆様の御協力を得て、観光客や市民の皆様向けに開設されたトイレです。,616-8151,京都市右京区太秦帷子ケ辻町３０-３,100836p.jpg,,075-222-3953,,https://www.city.kyoto.lg.jp/kankyo/page/0000350199.html,男子小便器２基、大便器１基女子大便器１基多機能１室※おむつ交換台あり。洋式化対応。,午前7時から午後11時まで,なし,,,,皆様が気持ちよく利用できるよう、マナーを守ってお使いください。 ,,,,,,,,,,,,,,,,,,,,,,,,,,,,,
都市計画局,まち再生・創造推進室　,100002135,京都市交流促進・まちづくりプラザ,きょうとしこうりゅうそくしん・まちづくりぷらざ,34.96828417,135.7031174,102,10,子どもからシニアまで世代を超えて交流ができるコミュニティスペースとして、どなたでもご利用いただける、あそび場、多目的室・ライブラリー、カフェからなる複合施設です。,615-8104,京都府京都市西京区川島五反長町18-2,100837p｡Jpg,株式会社ボーネルンド,075-393-3737,,https://kyoto-machipla.com/,ホームページをご覧下さい。,「ガタゴト」10：00〜18：00（最終受付17：00）「プレイフル・カフェ」10：00〜18：00（L.O16：30）「多目的室」10：00〜17：00（月〜木）10：00〜20：00（金〜日）,"毎月第2,4火曜日、年末年始12/29〜1/3",ホームページをご覧下さい。,阪急「洛西口駅」から徒歩7分,,無料の駐車場のご用意はございません。駐車の際は、近隣の有料コインパーキングをご利用ください。,,,,,,,,,,,,,,,,,,,,,,,,,,,,,
環境政策局,まち美化推進課,10002136,衣笠馬場町観光トイレ,きぬがさばばちょうかんこうといれ,35.03903015,135.7321446,137,1,多くの観光客等が訪れる場所にある民間トイレ所有者の御協力を得て、観光客や市民の皆様向けに開設されたトイレです。,605-0862,京都市北区衣笠馬場町２６−２,100838p.jpg,,075-222-3953,,https://www.city.kyoto.lg.jp/kankyo/page/0000357027.html,男性用小便器２基、男性用大便器１基、女性用大便器２基,8:30〜16:30,なし,,,,皆様が気持ちよく利用できるよう、マナーを守ってお使いください。 ,,,,,,,,,,,,,,,,,,,,,,,,,,,,,
